pygame 2.6.1 (SDL 2.28.4, Python 3.12.3)
Hello from the pygame community. https://www.pygame.org/contribute.html
[init] base z = 0.390
[INPUT] No Gamepad detected
Unknown tag "{http://www.ros.org/wiki/xacro}arg" in /robot[@name='quins']
Unknown tag "mujoco" in /robot[@name='quins']

qpOASES -- An Implementation of the Online Active Set Strategy.
Copyright (C) 2007-2015 by Hans Joachim Ferreau, Andreas Potschka,
Christian Kirches et al. All rights reserved.

qpOASES is distributed under the terms of the 
GNU Lesser General Public License 2.1 in the hope that it will be 
useful, but WITHOUT ANY WARRANTY; without even the implied warranty 
of MERCHANTABILITY or FITNESS FOR A PARTICULAR PURPOSE. 
See the GNU Lesser General Public License for more details.


qpOASES -- An Implementation of the Online Active Set Strategy.
Copyright (C) 2007-2015 by Hans Joachim Ferreau, Andreas Potschka,
Christian Kirches et al. All rights reserved.

qpOASES is distributed under the terms of the 
GNU Lesser General Public License 2.1 in the hope that it will be 
useful, but WITHOUT ANY WARRANTY; without even the implied warranty 
of MERCHANTABILITY or FITNESS FOR A PARTICULAR PURPOSE. 
See the GNU Lesser General Public License for more details.

t=0.00 TUNING ok=True st=SSSS v=(+0.000,+0.000) cmd=(+0.000,+0.000) z=0.390 yaw=+0.000/+0.000 Fz=100.5 |s|=0.000 frz=0
t=0.50 TUNING ok=True st=SSSS v=(+0.000,+0.000) cmd=(+0.000,+0.000) z=0.388 yaw=+0.000/+0.000 Fz=99.7 |s|=0.026 frz=0
t=1.00 TUNING ok=True st=SSSS v=(-0.000,-0.000) cmd=(+0.000,+0.000) z=0.387 yaw=+0.000/+0.000 Fz=100.0 |s|=0.052 frz=0
t=1.50 WALK   ok=True st=S--S v=(-0.041,-0.031) cmd=(-0.046,-0.000) z=0.414 yaw=-0.017/+0.000 Fz=13.0 |s|=0.878 frz=9
t=2.00 WALK   ok=True st=-SS- v=(-0.651,-0.040) cmd=(-0.235,-0.000) z=0.412 yaw=-0.021/+0.000 Fz=194.1 |s|=2.493 frz=11
t=2.50 WALK   ok=True st=-SS- v=(-1.132,-0.090) cmd=(-0.380,-0.000) z=0.375 yaw=-0.021/+0.000 Fz=7.7 |s|=2.021 frz=11
t=3.00 WALK   ok=True st=S--S v=(-0.375,+0.056) cmd=(-0.380,-0.000) z=0.415 yaw=+0.001/+0.000 Fz=35.5 |s|=1.582 frz=6
t=3.50 WALK   ok=True st=-SS- v=(-0.625,-0.125) cmd=(-0.380,-0.000) z=0.415 yaw=-0.019/+0.000 Fz=125.5 |s|=1.315 frz=8
t=4.00 WALK   ok=True st=-SS- v=(-0.555,+0.142) cmd=(-0.380,-0.000) z=0.429 yaw=+0.047/+0.000 Fz=32.2 |s|=2.147 frz=11
t=4.50 WALK   ok=True st=S--S v=(-0.714,+0.122) cmd=(-0.380,-0.000) z=0.402 yaw=+0.028/+0.000 Fz=192.9 |s|=3.271 frz=11
t=5.00 WALK   ok=True st=S--S v=(-0.414,-0.197) cmd=(-0.380,-0.000) z=0.372 yaw=-0.351/+0.000 Fz=84.2 |s|=6.447 frz=11
t=5.50 WALK   ok=True st=-SS- v=(-0.486,-0.552) cmd=(-0.380,-0.000) z=0.444 yaw=+0.002/+0.000 Fz=114.9 |s|=23.129 frz=11
t=6.00 WALK   ok=True st=S--S v=(-0.113,-0.397) cmd=(-0.380,-0.000) z=0.372 yaw=+0.031/+0.000 Fz=560.0 |s|=64.879 frz=10
t=6.50 WALK   ok=True st=S--S v=(-1.379,+0.294) cmd=(-0.380,-0.000) z=0.264 yaw=+1.205/+0.000 Fz=-0.0 |s|=20.450 frz=11
t=7.00 WALK   ok=True st=-SS- v=(-2.630,+0.137) cmd=(-0.380,-0.000) z=0.558 yaw=+0.898/+0.000 Fz=400.0 |s|=87.645 frz=10
t=7.50 WALK   ok=True st=-SS- v=(-1.610,+0.658) cmd=(-0.380,-0.000) z=0.281 yaw=-4.904/+0.000 Fz=77.8 |s|=19.165 frz=12
t=8.00 WALK   ok=True st=S--S v=(-2.833,+0.937) cmd=(-0.380,-0.000) z=0.486 yaw=-10.506/+0.000 Fz=268.6 |s|=81.395 frz=12
t=8.50 WALK   ok=True st=-SS- v=(-3.552,+0.881) cmd=(-0.380,-0.000) z=0.697 yaw=-13.932/+0.000 Fz=439.3 |s|=56.298 frz=9
t=9.00 WALK   ok=True st=-SS- v=(-3.481,+1.233) cmd=(-0.380,-0.000) z=0.801 yaw=-15.123/+0.000 Fz=0.0 |s|=54.561 frz=12
t=9.50 WALK   ok=True st=S--S v=(-1.496,+1.565) cmd=(-0.380,-0.000) z=0.839 yaw=-8.093/+0.000 Fz=400.0 |s|=64.320 frz=10
WARNING: Nan, Inf or huge value in QACC at DOF 0. The simulation is unstable. Time = 9.9480.

Function solver_qpsol (0x164e3700)
Input 0 (h): sparse: 42-by-42, 348 nnz
 (0, 0) -> 40600
 (1, 0) -> 5.16695e-17
 (2, 0) -> 2.08861e-13
 (3, 0) -> 2.05599e-14
 (4, 0) -> -16470.2
 (5, 0) -> 0.300121
 (6, 0) -> 0.159753
 (7, 0) -> 8177.09
 (8, 0) -> 4580.1
 (9, 0) -> -0.00159753
 (10, 0) -> 81.7709
 (11, 0) -> 45.801
 (12, 0) -> 0.00159763
 (13, 0) -> 81.7708
 (14, 0) -> 45.8009
 (15, 0) -> -0.159763
 (16, 0) -> 8177.08
 (17, 0) -> 4580.09
 (0, 1) -> 5.16695e-17
 (1, 1) -> 40600
 (2, 1) -> 3.43471e-14
 (3, 1) -> 16470.2
 (4, 1) -> 4.94151e-15
 (5, 1) -> 1847.86
 (6, 1) -> 8153.63
 (7, 1) -> -4.71061
 (8, 1) -> -4.74782
 (9, 1) -> 81.5363
 (10, 1) -> 0.0471061
 (11, 1) -> 0.0474782
 (12, 1) -> 81.5345
 (13, 1) -> -0.047449
 (14, 1) -> -0.0478242
 (15, 1) -> 8153.45
 (16, 1) -> 4.7449
 (17, 1) -> 4.78242
 (0, 2) -> 2.08861e-13
 (1, 2) -> 3.43471e-14
 (2, 2) -> 40600
 (3, 2) -> -0.300121
 (4, 2) -> -1847.86
 (5, 2) -> -6.03975e-14
 (6, 2) -> 4572.04
 (7, 2) -> 914.742
 (8, 2) -> 922.095
 (9, 2) -> -45.7204
 (10, 2) -> 9.14742
 (11, 2) -> 9.22095
 (12, 2) -> 45.7234
 (13, 2) -> 9.14792
 (14, 2) -> 9.22154
 (15, 2) -> -4572.34
 (16, 2) -> 914.792
 (17, 2) -> 922.154
 (0, 3) -> 2.05599e-14
 (1, 3) -> 16470.2
 (2, 3) -> -0.300121
 (3, 3) -> 10279.7
 (4, 3) -> 2400.1
 (5, 3) -> 753.355
 (6, 3) -> 4643.54
 (7, 3) -> 262.076
 (8, 3) -> 264.183
 (9, 3) -> 46.4354
 (10, 3) -> -2.62076
 (11, 3) -> -2.64183
 (12, 3) -> 46.4367
 (13, 3) -> 2.6209
 (14, 3) -> 2.642
 (15, 3) -> 4643.67
 (16, 3) -> -262.09
 (17, 3) -> -264.2
 (0, 4) -> -16470.2
 (1, 4) -> 4.94151e-15
 (2, 4) -> -1847.86
 (3, 4) -> 2400.1
 (4, 4) -> 8780.74
 (5, 4) -> -0.154226
 (6, 4) -> 750.948
 (7, 4) -> -3183.35
 (8, 4) -> -1715.73
 (9, 4) -> -7.50948
 (10, 4) -> -31.8335
 (11, 4) -> -17.1573
 (12, 4) -> -11.694
 (13, 4) -> -35.6759
 (14, 4) -> -21.0305
 (15, 4) -> 1169.4
 (16, 4) -> -3567.59
 (17, 4) -> -2103.05
 (0, 5) -> 0.300121
 (1, 5) -> 1847.86
 (2, 5) -> -6.03975e-14
 (3, 5) -> 753.355
 (4, 5) -> -0.154226
 (5, 5) -> 5431.31
 (6, 5) -> -1339.38
 (7, 5) -> -2359.15
 (8, 5) -> -1321.05
 (9, 5) -> -13.3938
 (10, 5) -> 23.5915
 (11, 5) -> 13.2105
 (12, 5) -> 20.8512
 (13, 5) -> -23.6126
 (14, 5) -> -13.2311
 (15, 5) -> 2085.12
 (16, 5) -> 2361.26
 (17, 5) -> 1323.11
 (0, 6) -> 0.159753
 (1, 6) -> 8153.63
 (2, 6) -> 4572.04
 (3, 6) -> 4643.54
 (4, 6) -> 750.948
 (5, 6) -> -1339.38
 (6, 6) -> 4371.26
 (7, 6) -> 207.257
 (8, 6) -> 208.894
 (9, 6) -> 0
 (10, 6) -> 0
 (11, 6) -> 0
 (12, 6) -> 0
 (13, 6) -> 0
 (14, 6) -> 0
 (15, 6) -> 0
 (16, 6) -> 0
 (17, 6) -> 0
 (0, 7) -> 8177.09
 (1, 7) -> -4.71061
 (2, 7) -> 914.742
 (3, 7) -> 262.076
 (4, 7) -> -3183.35
 (5, 7) -> -2359.15
 (6, 7) -> 207.257
 (7, 7) -> 3387.08
 (8, 7) -> 1914.77
 (9, 7) -> 0
 (10, 7) -> 0
 (11, 7) -> 0
 (12, 7) -> 0
 (13, 7) -> 0
 (14, 7) -> 0
 (15, 7) -> 0
 (16, 7) -> 0
 (17, 7) -> 0
 (0, 8) -> 4580.1
 (1, 8) -> -4.74782
 (2, 8) -> 922.095
 (3, 8) -> 264.183
 (4, 8) -> -1715.73
 (5, 8) -> -1321.05
 (6, 8) -> 208.894
 (7, 8) -> 1914.77
 (8, 8) -> 1093.38
 (9, 8) -> 0
 (10, 8) -> 0
 (11, 8) -> 0
 (12, 8) -> 0
 (13, 8) -> 0
 (14, 8) -> 0
 (15, 8) -> 0
 (16, 8) -> 0
 (17, 8) -> 0
 (0, 9) -> -0.00159753
 (1, 9) -> 81.5363
 (2, 9) -> -45.7204
 (3, 9) -> 46.4354
 (4, 9) -> -7.50948
 (5, 9) -> -13.3938
 (6, 9) -> 0
 (7, 9) -> 0
 (8, 9) -> 0
 (9, 9) -> 45.6926
 (10, 9) -> -2.07257
 (11, 9) -> -2.08894
 (12, 9) -> 0
 (13, 9) -> 0
 (14, 9) -> 0
 (15, 9) -> 0
 (16, 9) -> 0
 (17, 9) -> 0
 (0, 10) -> 81.7709
 (1, 10) -> 0.0471061
 (2, 10) -> 9.14742
 (3, 10) -> -2.62076
 (4, 10) -> -31.8335
 (5, 10) -> 23.5915
 (6, 10) -> 0
 (7, 10) -> 0
 (8, 10) -> 0
 (9, 10) -> -2.07257
 (10, 10) -> 35.8508
 (11, 10) -> 19.1477
 (12, 10) -> 0
 (13, 10) -> 0
 (14, 10) -> 0
 (15, 10) -> 0
 (16, 10) -> 0
 (17, 10) -> 0
 (0, 11) -> 45.801
 (1, 11) -> 0.0474782
 (2, 11) -> 9.22095
 (3, 11) -> -2.64183
 (4, 11) -> -17.1573
 (5, 11) -> 13.2105
 (6, 11) -> 0
 (7, 11) -> 0
 (8, 11) -> 0
 (9, 11) -> -2.08894
 (10, 11) -> 19.1477
 (11, 11) -> 12.9138
 (12, 11) -> 0
 (13, 11) -> 0
 (14, 11) -> 0
 (15, 11) -> 0
 (16, 11) -> 0
 (17, 11) -> 0
 (0, 12) -> 0.00159763
 (1, 12) -> 81.5345
 (2, 12) -> 45.7234
 (3, 12) -> 46.4367
 (4, 12) -> -11.694
 (5, 12) -> 20.8512
 (6, 12) -> 0
 (7, 12) -> 0
 (8, 12) -> 0
 (9, 12) -> 0
 (10, 12) -> 0
 (11, 12) -> 0
 (12, 12) -> 45.6925
 (13, 12) -> 2.07268
 (14, 12) -> 2.08907
 (15, 12) -> 0
 (16, 12) -> 0
 (17, 12) -> 0
 (0, 13) -> 81.7708
 (1, 13) -> -0.047449
 (2, 13) -> 9.14792
 (3, 13) -> 2.6209
 (4, 13) -> -35.6759
 (5, 13) -> -23.6126
 (6, 13) -> 0
 (7, 13) -> 0
 (8, 13) -> 0
 (9, 13) -> 0
 (10, 13) -> 0
 (11, 13) -> 0
 (12, 13) -> 2.07268
 (13, 13) -> 35.8508
 (14, 13) -> 19.1477
 (15, 13) -> 0
 (16, 13) -> 0
 (17, 13) -> 0
 (0, 14) -> 45.8009
 (1, 14) -> -0.0478242
 (2, 14) -> 9.22154
 (3, 14) -> 2.642
 (4, 14) -> -21.0305
 (5, 14) -> -13.2311
 (6, 14) -> 0
 (7, 14) -> 0
 (8, 14) -> 0
 (9, 14) -> 0
 (10, 14) -> 0
 (11, 14) -> 0
 (12, 14) -> 2.08907
 (13, 14) -> 19.1477
 (14, 14) -> 12.9138
 (15, 14) -> 0
 (16, 14) -> 0
 (17, 14) -> 0
 (0, 15) -> -0.159763
 (1, 15) -> 8153.45
 (2, 15) -> -4572.34
 (3, 15) -> 4643.67
 (4, 15) -> 1169.4
 (5, 15) -> 2085.12
 (6, 15) -> 0
 (7, 15) -> 0
 (8, 15) -> 0
 (9, 15) -> 0
 (10, 15) -> 0
 (11, 15) -> 0
 (12, 15) -> 0
 (13, 15) -> 0
 (14, 15) -> 0
 (15, 15) -> 4371.25
 (16, 15) -> -207.268
 (17, 15) -> -208.907
 (0, 16) -> 8177.08
 (1, 16) -> 4.7449
 (2, 16) -> 914.792
 (3, 16) -> -262.09
 (4, 16) -> -3567.59
 (5, 16) -> 2361.26
 (6, 16) -> 0
 (7, 16) -> 0
 (8, 16) -> 0
 (9, 16) -> 0
 (10, 16) -> 0
 (11, 16) -> 0
 (12, 16) -> 0
 (13, 16) -> 0
 (14, 16) -> 0
 (15, 16) -> -207.268
 (16, 16) -> 3387.08
 (17, 16) -> 1914.77
 (0, 17) -> 4580.09
 (1, 17) -> 4.78242
 (2, 17) -> 922.154
 (3, 17) -> -264.2
 (4, 17) -> -2103.05
 (5, 17) -> 1323.11
 (6, 17) -> 0
 (7, 17) -> 0
 (8, 17) -> 0
 (9, 17) -> 0
 (10, 17) -> 0
 (11, 17) -> 0
 (12, 17) -> 0
 (13, 17) -> 0
 (14, 17) -> 0
 (15, 17) -> -208.907
 (16, 17) -> 1914.77
 (17, 17) -> 1093.38
 (18, 18) -> 0.0002
 (19, 19) -> 0.0002
 (20, 20) -> 0.0002
 (21, 21) -> 0.0002
 (22, 22) -> 0.0002
 (23, 23) -> 0.0002
 (24, 24) -> 0.0002
 (25, 25) -> 0.0002
 (26, 26) -> 0.0002
 (27, 27) -> 0.0002
 (28, 28) -> 0.0002
 (29, 29) -> 0.0002
 (30, 30) -> 0.0002
 (31, 31) -> 0.0002
 (32, 32) -> 0.0002
 (33, 33) -> 0.0002
 (34, 34) -> 0.0002
 (35, 35) -> 0.0002
 (36, 36) -> 0.0002
 (37, 37) -> 0.0002
 (38, 38) -> 0.0002
 (39, 39) -> 0.0002
 (40, 40) -> 0.0002
 (41, 41) -> 0.0002
Input 1 (g): [-9.52959e+10, 4.95105e+10, 2.85457e+09, 2.01888e+10, 3.87292e+10, 2.26886e+09, 495308, 468639, 295683, 9.81324e+09, -1.94192e+10, -1.08493e+10, 1.03724e+10, -1.9432e+10, -1.08616e+10, -496275, 468798, 295784, -0, -0, -0.0100513, -0, -0, -0, -0, -0, -0, -0, -0, -0.0100513, 0, 0, 0, 0, 0, 0, 0, 0, 0, 0, 0, 0]
Input 2 (a): sparse: 54-by-42, 604 nnz
 (0, 0) -> 10.246
 (1, 0) -> 2.31322e-21
 (2, 0) -> 3.90313e-18
 (3, 0) -> 1.9082e-19
 (4, 0) -> -0.656189
 (5, 0) -> 1.38986e-17
 (6, 0) -> 5.97588e-06
 (7, 0) -> 0.164929
 (8, 0) -> 0.0369858
 (9, 0) -> -5.97588e-06
 (10, 0) -> 0.164929
 (11, 0) -> 0.0369858
 (12, 0) -> 5.97609e-06
 (13, 0) -> 0.164929
 (14, 0) -> 0.0369857
 (15, 0) -> -5.97609e-06
 (16, 0) -> 0.164929
 (17, 0) -> 0.0369857
 (0, 1) -> -2.31322e-21
 (1, 1) -> 10.246
 (2, 1) -> 8.08269e-26
 (3, 1) -> 0.656189
 (4, 1) -> 4.33681e-19
 (5, 1) -> 0.0287385
 (6, 1) -> 0.16405
 (7, 1) -> -3.70154e-05
 (8, 1) -> -3.83389e-05
 (9, 1) -> 0.16405
 (10, 1) -> 3.70154e-05
 (11, 1) -> 3.83389e-05
 (12, 1) -> 0.164044
 (13, 1) -> -3.72836e-05
 (14, 1) -> -3.86183e-05
 (15, 1) -> 0.164044
 (16, 1) -> 3.72836e-05
 (17, 1) -> 3.86183e-05
 (0, 2) -> -3.90313e-18
 (1, 2) -> -8.08267e-26
 (2, 2) -> 10.246
 (3, 2) -> -1.38986e-17
 (4, 2) -> -0.0287385
 (5, 2) -> 2.3297e-28
 (6, 2) -> 0.171027
 (7, 2) -> 0.00718441
 (8, 2) -> 0.00744596
 (9, 2) -> -0.171027
 (10, 2) -> 0.00718441
 (11, 2) -> 0.00744596
 (12, 2) -> 0.171033
 (13, 2) -> 0.00718457
 (14, 2) -> 0.00744644
 (15, 2) -> -0.171033
 (16, 2) -> 0.00718457
 (17, 2) -> 0.00744644
 (0, 3) -> 2.79601e-20
 (1, 3) -> 0.656189
 (2, 3) -> 4.16126e-17
 (3, 3) -> 0.379864
 (4, 3) -> 1.59835e-19
 (5, 3) -> 0.00891831
 (6, 3) -> 0.0761503
 (7, 3) -> 0.00199123
 (8, 3) -> 0.00204857
 (9, 3) -> 0.0761503
 (10, 3) -> -0.00199123
 (11, 3) -> -0.00204857
 (12, 3) -> 0.076153
 (13, 3) -> 0.00199129
 (14, 3) -> 0.0020487
 (15, 3) -> 0.076153
 (16, 3) -> -0.00199129
 (17, 3) -> -0.0020487
 (0, 4) -> -0.656189
 (1, 4) -> 4.33681e-19
 (2, 4) -> -0.0287385
 (3, 4) -> 7.09873e-18
 (4, 4) -> 0.472268
 (5, 4) -> 1.47836e-18
 (6, 4) -> 0.0340647
 (7, 4) -> -0.0365769
 (8, 4) -> -0.0111106
 (9, 4) -> -0.0340647
 (10, 4) -> -0.0365769
 (11, 4) -> -0.0111106
 (12, 4) -> -0.0372114
 (13, 4) -> -0.0395957
 (14, 4) -> -0.0142382
 (15, 4) -> 0.0372114
 (16, 4) -> -0.0395957
 (17, 4) -> -0.0142382
 (0, 5) -> 1.38986e-17
 (1, 5) -> 0.0287385
 (2, 5) -> 2.14901e-19
 (3, 5) -> 0.00891831
 (4, 5) -> 1.4786e-18
 (5, 5) -> 0.541898
 (6, 5) -> -0.0322258
 (7, 5) -> -0.0384119
 (8, 5) -> -0.0102329
 (9, 5) -> -0.0322258
 (10, 5) -> 0.0384119
 (11, 5) -> 0.0102329
 (12, 5) -> 0.0366768
 (13, 5) -> -0.0384289
 (14, 5) -> -0.0102495
 (15, 5) -> 0.0366768
 (16, 5) -> 0.0384289
 (17, 5) -> 0.0102495
 (0, 6) -> 5.97588e-06
 (1, 6) -> 0.16405
 (2, 6) -> 0.171027
 (3, 6) -> 0.0761503
 (4, 6) -> 0.0340647
 (5, 6) -> -0.0322258
 (6, 6) -> 0.0658898
 (7, 6) -> 0.00156116
 (8, 6) -> 0.00160209
 (9, 6) -> 0
 (10, 6) -> 0
 (11, 6) -> 0
 (12, 6) -> 0
 (13, 6) -> 0
 (14, 6) -> 0
 (15, 6) -> 0
 (16, 6) -> 0
 (17, 6) -> 0
 (0, 7) -> 0.164929
 (1, 7) -> -3.70154e-05
 (2, 7) -> 0.00718441
 (3, 7) -> 0.00199123
 (4, 7) -> -0.0365769
 (5, 7) -> -0.0384119
 (6, 7) -> 0.00156116
 (7, 7) -> 0.0382332
 (8, 7) -> 0.0127156
 (9, 7) -> 0
 (10, 7) -> 0
 (11, 7) -> 0
 (12, 7) -> 0
 (13, 7) -> 0
 (14, 7) -> 0
 (15, 7) -> 0
 (16, 7) -> 0
 (17, 7) -> 0
 (0, 8) -> 0.0369858
 (1, 8) -> -3.83389e-05
 (2, 8) -> 0.00744596
 (3, 8) -> 0.00204857
 (4, 8) -> -0.0111106
 (5, 8) -> -0.0102329
 (6, 8) -> 0.00160209
 (7, 8) -> 0.0127156
 (8, 8) -> 0.00606647
 (9, 8) -> 0
 (10, 8) -> 0
 (11, 8) -> 0
 (12, 8) -> 0
 (13, 8) -> 0
 (14, 8) -> 0
 (15, 8) -> 0
 (16, 8) -> 0
 (17, 8) -> 0
 (0, 9) -> -5.97588e-06
 (1, 9) -> 0.16405
 (2, 9) -> -0.171027
 (3, 9) -> 0.0761503
 (4, 9) -> -0.0340647
 (5, 9) -> -0.0322258
 (6, 9) -> 0
 (7, 9) -> 0
 (8, 9) -> 0
 (9, 9) -> 0.0658898
 (10, 9) -> -0.00156116
 (11, 9) -> -0.00160209
 (12, 9) -> 0
 (13, 9) -> 0
 (14, 9) -> 0
 (15, 9) -> 0
 (16, 9) -> 0
 (17, 9) -> 0
 (0, 10) -> 0.164929
 (1, 10) -> 3.70154e-05
 (2, 10) -> 0.00718441
 (3, 10) -> -0.00199123
 (4, 10) -> -0.0365769
 (5, 10) -> 0.0384119
 (6, 10) -> 0
 (7, 10) -> 0
 (8, 10) -> 0
 (9, 10) -> -0.00156116
 (10, 10) -> 0.0382332
 (11, 10) -> 0.0127156
 (12, 10) -> 0
 (13, 10) -> 0
 (14, 10) -> 0
 (15, 10) -> 0
 (16, 10) -> 0
 (17, 10) -> 0
 (0, 11) -> 0.0369858
 (1, 11) -> 3.83389e-05
 (2, 11) -> 0.00744596
 (3, 11) -> -0.00204857
 (4, 11) -> -0.0111106
 (5, 11) -> 0.0102329
 (6, 11) -> 0
 (7, 11) -> 0
 (8, 11) -> 0
 (9, 11) -> -0.00160209
 (10, 11) -> 0.0127156
 (11, 11) -> 0.00606647
 (12, 11) -> 0
 (13, 11) -> 0
 (14, 11) -> 0
 (15, 11) -> 0
 (16, 11) -> 0
 (17, 11) -> 0
 (0, 12) -> 5.97609e-06
 (1, 12) -> 0.164044
 (2, 12) -> 0.171033
 (3, 12) -> 0.076153
 (4, 12) -> -0.0372114
 (5, 12) -> 0.0366768
 (6, 12) -> 0
 (7, 12) -> 0
 (8, 12) -> 0
 (9, 12) -> 0
 (10, 12) -> 0
 (11, 12) -> 0
 (12, 12) -> 0.0658897
 (13, 12) -> 0.00156121
 (14, 12) -> 0.00160219
 (15, 12) -> 0
 (16, 12) -> 0
 (17, 12) -> 0
 (0, 13) -> 0.164929
 (1, 13) -> -3.72836e-05
 (2, 13) -> 0.00718457
 (3, 13) -> 0.00199129
 (4, 13) -> -0.0395957
 (5, 13) -> -0.0384289
 (6, 13) -> 0
 (7, 13) -> 0
 (8, 13) -> 0
 (9, 13) -> 0
 (10, 13) -> 0
 (11, 13) -> 0
 (12, 13) -> 0.00156121
 (13, 13) -> 0.0382331
 (14, 13) -> 0.0127156
 (15, 13) -> 0
 (16, 13) -> 0
 (17, 13) -> 0
 (0, 14) -> 0.0369857
 (1, 14) -> -3.86183e-05
 (2, 14) -> 0.00744644
 (3, 14) -> 0.0020487
 (4, 14) -> -0.0142382
 (5, 14) -> -0.0102495
 (6, 14) -> 0
 (7, 14) -> 0
 (8, 14) -> 0
 (9, 14) -> 0
 (10, 14) -> 0
 (11, 14) -> 0
 (12, 14) -> 0.00160219
 (13, 14) -> 0.0127156
 (14, 14) -> 0.00606647
 (15, 14) -> 0
 (16, 14) -> 0
 (17, 14) -> 0
 (0, 15) -> -5.97609e-06
 (1, 15) -> 0.164044
 (2, 15) -> -0.171033
 (3, 15) -> 0.076153
 (4, 15) -> 0.0372114
 (5, 15) -> 0.0366768
 (6, 15) -> 0
 (7, 15) -> 0
 (8, 15) -> 0
 (9, 15) -> 0
 (10, 15) -> 0
 (11, 15) -> 0
 (12, 15) -> 0
 (13, 15) -> 0
 (14, 15) -> 0
 (15, 15) -> 0.0658897
 (16, 15) -> -0.00156121
 (17, 15) -> -0.00160219
 (0, 16) -> 0.164929
 (1, 16) -> 3.72836e-05
 (2, 16) -> 0.00718457
 (3, 16) -> -0.00199129
 (4, 16) -> -0.0395957
 (5, 16) -> 0.0384289
 (6, 16) -> 0
 (7, 16) -> 0
 (8, 16) -> 0
 (9, 16) -> 0
 (10, 16) -> 0
 (11, 16) -> 0
 (12, 16) -> 0
 (13, 16) -> 0
 (14, 16) -> 0
 (15, 16) -> -0.00156121
 (16, 16) -> 0.0382331
 (17, 16) -> 0.0127156
 (0, 17) -> 0.0369857
 (1, 17) -> 3.86183e-05
 (2, 17) -> 0.00744644
 (3, 17) -> -0.0020487
 (4, 17) -> -0.0142382
 (5, 17) -> 0.0102495
 (6, 17) -> 0
 (7, 17) -> 0
 (8, 17) -> 0
 (9, 17) -> 0
 (10, 17) -> 0
 (11, 17) -> 0
 (12, 17) -> 0
 (13, 17) -> 0
 (14, 17) -> 0
 (15, 17) -> -0.00160219
 (16, 17) -> 0.0127156
 (17, 17) -> 0.00606647
 (0, 18) -> -1
 (1, 18) -> 9.41343e-21
 (2, 18) -> -7.02699e-18
 (3, 18) -> -5.6243e-19
 (4, 18) -> 0.407676
 (5, 18) -> 0.288602
 (6, 18) -> -7.98763e-06
 (7, 18) -> -0.408855
 (8, 18) -> -0.229005
 (9, 18) -> -0
 (10, 18) -> -0
 (11, 18) -> -0
 (12, 18) -> -0
 (13, 18) -> -0
 (14, 18) -> -0
 (15, 18) -> -0
 (16, 18) -> -0
 (17, 18) -> -0
 (32, 18) -> 1
 (33, 18) -> -1
 (0, 19) -> 1.6934e-20
 (1, 19) -> -1
 (2, 19) -> -4.89436e-19
 (3, 19) -> -0.407676
 (4, 19) -> -8.31798e-21
 (5, 19) -> 0.164262
 (6, 19) -> -0.407682
 (7, 19) -> 0.000235531
 (8, 19) -> 0.000237391
 (9, 19) -> -0
 (10, 19) -> -0
 (11, 19) -> -0
 (12, 19) -> -0
 (13, 19) -> -0
 (14, 19) -> -0
 (15, 19) -> -0
 (16, 19) -> -0
 (17, 19) -> -0
 (34, 19) -> 1
 (35, 19) -> -1
 (0, 20) -> -3.37458e-18
 (1, 20) -> -1.24528e-18
 (2, 20) -> -1
 (3, 20) -> -0.288602
 (4, 20) -> -0.164262
 (5, 20) -> 2.17857e-18
 (6, 20) -> -0.228602
 (7, 20) -> -0.0457371
 (8, 20) -> -0.0461048
 (9, 20) -> -0
 (10, 20) -> -0
 (11, 20) -> -0
 (12, 20) -> -0
 (13, 20) -> -0
 (14, 20) -> -0
 (15, 20) -> -0
 (16, 20) -> -0
 (17, 20) -> -0
 (30, 20) -> -1
 (31, 20) -> 1
 (32, 20) -> -0.6
 (33, 20) -> -0.6
 (34, 20) -> -0.6
 (35, 20) -> -0.6
 (0, 21) -> -1
 (1, 21) -> -1.76916e-20
 (2, 21) -> -7.02699e-18
 (3, 21) -> 3.04932e-19
 (4, 21) -> 0.407676
 (5, 21) -> -0.288602
 (6, 21) -> -0
 (7, 21) -> -0
 (8, 21) -> -0
 (9, 21) -> 7.98763e-06
 (10, 21) -> -0.408855
 (11, 21) -> -0.229005
 (12, 21) -> -0
 (13, 21) -> -0
 (14, 21) -> -0
 (15, 21) -> -0
 (16, 21) -> -0
 (17, 21) -> -0
 (38, 21) -> 1
 (39, 21) -> -1
 (0, 22) -> -6.43206e-20
 (1, 22) -> -1
 (2, 22) -> 1.24529e-18
 (3, 22) -> -0.407676
 (4, 22) -> 2.08522e-19
 (5, 22) -> 0.164262
 (6, 22) -> -0
 (7, 22) -> -0
 (8, 22) -> -0
 (9, 22) -> -0.407682
 (10, 22) -> -0.000235531
 (11, 22) -> -0.000237391
 (12, 22) -> -0
 (13, 22) -> -0
 (14, 22) -> -0
 (15, 22) -> -0
 (16, 22) -> -0
 (17, 22) -> -0
 (40, 22) -> 1
 (41, 22) -> -1
 (0, 23) -> -3.37458e-18
 (1, 23) -> 4.89446e-19
 (2, 23) -> -1
 (3, 23) -> 0.288602
 (4, 23) -> -0.164262
 (5, 23) -> -4.21822e-19
 (6, 23) -> -0
 (7, 23) -> -0
 (8, 23) -> -0
 (9, 23) -> 0.228602
 (10, 23) -> -0.0457371
 (11, 23) -> -0.0461048
 (12, 23) -> -0
 (13, 23) -> -0
 (14, 23) -> -0
 (15, 23) -> -0
 (16, 23) -> -0
 (17, 23) -> -0
 (36, 23) -> -1
 (37, 23) -> 1
 (38, 23) -> -0.6
 (39, 23) -> -0.6
 (40, 23) -> -0.6
 (41, 23) -> -0.6
 (0, 24) -> -1
 (1, 24) -> -1.76916e-20
 (2, 24) -> 3.37458e-18
 (3, 24) -> 9.14796e-20
 (4, 24) -> 0.407681
 (5, 24) -> 0.288617
 (6, 24) -> -0
 (7, 24) -> -0
 (8, 24) -> -0
 (9, 24) -> -0
 (10, 24) -> -0
 (11, 24) -> -0
 (12, 24) -> -7.98816e-06
 (13, 24) -> -0.408854
 (14, 24) -> -0.229004
 (15, 24) -> -0
 (16, 24) -> -0
 (17, 24) -> -0
 (44, 24) -> 1
 (45, 24) -> -1
 (0, 25) -> -1.01408e-20
 (1, 25) -> -1
 (2, 25) -> 3.77927e-19
 (3, 25) -> -0.407681
 (4, 25) -> 8.87745e-20
 (5, 25) -> -0.25574
 (6, 25) -> -0
 (7, 25) -> -0
 (8, 25) -> -0
 (9, 25) -> -0
 (10, 25) -> -0
 (11, 25) -> -0
 (12, 25) -> -0.407673
 (13, 25) -> 0.000237245
 (14, 25) -> 0.000239121
 (15, 25) -> -0
 (16, 25) -> -0
 (17, 25) -> -0
 (46, 25) -> 1
 (47, 25) -> -1
 (0, 26) -> 3.55754e-18
 (1, 26) -> -3.77915e-19
 (2, 26) -> -1
 (3, 26) -> -0.288617
 (4, 26) -> 0.25574
 (5, 26) -> -0
 (6, 26) -> -0
 (7, 26) -> -0
 (8, 26) -> -0
 (9, 26) -> -0
 (10, 26) -> -0
 (11, 26) -> -0
 (12, 26) -> -0.228617
 (13, 26) -> -0.0457396
 (14, 26) -> -0.0461077
 (15, 26) -> -0
 (16, 26) -> -0
 (17, 26) -> -0
 (42, 26) -> -1
 (43, 26) -> 1
 (44, 26) -> -0.6
 (45, 26) -> -0.6
 (46, 26) -> -0.6
 (47, 26) -> -0.6
 (0, 27) -> -1
 (1, 27) -> 9.41343e-21
 (2, 27) -> -9.48677e-20
 (3, 27) -> 5.18384e-19
 (4, 27) -> 0.407681
 (5, 27) -> -0.288617
 (6, 27) -> -0
 (7, 27) -> -0
 (8, 27) -> -0
 (9, 27) -> -0
 (10, 27) -> -0
 (11, 27) -> -0
 (12, 27) -> -0
 (13, 27) -> -0
 (14, 27) -> -0
 (15, 27) -> 7.98816e-06
 (16, 27) -> -0.408854
 (17, 27) -> -0.229004
 (50, 27) -> 1
 (51, 27) -> -1
 (0, 28) -> -3.72458e-20
 (1, 28) -> -1
 (2, 28) -> 3.77928e-19
 (3, 28) -> -0.407681
 (4, 28) -> -1.28066e-19
 (5, 28) -> -0.25574
 (6, 28) -> -0
 (7, 28) -> -0
 (8, 28) -> -0
 (9, 28) -> -0
 (10, 28) -> -0
 (11, 28) -> -0
 (12, 28) -> -0
 (13, 28) -> -0
 (14, 28) -> -0
 (15, 28) -> -0.407673
 (16, 28) -> -0.000237245
 (17, 28) -> -0.000239121
 (52, 28) -> 1
 (53, 28) -> -1
 (0, 29) -> 8.80914e-20
 (1, 29) -> -3.77915e-19
 (2, 29) -> -1
 (3, 29) -> 0.288617
 (4, 29) -> 0.25574
 (5, 29) -> -1.30104e-18
 (6, 29) -> -0
 (7, 29) -> -0
 (8, 29) -> -0
 (9, 29) -> -0
 (10, 29) -> -0
 (11, 29) -> -0
 (12, 29) -> -0
 (13, 29) -> -0
 (14, 29) -> -0
 (15, 29) -> 0.228617
 (16, 29) -> -0.0457396
 (17, 29) -> -0.0461077
 (48, 29) -> -1
 (49, 29) -> 1
 (50, 29) -> -0.6
 (51, 29) -> -0.6
 (52, 29) -> -0.6
 (53, 29) -> -0.6
 (6, 30) -> -1
 (18, 30) -> 1
 (7, 31) -> -1
 (19, 31) -> 1
 (8, 32) -> -1
 (20, 32) -> 1
 (9, 33) -> -1
 (21, 33) -> 1
 (10, 34) -> -1
 (22, 34) -> 1
 (11, 35) -> -1
 (23, 35) -> 1
 (12, 36) -> -1
 (24, 36) -> 1
 (13, 37) -> -1
 (25, 37) -> 1
 (14, 38) -> -1
 (26, 38) -> 1
 (15, 39) -> -1
 (27, 39) -> 1
 (16, 40) -> -1
 (28, 40) -> 1
 (17, 41) -> -1
 (29, 41) -> 1
Input 3 (lba): [5.20525, 1.00921e-14, -131.55, -8.88025e-16, -0.584908, -8.7575e-16, -4.23502, 0.652218, -7.24947, 4.23502, 0.652218, -7.24947, -4.24457, 0.652879, -7.25356, 4.24457, 0.652879, -7.25356, -100, -100, -100, -100, -100, -100, -100, -100, -100, -100, -100, -100, -inf, -inf, -inf, -inf, -inf, -inf, -inf, -inf, -inf, -inf, -inf, -inf, -inf, -inf, -inf, -inf, -inf, -inf, -inf, -inf, -inf, -inf, -inf, -inf]
Input 4 (uba): [5.20525, 1.00921e-14, -131.55, -8.88025e-16, -0.584908, -8.7575e-16, -4.23502, 0.652218, -7.24947, 4.23502, 0.652218, -7.24947, -4.24457, 0.652879, -7.25356, 4.24457, 0.652879, -7.25356, 100, 100, 100, 100, 100, 100, 100, 100, 100, 100, 100, 100, 0, 400, 0, 0, 0, 0, 0, 0, 0, 0, 0, 0, 0, 0, 0, 0, 0, 0, 0, 400, 0, 0, 0, 0]
Input 5 (lbx): [-inf, -inf, -inf, -inf, -inf, -inf, -inf, -inf, -inf, -inf, -inf, -inf, -inf, -inf, -inf, -inf, -inf, -inf, -inf, -inf, -inf, -inf, -inf, -inf, -inf, -inf, -inf, -inf, -inf, -inf, -inf, -inf, -inf, -inf, -inf, -inf, -inf, -inf, -inf, -inf, -inf, -inf]
Input 6 (ubx): [inf, inf, inf, inf, inf, inf, inf, inf, inf, inf, inf, inf, inf, inf, inf, inf, inf, inf, inf, inf, inf, inf, inf, inf, inf, inf, inf, inf, inf, inf, inf, inf, inf, inf, inf, inf, inf, inf, inf, inf, inf, inf]
Input 7 (x0): [0, 0, 0, 0, 0, 0, 0, 0, 0, 0, 0, 0, 0, 0, 0, 0, 0, 0, 0, 0, 0, 0, 0, 0, 0, 0, 0, 0, 0, 0, 0, 0, 0, 0, 0, 0, 0, 0, 0, 0, 0, 0]
Input 8 (lam_x0): [0, 0, 0, 0, 0, 0, 0, 0, 0, 0, 0, 0, 0, 0, 0, 0, 0, 0, 0, 0, 0, 0, 0, 0, 0, 0, 0, 0, 0, 0, 0, 0, 0, 0, 0, 0, 0, 0, 0, 0, 0, 0]
Input 9 (lam_a0): [0, 0, 0, 0, 0, 0, 0, 0, 0, 0, 0, 0, 0, 0, 0, 0, 0, 0, 0, 0, 0, 0, 0, 0, 0, 0, 0, 0, 0, 0, 0, 0, 0, 0, 0, 0, 0, 0, 0, 0, 0, 0, 0, 0, 0, 0, 0, 0, 0, 0, 0, 0, 0, 0]
Input 10 (q): 0x42
Input 11 (p): 0x0
Function solver (0x16524590)
Input 0 (x0): [0, 0, 0, 0, 0, 0, 0, 0, 0, 0, 0, 0, 0, 0, 0, 0, 0, 0, 0, 0, 0, 0, 0, 0, 0, 0, 0, 0, 0, 0, 0, 0, 0, 0, 0, 0, 0, 0, 0, 0, 0, 0]
Input 1 (p): [10.246, 2.31322e-21, 3.90313e-18, 1.9082e-19, -0.656189, 1.38986e-17, 5.97588e-06, 0.164929, 0.0369858, -5.97588e-06, 0.164929, 0.0369858, 5.97609e-06, 0.164929, 0.0369857, -5.97609e-06, 0.164929, 0.0369857, -2.31322e-21, 10.246, 8.08269e-26, 0.656189, 4.33681e-19, 0.0287385, 0.16405, -3.70154e-05, -3.83389e-05, 0.16405, 3.70154e-05, 3.83389e-05, 0.164044, -3.72836e-05, -3.86183e-05, 0.164044, 3.72836e-05, 3.86183e-05, -3.90313e-18, -8.08267e-26, 10.246, -1.38986e-17, -0.0287385, 2.3297e-28, 0.171027, 0.00718441, 0.00744596, -0.171027, 0.00718441, 0.00744596, 0.171033, 0.00718457, 0.00744644, -0.171033, 0.00718457, 0.00744644, 2.79601e-20, 0.656189, 4.16126e-17, 0.379864, 1.59835e-19, 0.00891831, 0.0761503, 0.00199123, 0.00204857, 0.0761503, -0.00199123, -0.00204857, 0.076153, 0.00199129, 0.0020487, 0.076153, -0.00199129, -0.0020487, -0.656189, 4.33681e-19, -0.0287385, 7.09873e-18, 0.472268, 1.47836e-18, 0.0340647, -0.0365769, -0.0111106, -0.0340647, -0.0365769, -0.0111106, -0.0372114, -0.0395957, -0.0142382, 0.0372114, -0.0395957, -0.0142382, 1.38986e-17, 0.0287385, 2.14901e-19, 0.00891831, 1.4786e-18, 0.541898, -0.0322258, -0.0384119, -0.0102329, -0.0322258, 0.0384119, 0.0102329, 0.0366768, -0.0384289, -0.0102495, 0.0366768, 0.0384289, 0.0102495, 5.97588e-06, 0.16405, 0.171027, 0.0761503, 0.0340647, -0.0322258, 0.0658898, 0.00156116, 0.00160209, 0, 0, 0, 0, 0, 0, 0, 0, 0, 0.164929, -3.70154e-05, 0.00718441, 0.00199123, -0.0365769, -0.0384119, 0.00156116, 0.0382332, 0.0127156, 0, 0, 0, 0, 0, 0, 0, 0, 0, 0.0369858, -3.83389e-05, 0.00744596, 0.00204857, -0.0111106, -0.0102329, 0.00160209, 0.0127156, 0.00606647, 0, 0, 0, 0, 0, 0, 0, 0, 0, -5.97588e-06, 0.16405, -0.171027, 0.0761503, -0.0340647, -0.0322258, 0, 0, 0, 0.0658898, -0.00156116, -0.00160209, 0, 0, 0, 0, 0, 0, 0.164929, 3.70154e-05, 0.00718441, -0.00199123, -0.0365769, 0.0384119, 0, 0, 0, -0.00156116, 0.0382332, 0.0127156, 0, 0, 0, 0, 0, 0, 0.0369858, 3.83389e-05, 0.00744596, -0.00204857, -0.0111106, 0.0102329, 0, 0, 0, -0.00160209, 0.0127156, 0.00606647, 0, 0, 0, 0, 0, 0, 5.97609e-06, 0.164044, 0.171033, 0.076153, -0.0372114, 0.0366768, 0, 0, 0, 0, 0, 0, 0.0658897, 0.00156121, 0.00160219, 0, 0, 0, 0.164929, -3.72836e-05, 0.00718457, 0.00199129, -0.0395957, -0.0384289, 0, 0, 0, 0, 0, 0, 0.00156121, 0.0382331, 0.0127156, 0, 0, 0, 0.0369857, -3.86183e-05, 0.00744644, 0.0020487, -0.0142382, -0.0102495, 0, 0, 0, 0, 0, 0, 0.00160219, 0.0127156, 0.00606647, 0, 0, 0, -5.97609e-06, 0.164044, -0.171033, 0.076153, 0.0372114, 0.0366768, 0, 0, 0, 0, 0, 0, 0, 0, 0, 0.0658897, -0.00156121, -0.00160219, 0.164929, 3.72836e-05, 0.00718457, -0.00199129, -0.0395957, 0.0384289, 0, 0, 0, 0, 0, 0, 0, 0, 0, -0.00156121, 0.0382331, 0.0127156, 0.0369857, 3.86183e-05, 0.00744644, -0.0020487, -0.0142382, 0.0102495, 0, 0, 0, 0, 0, 0, 0, 0, 0, -0.00160219, 0.0127156, 0.00606647, -5.20525, -1.00921e-14, 131.55, 8.88025e-16, 0.584908, 8.7575e-16, 2.94802, -0.14989, 0.0903127, -2.94802, -0.14989, 0.0903127, 2.94827, -0.149922, 0.0905423, -2.94827, -0.149922, 0.0905423, 1, -1.6934e-20, 3.37458e-18, 1, 6.43206e-20, 3.37458e-18, 1, 1.01408e-20, -3.55754e-18, 1, 3.72458e-20, -8.80914e-20, -9.41343e-21, 1, 1.24528e-18, 1.76916e-20, 1, -4.89446e-19, 1.76916e-20, 1, 3.77915e-19, -9.41343e-21, 1, 3.77915e-19, 7.02699e-18, 4.89436e-19, 1, 7.02699e-18, -1.24529e-18, 1, -3.37458e-18, -3.77927e-19, 1, 9.48677e-20, -3.77928e-19, 1, 5.6243e-19, 0.407676, 0.288602, -3.04932e-19, 0.407676, -0.288602, -9.14796e-20, 0.407681, 0.288617, -5.18384e-19, 0.407681, -0.288617, -0.407676, 8.31798e-21, 0.164262, -0.407676, -2.08522e-19, 0.164262, -0.407681, -8.87745e-20, -0.25574, -0.407681, 1.28066e-19, -0.25574, -0.288602, -0.164262, -2.17857e-18, 0.288602, -0.164262, 4.21822e-19, -0.288617, 0.25574, 0, 0.288617, 0.25574, 1.30104e-18, 7.98763e-06, 0.407682, 0.228602, 0, 0, 0, 0, 0, 0, 0, 0, 0, 0.408855, -0.000235531, 0.0457371, 0, 0, 0, 0, 0, 0, 0, 0, 0, 0.229005, -0.000237391, 0.0461048, 0, 0, 0, 0, 0, 0, 0, 0, 0, 0, 0, 0, -7.98763e-06, 0.407682, -0.228602, 0, 0, 0, 0, 0, 0, 0, 0, 0, 0.408855, 0.000235531, 0.0457371, 0, 0, 0, 0, 0, 0, 0, 0, 0, 0.229005, 0.000237391, 0.0461048, 0, 0, 0, 0, 0, 0, 0, 0, 0, 0, 0, 0, 7.98816e-06, 0.407673, 0.228617, 0, 0, 0, 0, 0, 0, 0, 0, 0, 0.408854, -0.000237245, 0.0457396, 0, 0, 0, 0, 0, 0, 0, 0, 0, 0.229004, -0.000239121, 0.0461077, 0, 0, 0, 0, 0, 0, 0, 0, 0, 0, 0, 0, -7.98816e-06, 0.407673, -0.228617, 0, 0, 0, 0, 0, 0, 0, 0, 0, 0.408854, 0.000237245, 0.0457396, 0, 0, 0, 0, 0, 0, 0, 0, 0, 0.229004, 0.000239121, 0.0461077, -8.12981, -4.88689, 43.3577, -8.12981, 4.88689, 43.3577, -8.13823, -4.93527, 43.4362, -8.13823, 4.93527, 43.4362, -0.0339331, -1.11145e-16, 0.612435, -1.05973e-14, 0.0174706, 1.57738e-16, 2.574, -1.00466, 14.3183, -2.574, -1.00466, 14.3183, 2.5926, -1.00591, 14.326, -2.5926, -1.00591, 14.326, 1, 0, 0, 1, -2839.02, 1376.93, -2.0128e+06, -14227.2, 39690.4, -12678.8, 0, 0, 0, 2.38237e+08, -1.23775e+08, -6.10915e+06, 2.38255e+08, -1.23779e+08, -6.13487e+06, 0, 0, 0, -36.2935, 44.1657, -256.888, 36.2935, 44.1657, -256.888, -36.5556, 44.1834, -256.997, 36.5556, 44.1834, -256.997, 0, 0, 50.2565, 0, 0, 0, 0, 0, 0, 0, 0, 50.2565, 100, 100, 100, 10000, 20, 1, 0.0001, 0.0001]
Input 2 (lbx): [-inf, -inf, -inf, -inf, -inf, -inf, -inf, -inf, -inf, -inf, -inf, -inf, -inf, -inf, -inf, -inf, -inf, -inf, -inf, -inf, -inf, -inf, -inf, -inf, -inf, -inf, -inf, -inf, -inf, -inf, -inf, -inf, -inf, -inf, -inf, -inf, -inf, -inf, -inf, -inf, -inf, -inf]
Input 3 (ubx): [inf, inf, inf, inf, inf, inf, inf, inf, inf, inf, inf, inf, inf, inf, inf, inf, inf, inf, inf, inf, inf, inf, inf, inf, inf, inf, inf, inf, inf, inf, inf, inf, inf, inf, inf, inf, inf, inf, inf, inf, inf, inf]
Input 4 (lbg): [0, 0, 0, 0, 0, 0, 0, 0, 0, 0, 0, 0, 0, 0, 0, 0, 0, 0, -100, -100, -100, -100, -100, -100, -100, -100, -100, -100, -100, -100, -inf, -inf, -inf, -inf, -inf, -inf, -inf, -inf, -inf, -inf, -inf, -inf, -inf, -inf, -inf, -inf, -inf, -inf, -inf, -inf, -inf, -inf, -inf, -inf]
Input 5 (ubg): [0, 0, 0, 0, 0, 0, 0, 0, 0, 0, 0, 0, 0, 0, 0, 0, 0, 0, 100, 100, 100, 100, 100, 100, 100, 100, 100, 100, 100, 100, 0, 0, 0, 0, 0, 0, 0, 0, 0, 0, 0, 0, 0, 0, 0, 0, 0, 0, 0, 0, 0, 0, 0, 0]
Input 6 (lam_x0): [0, 0, 0, 0, 0, 0, 0, 0, 0, 0, 0, 0, 0, 0, 0, 0, 0, 0, 0, 0, 0, 0, 0, 0, 0, 0, 0, 0, 0, 0, 0, 0, 0, 0, 0, 0, 0, 0, 0, 0, 0, 0]
Input 7 (lam_g0): [0, 0, 0, 0, 0, 0, 0, 0, 0, 0, 0, 0, 0, 0, 0, 0, 0, 0, 0, 0, 0, 0, 0, 0, 0, 0, 0, 0, 0, 0, 0, 0, 0, 0, 0, 0, 0, 0, 0, 0, 0, 0, 0, 0, 0, 0, 0, 0, 0, 0, 0, 0, 0, 0]
[wbc] QP failed, reusing last torques: Error in Function::call for 'wbc_qp' [MXFunction] at .../casadi/core/function.cpp:514:
Error in Function::operator() for 'solver' [MXFunction] at .../casadi/core/function.cpp:1736:
Error in Function::operator() for 'solver_qpsol' [QpoasesInterface] at .../casadi/core/function.cpp:1736:
.../casadi/core/conic.cpp:574: conic process failed. Set 'error_on_fail' option to false to ignore this error.
Function solver_qpsol (0x164e3700)
Input 0 (h): sparse: 42-by-42, 348 nnz
 (0, 0) -> 40600
 (1, 0) -> 5.67187e-14
 (2, 0) -> -4.65773e-14
 (3, 0) -> 4.53707e-14
 (4, 0) -> -16326
 (5, 0) -> -81.055
 (6, 0) -> -29.9238
 (7, 0) -> 8177.06
 (8, 0) -> 4580.07
 (9, 0) -> 0.0208134
 (10, 0) -> 81.65
 (11, 0) -> 45.6802
 (12, 0) -> -0.299584
 (13, 0) -> 81.888
 (14, 0) -> 45.9237
 (15, 0) -> 2.14256
 (16, 0) -> 8188.68
 (17, 0) -> 4591.69
 (0, 1) -> 5.67187e-14
 (1, 1) -> 40600
 (2, 1) -> -1.00614e-13
 (3, 1) -> 16326
 (4, 1) -> -1.04234e-14
 (5, 1) -> 1809.09
 (6, 1) -> 8056.97
 (7, 1) -> -10.0703
 (8, 1) -> -16.2796
 (9, 1) -> 81.0311
 (10, 1) -> 0.272543
 (11, 1) -> 0.21479
 (12, 1) -> 80.6537
 (13, 1) -> -0.104511
 (14, 1) -> -0.151648
 (15, 1) -> 8113.4
 (16, 1) -> 28.0789
 (17, 1) -> 22.214
 (0, 2) -> -4.65773e-14
 (1, 2) -> -1.00614e-13
 (2, 2) -> 40600
 (3, 2) -> 81.055
 (4, 2) -> -1809.09
 (5, 2) -> 3.47159e-14
 (6, 2) -> 4745.55
 (7, 2) -> 931.084
 (8, 2) -> 922.109
 (9, 2) -> -46.4559
 (10, 2) -> 9.67908
 (11, 2) -> 9.79968
 (12, 2) -> 47.5149
 (13, 2) -> 9.22683
 (14, 2) -> 8.58787
 (15, 2) -> -4668.63
 (16, 2) -> 859.49
 (17, 2) -> 862.274
 (0, 3) -> 4.53707e-14
 (1, 3) -> 16326
 (2, 3) -> 81.055
 (3, 3) -> 10313.4
 (4, 3) -> 2434.48
 (5, 3) -> 730.567
 (6, 3) -> 4665.72
 (7, 3) -> 272.458
 (8, 3) -> 267.283
 (9, 3) -> 46.405
 (10, 3) -> -2.72125
 (11, 3) -> -2.77992
 (12, 3) -> 46.675
 (13, 3) -> 2.70752
 (14, 3) -> 2.49811
 (15, 3) -> 4646.18
 (16, 3) -> -240.483
 (17, 3) -> -243.668
 (0, 4) -> -16326
 (1, 4) -> -1.04234e-14
 (2, 4) -> -1809.09
 (3, 4) -> 2434.48
 (4, 4) -> 8638.21
 (5, 4) -> 33.252
 (6, 4) -> 790.14
 (7, 4) -> -3152.19
 (8, 4) -> -1699.9
 (9, 4) -> -7.49316
 (10, 4) -> -31.5055
 (11, 4) -> -16.9198
 (12, 4) -> -12.0252
 (13, 4) -> -35.3715
 (14, 4) -> -20.7093
 (15, 4) -> 1182.46
 (16, 4) -> -3526.55
 (17, 4) -> -2073.86
 (0, 5) -> -81.055
 (1, 5) -> 1809.09
 (2, 5) -> 3.47159e-14
 (3, 5) -> 730.567
 (4, 5) -> 33.252
 (5, 5) -> 5556.69
 (6, 5) -> -1312.08
 (7, 5) -> -2426.9
 (8, 5) -> -1357.59
 (9, 5) -> -13.0492
 (10, 5) -> 23.8428
 (11, 5) -> 13.3292
 (12, 5) -> 20.7063
 (13, 5) -> -24.4299
 (14, 5) -> -13.7243
 (15, 5) -> 2057.07
 (16, 5) -> 2406.38
 (17, 5) -> 1350.98
 (0, 6) -> -29.9238
 (1, 6) -> 8056.97
 (2, 6) -> 4745.55
 (3, 6) -> 4665.72
 (4, 6) -> 790.14
 (5, 6) -> -1312.08
 (6, 6) -> 4373.8
 (7, 6) -> 204.634
 (8, 6) -> 205.385
 (9, 6) -> 0
 (10, 6) -> 0
 (11, 6) -> 0
 (12, 6) -> 0
 (13, 6) -> 0
 (14, 6) -> 0
 (15, 6) -> 0
 (16, 6) -> 0
 (17, 6) -> 0
 (0, 7) -> 8177.06
 (1, 7) -> -10.0703
 (2, 7) -> 931.084
 (3, 7) -> 272.458
 (4, 7) -> -3152.19
 (5, 7) -> -2426.9
 (6, 7) -> 204.634
 (7, 7) -> 3388.56
 (8, 7) -> 1915.51
 (9, 7) -> 0
 (10, 7) -> 0
 (11, 7) -> 0
 (12, 7) -> 0
 (13, 7) -> 0
 (14, 7) -> 0
 (15, 7) -> 0
 (16, 7) -> 0
 (17, 7) -> 0
 (0, 8) -> 4580.07
 (1, 8) -> -16.2796
 (2, 8) -> 922.109
 (3, 8) -> 267.283
 (4, 8) -> -1699.9
 (5, 8) -> -1357.59
 (6, 8) -> 205.385
 (7, 8) -> 1915.51
 (8, 8) -> 1093.38
 (9, 8) -> 0
 (10, 8) -> 0
 (11, 8) -> 0
 (12, 8) -> 0
 (13, 8) -> 0
 (14, 8) -> 0
 (15, 8) -> 0
 (16, 8) -> 0
 (17, 8) -> 0
 (0, 9) -> 0.0208134
 (1, 9) -> 81.0311
 (2, 9) -> -46.4559
 (3, 9) -> 46.405
 (4, 9) -> -7.49316
 (5, 9) -> -13.0492
 (6, 9) -> 0
 (7, 9) -> 0
 (8, 9) -> 0
 (9, 9) -> 45.6209
 (10, 9) -> -2.12933
 (11, 9) -> -2.18449
 (12, 9) -> 0
 (13, 9) -> 0
 (14, 9) -> 0
 (15, 9) -> 0
 (16, 9) -> 0
 (17, 9) -> 0
 (0, 10) -> 81.65
 (1, 10) -> 0.272543
 (2, 10) -> 9.67908
 (3, 10) -> -2.72125
 (4, 10) -> -31.5055
 (5, 10) -> 23.8428
 (6, 10) -> 0
 (7, 10) -> 0
 (8, 10) -> 0
 (9, 10) -> -2.12933
 (10, 10) -> 35.8024
 (11, 10) -> 19.1235
 (12, 10) -> 0
 (13, 10) -> 0
 (14, 10) -> 0
 (15, 10) -> 0
 (16, 10) -> 0
 (17, 10) -> 0
 (0, 11) -> 45.6802
 (1, 11) -> 0.21479
 (2, 11) -> 9.79968
 (3, 11) -> -2.77992
 (4, 11) -> -16.9198
 (5, 11) -> 13.3292
 (6, 11) -> 0
 (7, 11) -> 0
 (8, 11) -> 0
 (9, 11) -> -2.18449
 (10, 11) -> 19.1235
 (11, 11) -> 12.9138
 (12, 11) -> 0
 (13, 11) -> 0
 (14, 11) -> 0
 (15, 11) -> 0
 (16, 11) -> 0
 (17, 11) -> 0
 (0, 12) -> -0.299584
 (1, 12) -> 80.6537
 (2, 12) -> 47.5149
 (3, 12) -> 46.675
 (4, 12) -> -12.0252
 (5, 12) -> 20.7063
 (6, 12) -> 0
 (7, 12) -> 0
 (8, 12) -> 0
 (9, 12) -> 0
 (10, 12) -> 0
 (11, 12) -> 0
 (12, 12) -> 45.8139
 (13, 12) -> 2.02725
 (14, 12) -> 1.91031
 (15, 12) -> 0
 (16, 12) -> 0
 (17, 12) -> 0
 (0, 13) -> 81.888
 (1, 13) -> -0.104511
 (2, 13) -> 9.22683
 (3, 13) -> 2.70752
 (4, 13) -> -35.3715
 (5, 13) -> -24.4299
 (6, 13) -> 0
 (7, 13) -> 0
 (8, 13) -> 0
 (9, 13) -> 0
 (10, 13) -> 0
 (11, 13) -> 0
 (12, 13) -> 2.02725
 (13, 13) -> 35.9539
 (14, 13) -> 19.1993
 (15, 13) -> 0
 (16, 13) -> 0
 (17, 13) -> 0
 (0, 14) -> 45.9237
 (1, 14) -> -0.151648
 (2, 14) -> 8.58787
 (3, 14) -> 2.49811
 (4, 14) -> -20.7093
 (5, 14) -> -13.7243
 (6, 14) -> 0
 (7, 14) -> 0
 (8, 14) -> 0
 (9, 14) -> 0
 (10, 14) -> 0
 (11, 14) -> 0
 (12, 14) -> 1.91031
 (13, 14) -> 19.1993
 (14, 14) -> 12.9138
 (15, 14) -> 0
 (16, 14) -> 0
 (17, 14) -> 0
 (0, 15) -> 2.14256
 (1, 15) -> 8113.4
 (2, 15) -> -4668.63
 (3, 15) -> 4646.18
 (4, 15) -> 1182.46
 (5, 15) -> 2057.07
 (6, 15) -> 0
 (7, 15) -> 0
 (8, 15) -> 0
 (9, 15) -> 0
 (10, 15) -> 0
 (11, 15) -> 0
 (12, 15) -> 0
 (13, 15) -> 0
 (14, 15) -> 0
 (15, 15) -> 4383.17
 (16, 15) -> -188.364
 (17, 15) -> -191.779
 (0, 16) -> 8188.68
 (1, 16) -> 28.0789
 (2, 16) -> 859.49
 (3, 16) -> -240.483
 (4, 16) -> -3526.55
 (5, 16) -> 2406.38
 (6, 16) -> 0
 (7, 16) -> 0
 (8, 16) -> 0
 (9, 16) -> 0
 (10, 16) -> 0
 (11, 16) -> 0
 (12, 16) -> 0
 (13, 16) -> 0
 (14, 16) -> 0
 (15, 16) -> -188.364
 (16, 16) -> 3391.7
 (17, 16) -> 1917.08
 (0, 17) -> 4591.69
 (1, 17) -> 22.214
 (2, 17) -> 862.274
 (3, 17) -> -243.668
 (4, 17) -> -2073.86
 (5, 17) -> 1350.98
 (6, 17) -> 0
 (7, 17) -> 0
 (8, 17) -> 0
 (9, 17) -> 0
 (10, 17) -> 0
 (11, 17) -> 0
 (12, 17) -> 0
 (13, 17) -> 0
 (14, 17) -> 0
 (15, 17) -> -191.779
 (16, 17) -> 1917.08
 (17, 17) -> 1093.38
 (18, 18) -> 0.0002
 (19, 19) -> 0.0002
 (20, 20) -> 0.0002
 (21, 21) -> 0.0002
 (22, 22) -> 0.0002
 (23, 23) -> 0.0002
 (24, 24) -> 0.0002
 (25, 25) -> 0.0002
 (26, 26) -> 0.0002
 (27, 27) -> 0.0002
 (28, 28) -> 0.0002
 (29, 29) -> 0.0002
 (30, 30) -> 0.0002
 (31, 31) -> 0.0002
 (32, 32) -> 0.0002
 (33, 33) -> 0.0002
 (34, 34) -> 0.0002
 (35, 35) -> 0.0002
 (36, 36) -> 0.0002
 (37, 37) -> 0.0002
 (38, 38) -> 0.0002
 (39, 39) -> 0.0002
 (40, 40) -> 0.0002
 (41, 41) -> 0.0002
Input 1 (g): [2.21718e+10, -1.14635e+10, -6.72217e+08, -4.63255e+09, -8.93057e+09, -6.03785e+08, 958279, -60923.9, 13604.9, -2.25388e+09, 4.50425e+09, 2.51186e+09, -2.39732e+09, 4.5289e+09, 2.53757e+09, -796334, -169454, -58662.8, -0, -0, -0.0100513, -0, -0, -0, -0, -0, -0, -0, -0, -0.0100513, 0, 0, 0, 0, 0, 0, 0, 0, 0, 0, 0, 0]
Input 2 (a): sparse: 54-by-42, 604 nnz
 (0, 0) -> 10.246
 (1, 0) -> 3.14419e-18
 (2, 0) -> 6.93889e-18
 (3, 0) -> 2.84603e-19
 (4, 0) -> -0.645162
 (5, 0) -> -0.00369833
 (6, 0) -> -0.000869076
 (7, 0) -> 0.164928
 (8, 0) -> 0.0369856
 (9, 0) -> 0.000312933
 (10, 0) -> 0.164831
 (11, 0) -> 0.0368883
 (12, 0) -> -0.000869403
 (13, 0) -> 0.165008
 (14, 0) -> 0.0370849
 (15, 0) -> 0.000314993
 (16, 0) -> 0.165022
 (17, 0) -> 0.0370794
 (0, 1) -> 3.1984e-18
 (1, 1) -> 10.246
 (2, 1) -> -2.77556e-17
 (3, 1) -> 0.645162
 (4, 1) -> -9.21572e-19
 (5, 1) -> 0.0312721
 (6, 1) -> 0.160376
 (7, 1) -> 8.94056e-05
 (8, 1) -> -0.000131456
 (9, 1) -> 0.162421
 (10, 1) -> 0.000378868
 (11, 1) -> 0.000173446
 (12, 1) -> 0.160339
 (13, 1) -> 4.52081e-05
 (14, 1) -> -0.000122453
 (15, 1) -> 0.162128
 (16, 1) -> 0.000387993
 (17, 1) -> 0.000179381
 (0, 2) -> 6.93889e-18
 (1, 2) -> 0
 (2, 2) -> 10.246
 (3, 2) -> 0.00369833
 (4, 2) -> -0.0312721
 (5, 2) -> 1.0842e-18
 (6, 2) -> 0.174498
 (7, 2) -> 0.00776528
 (8, 2) -> 0.00744607
 (9, 2) -> -0.172504
 (10, 2) -> 0.00748434
 (11, 2) -> 0.0079133
 (12, 2) -> 0.174612
 (13, 2) -> 0.00920748
 (14, 2) -> 0.00693472
 (15, 2) -> -0.172961
 (16, 2) -> 0.00686386
 (17, 2) -> 0.00696288
 (0, 3) -> 1.21973e-19
 (1, 3) -> 0.645162
 (2, 3) -> 0.00369833
 (3, 3) -> 0.381165
 (4, 3) -> -0.000688435
 (5, 3) -> 0.0080965
 (6, 3) -> 0.0765424
 (7, 3) -> 0.00218364
 (8, 3) -> 0.00206867
 (9, 3) -> 0.0762403
 (10, 3) -> -0.00202343
 (11, 3) -> -0.00215929
 (12, 3) -> 0.0764971
 (13, 3) -> 0.00247742
 (14, 3) -> 0.00193339
 (15, 3) -> 0.0760296
 (16, 3) -> -0.00183013
 (17, 3) -> -0.0018929
 (0, 4) -> -0.645162
 (1, 4) -> -2.43945e-18
 (2, 4) -> -0.0312721
 (3, 4) -> -0.000688435
 (4, 4) -> 0.469036
 (5, 4) -> 0.000883056
 (6, 4) -> 0.0348821
 (7, 4) -> -0.036087
 (8, 4) -> -0.0109928
 (9, 4) -> -0.0342492
 (10, 4) -> -0.0362144
 (11, 4) -> -0.0109226
 (12, 4) -> -0.0380838
 (13, 4) -> -0.0394644
 (14, 4) -> -0.0139892
 (15, 4) -> 0.0375922
 (16, 4) -> -0.0389853
 (17, 4) -> -0.0140077
 (0, 5) -> -0.00369833
 (1, 5) -> 0.0312721
 (2, 5) -> -1.95156e-18
 (3, 5) -> 0.0080965
 (4, 5) -> 0.000883056
 (5, 5) -> 0.547192
 (6, 5) -> -0.0312446
 (7, 5) -> -0.0391875
 (8, 5) -> -0.0104694
 (9, 5) -> -0.0316441
 (10, 5) -> 0.0387148
 (11, 5) -> 0.010305
 (12, 5) -> 0.0363285
 (13, 5) -> -0.0393282
 (14, 5) -> -0.0105862
 (15, 5) -> 0.0362663
 (16, 5) -> 0.0389176
 (17, 5) -> 0.0104411
 (0, 6) -> -0.000869076
 (1, 6) -> 0.160376
 (2, 6) -> 0.174498
 (3, 6) -> 0.0765424
 (4, 6) -> 0.0348821
 (5, 6) -> -0.0312446
 (6, 6) -> 0.0659052
 (7, 6) -> 0.0015564
 (8, 6) -> 0.00157518
 (9, 6) -> 0
 (10, 6) -> 0
 (11, 6) -> 0
 (12, 6) -> 0
 (13, 6) -> 0
 (14, 6) -> 0
 (15, 6) -> 0
 (16, 6) -> 0
 (17, 6) -> 0
 (0, 7) -> 0.164928
 (1, 7) -> 8.94056e-05
 (2, 7) -> 0.00776528
 (3, 7) -> 0.00218364
 (4, 7) -> -0.036087
 (5, 7) -> -0.0391875
 (6, 7) -> 0.0015564
 (7, 7) -> 0.0382451
 (8, 7) -> 0.0127216
 (9, 7) -> 0
 (10, 7) -> 0
 (11, 7) -> 0
 (12, 7) -> 0
 (13, 7) -> 0
 (14, 7) -> 0
 (15, 7) -> 0
 (16, 7) -> 0
 (17, 7) -> 0
 (0, 8) -> 0.0369856
 (1, 8) -> -0.000131456
 (2, 8) -> 0.00744607
 (3, 8) -> 0.00206867
 (4, 8) -> -0.0109928
 (5, 8) -> -0.0104694
 (6, 8) -> 0.00157518
 (7, 8) -> 0.0127216
 (8, 8) -> 0.00606647
 (9, 8) -> 0
 (10, 8) -> 0
 (11, 8) -> 0
 (12, 8) -> 0
 (13, 8) -> 0
 (14, 8) -> 0
 (15, 8) -> 0
 (16, 8) -> 0
 (17, 8) -> 0
 (0, 9) -> 0.000312933
 (1, 9) -> 0.162421
 (2, 9) -> -0.172504
 (3, 9) -> 0.0762403
 (4, 9) -> -0.0342492
 (5, 9) -> -0.0316441
 (6, 9) -> 0
 (7, 9) -> 0
 (8, 9) -> 0
 (9, 9) -> 0.0658455
 (10, 9) -> -0.00153747
 (11, 9) -> -0.00167538
 (12, 9) -> 0
 (13, 9) -> 0
 (14, 9) -> 0
 (15, 9) -> 0
 (16, 9) -> 0
 (17, 9) -> 0
 (0, 10) -> 0.164831
 (1, 10) -> 0.000378868
 (2, 10) -> 0.00748434
 (3, 10) -> -0.00202343
 (4, 10) -> -0.0362144
 (5, 10) -> 0.0387148
 (6, 10) -> 0
 (7, 10) -> 0
 (8, 10) -> 0
 (9, 10) -> -0.00153747
 (10, 10) -> 0.038194
 (11, 10) -> 0.0126961
 (12, 10) -> 0
 (13, 10) -> 0
 (14, 10) -> 0
 (15, 10) -> 0
 (16, 10) -> 0
 (17, 10) -> 0
 (0, 11) -> 0.0368883
 (1, 11) -> 0.000173446
 (2, 11) -> 0.0079133
 (3, 11) -> -0.00215929
 (4, 11) -> -0.0109226
 (5, 11) -> 0.010305
 (6, 11) -> 0
 (7, 11) -> 0
 (8, 11) -> 0
 (9, 11) -> -0.00167538
 (10, 11) -> 0.0126961
 (11, 11) -> 0.00606647
 (12, 11) -> 0
 (13, 11) -> 0
 (14, 11) -> 0
 (15, 11) -> 0
 (16, 11) -> 0
 (17, 11) -> 0
 (0, 12) -> -0.000869403
 (1, 12) -> 0.160339
 (2, 12) -> 0.174612
 (3, 12) -> 0.0764971
 (4, 12) -> -0.0380838
 (5, 12) -> 0.0363285
 (6, 12) -> 0
 (7, 12) -> 0
 (8, 12) -> 0
 (9, 12) -> 0
 (10, 12) -> 0
 (11, 12) -> 0
 (12, 12) -> 0.0659597
 (13, 12) -> 0.00175748
 (14, 12) -> 0.00146509
 (15, 12) -> 0
 (16, 12) -> 0
 (17, 12) -> 0
 (0, 13) -> 0.165008
 (1, 13) -> 4.52081e-05
 (2, 13) -> 0.00920748
 (3, 13) -> 0.00247742
 (4, 13) -> -0.0394644
 (5, 13) -> -0.0393282
 (6, 13) -> 0
 (7, 13) -> 0
 (8, 13) -> 0
 (9, 13) -> 0
 (10, 13) -> 0
 (11, 13) -> 0
 (12, 13) -> 0.00175748
 (13, 13) -> 0.0383164
 (14, 13) -> 0.0127573
 (15, 13) -> 0
 (16, 13) -> 0
 (17, 13) -> 0
 (0, 14) -> 0.0370849
 (1, 14) -> -0.000122453
 (2, 14) -> 0.00693472
 (3, 14) -> 0.00193339
 (4, 14) -> -0.0139892
 (5, 14) -> -0.0105862
 (6, 14) -> 0
 (7, 14) -> 0
 (8, 14) -> 0
 (9, 14) -> 0
 (10, 14) -> 0
 (11, 14) -> 0
 (12, 14) -> 0.00146509
 (13, 14) -> 0.0127573
 (14, 14) -> 0.00606647
 (15, 14) -> 0
 (16, 14) -> 0
 (17, 14) -> 0
 (0, 15) -> 0.000314993
 (1, 15) -> 0.162128
 (2, 15) -> -0.172961
 (3, 15) -> 0.0760296
 (4, 15) -> 0.0375922
 (5, 15) -> 0.0362663
 (6, 15) -> 0
 (7, 15) -> 0
 (8, 15) -> 0
 (9, 15) -> 0
 (10, 15) -> 0
 (11, 15) -> 0
 (12, 15) -> 0
 (13, 15) -> 0
 (14, 15) -> 0
 (15, 15) -> 0.0659615
 (16, 15) -> -0.00138545
 (17, 15) -> -0.00147082
 (0, 16) -> 0.165022
 (1, 16) -> 0.000387993
 (2, 16) -> 0.00686386
 (3, 16) -> -0.00183013
 (4, 16) -> -0.0389853
 (5, 16) -> 0.0389176
 (6, 16) -> 0
 (7, 16) -> 0
 (8, 16) -> 0
 (9, 16) -> 0
 (10, 16) -> 0
 (11, 16) -> 0
 (12, 16) -> 0
 (13, 16) -> 0
 (14, 16) -> 0
 (15, 16) -> -0.00138545
 (16, 16) -> 0.0382705
 (17, 16) -> 0.0127343
 (0, 17) -> 0.0370794
 (1, 17) -> 0.000179381
 (2, 17) -> 0.00696288
 (3, 17) -> -0.0018929
 (4, 17) -> -0.0140077
 (5, 17) -> 0.0104411
 (6, 17) -> 0
 (7, 17) -> 0
 (8, 17) -> 0
 (9, 17) -> 0
 (10, 17) -> 0
 (11, 17) -> 0
 (12, 17) -> 0
 (13, 17) -> 0
 (14, 17) -> 0
 (15, 17) -> -0.00147082
 (16, 17) -> 0.0127343
 (17, 17) -> 0.00606647
 (0, 18) -> -1
 (1, 18) -> -8.80914e-19
 (2, 18) -> 3.03577e-18
 (3, 18) -> -6.50521e-19
 (4, 18) -> 0.40416
 (5, 18) -> 0.296996
 (6, 18) -> 0.00149619
 (7, 18) -> -0.408853
 (8, 18) -> -0.229004
 (9, 18) -> -0
 (10, 18) -> -0
 (11, 18) -> -0
 (12, 18) -> -0
 (13, 18) -> -0
 (14, 18) -> -0
 (15, 18) -> -0
 (16, 18) -> -0
 (17, 18) -> -0
 (32, 18) -> 1
 (33, 18) -> -1
 (0, 19) -> -9.35124e-19
 (1, 19) -> -1
 (2, 19) -> -3.46945e-18
 (3, 19) -> -0.40416
 (4, 19) -> -4.33681e-19
 (5, 19) -> 0.163953
 (6, 19) -> -0.402849
 (7, 19) -> 0.000503513
 (8, 19) -> 0.000813978
 (9, 19) -> -0
 (10, 19) -> -0
 (11, 19) -> -0
 (12, 19) -> -0
 (13, 19) -> -0
 (14, 19) -> -0
 (15, 19) -> -0
 (16, 19) -> -0
 (17, 19) -> -0
 (34, 19) -> 1
 (35, 19) -> -1
 (0, 20) -> -8.67362e-19
 (1, 20) -> 5.20417e-18
 (2, 20) -> -1
 (3, 20) -> -0.296996
 (4, 20) -> -0.163953
 (5, 20) -> -2.81893e-18
 (6, 20) -> -0.237277
 (7, 20) -> -0.0465542
 (8, 20) -> -0.0461055
 (9, 20) -> -0
 (10, 20) -> -0
 (11, 20) -> -0
 (12, 20) -> -0
 (13, 20) -> -0
 (14, 20) -> -0
 (15, 20) -> -0
 (16, 20) -> -0
 (17, 20) -> -0
 (30, 20) -> -1
 (31, 20) -> 1
 (32, 20) -> -0.6
 (33, 20) -> -0.6
 (34, 20) -> -0.6
 (35, 20) -> -0.6
 (0, 21) -> -1
 (1, 21) -> -2.30393e-19
 (2, 21) -> 3.90313e-18
 (3, 21) -> -8.67362e-19
 (4, 21) -> 0.40496
 (5, 21) -> -0.292551
 (6, 21) -> -0
 (7, 21) -> -0
 (8, 21) -> -0
 (9, 21) -> -0.000104067
 (10, 21) -> -0.40825
 (11, 21) -> -0.228401
 (12, 21) -> -0
 (13, 21) -> -0
 (14, 21) -> -0
 (15, 21) -> -0
 (16, 21) -> -0
 (17, 21) -> -0
 (38, 21) -> 1
 (39, 21) -> -1
 (0, 22) -> -6.09864e-20
 (1, 22) -> -1
 (2, 22) -> -1.73472e-18
 (3, 22) -> -0.40496
 (4, 22) -> -4.33681e-19
 (5, 22) -> 0.161115
 (6, 22) -> -0
 (7, 22) -> -0
 (8, 22) -> -0
 (9, 22) -> -0.405155
 (10, 22) -> -0.00136271
 (11, 22) -> -0.00107395
 (12, 22) -> -0
 (13, 22) -> -0
 (14, 22) -> -0
 (15, 22) -> -0
 (16, 22) -> -0
 (17, 22) -> -0
 (40, 22) -> 1
 (41, 22) -> -1
 (0, 23) -> 9.54098e-18
 (1, 23) -> -3.46945e-18
 (2, 23) -> -1
 (3, 23) -> 0.292551
 (4, 23) -> -0.161115
 (5, 23) -> -8.67362e-19
 (6, 23) -> -0
 (7, 23) -> -0
 (8, 23) -> -0
 (9, 23) -> 0.232279
 (10, 23) -> -0.0483954
 (11, 23) -> -0.0489984
 (12, 23) -> -0
 (13, 23) -> -0
 (14, 23) -> -0
 (15, 23) -> -0
 (16, 23) -> -0
 (17, 23) -> -0
 (36, 23) -> -1
 (37, 23) -> 1
 (38, 23) -> -0.6
 (39, 23) -> -0.6
 (40, 23) -> -0.6
 (41, 23) -> -0.6
 (0, 24) -> -1
 (1, 24) -> -7.04731e-19
 (2, 24) -> -0
 (3, 24) -> -2.1684e-19
 (4, 24) -> 0.403147
 (5, 24) -> 0.298007
 (6, 24) -> -0
 (7, 24) -> -0
 (8, 24) -> -0
 (9, 24) -> -0
 (10, 24) -> -0
 (11, 24) -> -0
 (12, 24) -> 0.00149792
 (13, 24) -> -0.40944
 (14, 24) -> -0.229619
 (15, 24) -> -0
 (16, 24) -> -0
 (17, 24) -> -0
 (44, 24) -> 1
 (45, 24) -> -1
 (0, 25) -> -7.04731e-19
 (1, 25) -> -1
 (2, 25) -> -6.93889e-18
 (3, 25) -> -0.403147
 (4, 25) -> -1.30104e-18
 (5, 25) -> -0.255624
 (6, 25) -> -0
 (7, 25) -> -0
 (8, 25) -> -0
 (9, 25) -> -0
 (10, 25) -> -0
 (11, 25) -> -0
 (12, 25) -> -0.403268
 (13, 25) -> 0.000522557
 (14, 25) -> 0.000758239
 (15, 25) -> -0
 (16, 25) -> -0
 (17, 25) -> -0
 (46, 25) -> 1
 (47, 25) -> -1
 (0, 26) -> 2.60209e-18
 (1, 26) -> -5.20417e-18
 (2, 26) -> -1
 (3, 26) -> -0.298007
 (4, 26) -> 0.255624
 (5, 26) -> -0
 (6, 26) -> -0
 (7, 26) -> -0
 (8, 26) -> -0
 (9, 26) -> -0
 (10, 26) -> -0
 (11, 26) -> -0
 (12, 26) -> -0.237575
 (13, 26) -> -0.0461342
 (14, 26) -> -0.0429393
 (15, 26) -> -0
 (16, 26) -> -0
 (17, 26) -> -0
 (42, 26) -> -1
 (43, 26) -> 1
 (44, 26) -> -0.6
 (45, 26) -> -0.6
 (46, 26) -> -0.6
 (47, 26) -> -0.6
 (0, 27) -> -1
 (1, 27) -> -4.87891e-19
 (2, 27) -> 4.33681e-19
 (3, 27) -> -8.67362e-19
 (4, 27) -> 0.404058
 (5, 27) -> -0.292997
 (6, 27) -> -0
 (7, 27) -> -0
 (8, 27) -> -0
 (9, 27) -> -0
 (10, 27) -> -0
 (11, 27) -> -0
 (12, 27) -> -0
 (13, 27) -> -0
 (14, 27) -> -0
 (15, 27) -> -0.000107128
 (16, 27) -> -0.409434
 (17, 27) -> -0.229584
 (50, 27) -> 1
 (51, 27) -> -1
 (0, 28) -> -5.14996e-19
 (1, 28) -> -1
 (2, 28) -> -0
 (3, 28) -> -0.404058
 (4, 28) -> 4.33681e-19
 (5, 28) -> -0.253462
 (6, 28) -> -0
 (7, 28) -> -0
 (8, 28) -> -0
 (9, 28) -> -0
 (10, 28) -> -0
 (11, 28) -> -0
 (12, 28) -> -0
 (13, 28) -> -0
 (14, 28) -> -0
 (15, 28) -> -0.40567
 (16, 28) -> -0.00140394
 (17, 28) -> -0.0011107
 (52, 28) -> 1
 (53, 28) -> -1
 (0, 29) -> -4.33681e-19
 (1, 29) -> 3.46945e-18
 (2, 29) -> -1
 (3, 29) -> 0.292997
 (4, 29) -> 0.253462
 (5, 29) -> 1.30104e-18
 (6, 29) -> -0
 (7, 29) -> -0
 (8, 29) -> -0
 (9, 29) -> -0
 (10, 29) -> -0
 (11, 29) -> -0
 (12, 29) -> -0
 (13, 29) -> -0
 (14, 29) -> -0
 (15, 29) -> 0.233432
 (16, 29) -> -0.0429745
 (17, 29) -> -0.0431137
 (48, 29) -> -1
 (49, 29) -> 1
 (50, 29) -> -0.6
 (51, 29) -> -0.6
 (52, 29) -> -0.6
 (53, 29) -> -0.6
 (6, 30) -> -1
 (18, 30) -> 1
 (7, 31) -> -1
 (19, 31) -> 1
 (8, 32) -> -1
 (20, 32) -> 1
 (9, 33) -> -1
 (21, 33) -> 1
 (10, 34) -> -1
 (22, 34) -> 1
 (11, 35) -> -1
 (23, 35) -> 1
 (12, 36) -> -1
 (24, 36) -> 1
 (13, 37) -> -1
 (25, 37) -> 1
 (14, 38) -> -1
 (26, 38) -> 1
 (15, 39) -> -1
 (27, 39) -> 1
 (16, 40) -> -1
 (28, 40) -> 1
 (17, 41) -> -1
 (29, 41) -> 1
Input 3 (lba): [27.157, 29.515, -165.229, -4.47867, -1.85843, -7.90163, -9.80457, 1.43236, 1.41056, 1.17955, 1.14925, -3.62777, -13.0116, -2.15957, 8.68445, 1.29709, 0.801978, 3.51273, -100, -100, -100, -100, -100, -100, -100, -100, -100, -100, -100, -100, -inf, -inf, -inf, -inf, -inf, -inf, -inf, -inf, -inf, -inf, -inf, -inf, -inf, -inf, -inf, -inf, -inf, -inf, -inf, -inf, -inf, -inf, -inf, -inf]
Input 4 (uba): [27.157, 29.515, -165.229, -4.47867, -1.85843, -7.90163, -9.80457, 1.43236, 1.41056, 1.17955, 1.14925, -3.62777, -13.0116, -2.15957, 8.68445, 1.29709, 0.801978, 3.51273, 100, 100, 100, 100, 100, 100, 100, 100, 100, 100, 100, 100, 0, 400, 0, 0, 0, 0, 0, 0, 0, 0, 0, 0, 0, 0, 0, 0, 0, 0, 0, 400, 0, 0, 0, 0]
Input 5 (lbx): [-inf, -inf, -inf, -inf, -inf, -inf, -inf, -inf, -inf, -inf, -inf, -inf, -inf, -inf, -inf, -inf, -inf, -inf, -inf, -inf, -inf, -inf, -inf, -inf, -inf, -inf, -inf, -inf, -inf, -inf, -inf, -inf, -inf, -inf, -inf, -inf, -inf, -inf, -inf, -inf, -inf, -inf]
Input 6 (ubx): [inf, inf, inf, inf, inf, inf, inf, inf, inf, inf, inf, inf, inf, inf, inf, inf, inf, inf, inf, inf, inf, inf, inf, inf, inf, inf, inf, inf, inf, inf, inf, inf, inf, inf, inf, inf, inf, inf, inf, inf, inf, inf]
Input 7 (x0): [0, 0, 0, 0, 0, 0, 0, 0, 0, 0, 0, 0, 0, 0, 0, 0, 0, 0, 0, 0, 0, 0, 0, 0, 0, 0, 0, 0, 0, 0, 0, 0, 0, 0, 0, 0, 0, 0, 0, 0, 0, 0]
Input 8 (lam_x0): [0, 0, 0, 0, 0, 0, 0, 0, 0, 0, 0, 0, 0, 0, 0, 0, 0, 0, 0, 0, 0, 0, 0, 0, 0, 0, 0, 0, 0, 0, 0, 0, 0, 0, 0, 0, 0, 0, 0, 0, 0, 0]
Input 9 (lam_a0): [0, 0, 0, 0, 0, 0, 0, 0, 0, 0, 0, 0, 0, 0, 0, 0, 0, 0, 0, 0, 0, 0, 0, 0, 0, 0, 0, 0, 0, 0, 0, 0, 0, 0, 0, 0, 0, 0, 0, 0, 0, 0, 0, 0, 0, 0, 0, 0, 0, 0, 0, 0, 0, 0]
Input 10 (q): 0x42
Input 11 (p): 0x0
Function solver (0x16524590)
Input 0 (x0): [0, 0, 0, 0, 0, 0, 0, 0, 0, 0, 0, 0, 0, 0, 0, 0, 0, 0, 0, 0, 0, 0, 0, 0, 0, 0, 0, 0, 0, 0, 0, 0, 0, 0, 0, 0, 0, 0, 0, 0, 0, 0]
Input 1 (p): [10.246, 3.14419e-18, 6.93889e-18, 2.84603e-19, -0.645162, -0.00369833, -0.000869076, 0.164928, 0.0369856, 0.000312933, 0.164831, 0.0368883, -0.000869403, 0.165008, 0.0370849, 0.000314993, 0.165022, 0.0370794, 3.1984e-18, 10.246, -2.77556e-17, 0.645162, -9.21572e-19, 0.0312721, 0.160376, 8.94056e-05, -0.000131456, 0.162421, 0.000378868, 0.000173446, 0.160339, 4.52081e-05, -0.000122453, 0.162128, 0.000387993, 0.000179381, 6.93889e-18, 0, 10.246, 0.00369833, -0.0312721, 1.0842e-18, 0.174498, 0.00776528, 0.00744607, -0.172504, 0.00748434, 0.0079133, 0.174612, 0.00920748, 0.00693472, -0.172961, 0.00686386, 0.00696288, 1.21973e-19, 0.645162, 0.00369833, 0.381165, -0.000688435, 0.0080965, 0.0765424, 0.00218364, 0.00206867, 0.0762403, -0.00202343, -0.00215929, 0.0764971, 0.00247742, 0.00193339, 0.0760296, -0.00183013, -0.0018929, -0.645162, -2.43945e-18, -0.0312721, -0.000688435, 0.469036, 0.000883056, 0.0348821, -0.036087, -0.0109928, -0.0342492, -0.0362144, -0.0109226, -0.0380838, -0.0394644, -0.0139892, 0.0375922, -0.0389853, -0.0140077, -0.00369833, 0.0312721, -1.95156e-18, 0.0080965, 0.000883056, 0.547192, -0.0312446, -0.0391875, -0.0104694, -0.0316441, 0.0387148, 0.010305, 0.0363285, -0.0393282, -0.0105862, 0.0362663, 0.0389176, 0.0104411, -0.000869076, 0.160376, 0.174498, 0.0765424, 0.0348821, -0.0312446, 0.0659052, 0.0015564, 0.00157518, 0, 0, 0, 0, 0, 0, 0, 0, 0, 0.164928, 8.94056e-05, 0.00776528, 0.00218364, -0.036087, -0.0391875, 0.0015564, 0.0382451, 0.0127216, 0, 0, 0, 0, 0, 0, 0, 0, 0, 0.0369856, -0.000131456, 0.00744607, 0.00206867, -0.0109928, -0.0104694, 0.00157518, 0.0127216, 0.00606647, 0, 0, 0, 0, 0, 0, 0, 0, 0, 0.000312933, 0.162421, -0.172504, 0.0762403, -0.0342492, -0.0316441, 0, 0, 0, 0.0658455, -0.00153747, -0.00167538, 0, 0, 0, 0, 0, 0, 0.164831, 0.000378868, 0.00748434, -0.00202343, -0.0362144, 0.0387148, 0, 0, 0, -0.00153747, 0.038194, 0.0126961, 0, 0, 0, 0, 0, 0, 0.0368883, 0.000173446, 0.0079133, -0.00215929, -0.0109226, 0.010305, 0, 0, 0, -0.00167538, 0.0126961, 0.00606647, 0, 0, 0, 0, 0, 0, -0.000869403, 0.160339, 0.174612, 0.0764971, -0.0380838, 0.0363285, 0, 0, 0, 0, 0, 0, 0.0659597, 0.00175748, 0.00146509, 0, 0, 0, 0.165008, 4.52081e-05, 0.00920748, 0.00247742, -0.0394644, -0.0393282, 0, 0, 0, 0, 0, 0, 0.00175748, 0.0383164, 0.0127573, 0, 0, 0, 0.0370849, -0.000122453, 0.00693472, 0.00193339, -0.0139892, -0.0105862, 0, 0, 0, 0, 0, 0, 0.00146509, 0.0127573, 0.00606647, 0, 0, 0, 0.000314993, 0.162128, -0.172961, 0.0760296, 0.0375922, 0.0362663, 0, 0, 0, 0, 0, 0, 0, 0, 0, 0.0659615, -0.00138545, -0.00147082, 0.165022, 0.000387993, 0.00686386, -0.00183013, -0.0389853, 0.0389176, 0, 0, 0, 0, 0, 0, 0, 0, 0, -0.00138545, 0.0382705, 0.0127343, 0.0370794, 0.000179381, 0.00696288, -0.0018929, -0.0140077, 0.0104411, 0, 0, 0, 0, 0, 0, 0, 0, 0, -0.00147082, 0.0127343, 0.00606647, -27.157, -29.515, 165.229, 4.47867, 1.85843, 7.90163, 1.33208, -1.70425, -0.293381, -2.03536, 0.0408548, 0.132799, 4.37389, -1.9318, -0.292479, -1.46295, -0.257215, 0.063648, 1, 9.35124e-19, 8.67362e-19, 1, 6.09864e-20, -9.54098e-18, 1, 7.04731e-19, -2.60209e-18, 1, 5.14996e-19, 4.33681e-19, 8.80914e-19, 1, -5.20417e-18, 2.30393e-19, 1, 3.46945e-18, 7.04731e-19, 1, 5.20417e-18, 4.87891e-19, 1, -3.46945e-18, -3.03577e-18, 3.46945e-18, 1, -3.90313e-18, 1.73472e-18, 1, 0, 6.93889e-18, 1, -4.33681e-19, 0, 1, 6.50521e-19, 0.40416, 0.296996, 8.67362e-19, 0.40496, -0.292551, 2.1684e-19, 0.403147, 0.298007, 8.67362e-19, 0.404058, -0.292997, -0.40416, 4.33681e-19, 0.163953, -0.40496, 4.33681e-19, 0.161115, -0.403147, 1.30104e-18, -0.255624, -0.404058, -4.33681e-19, -0.253462, -0.296996, -0.163953, 2.81893e-18, 0.292551, -0.161115, 8.67362e-19, -0.298007, 0.255624, 0, 0.292997, 0.253462, -1.30104e-18, -0.00149619, 0.402849, 0.237277, 0, 0, 0, 0, 0, 0, 0, 0, 0, 0.408853, -0.000503513, 0.0465542, 0, 0, 0, 0, 0, 0, 0, 0, 0, 0.229004, -0.000813978, 0.0461055, 0, 0, 0, 0, 0, 0, 0, 0, 0, 0, 0, 0, 0.000104067, 0.405155, -0.232279, 0, 0, 0, 0, 0, 0, 0, 0, 0, 0.40825, 0.00136271, 0.0483954, 0, 0, 0, 0, 0, 0, 0, 0, 0, 0.228401, 0.00107395, 0.0489984, 0, 0, 0, 0, 0, 0, 0, 0, 0, 0, 0, 0, -0.00149792, 0.403268, 0.237575, 0, 0, 0, 0, 0, 0, 0, 0, 0, 0.40944, -0.000522557, 0.0461342, 0, 0, 0, 0, 0, 0, 0, 0, 0, 0.229619, -0.000758239, 0.0429393, 0, 0, 0, 0, 0, 0, 0, 0, 0, 0, 0, 0, 0.000107128, 0.40567, -0.233432, 0, 0, 0, 0, 0, 0, 0, 0, 0, 0.409434, 0.00140394, 0.0429745, 0, 0, 0, 0, 0, 0, 0, 0, 0, 0.229584, 0.0011107, 0.0431137, -19.6055, -29.822, 47.5092, -2.06532, 9.36816, 18.7833, -24.0573, -22.3144, 75.9253, -3.62732, 6.55772, 23.1065, -0.208846, -0.277165, 1.83069, -6.24156, -1.73094, 0.840323, 16.945, 0.543791, -2.23435, 1.71162, -2.38022, 6.98995, 17.2754, 8.18274, -16.7839, 0.331727, -1.08953, -7.15276, 1, 0, 0, 1, 817.051, -444.896, 490173, -6811.45, -2062.83, 3981.83, 0, 0, 0, -5.54319e+07, 2.86556e+07, 1.44126e+06, -5.5433e+07, 2.86627e+07, 1.45141e+06, 0, 0, 0, -239.182, 22.433, -24.9275, -23.8764, 63.6615, -154.99, -243.843, -85.2761, 180.221, -4.41809, 45.4629, 44.4213, 0, 0, 50.2565, 0, 0, 0, 0, 0, 0, 0, 0, 50.2565, 100, 100, 100, 10000, 20, 1, 0.0001, 0.0001]
Input 2 (lbx): [-inf, -inf, -inf, -inf, -inf, -inf, -inf, -inf, -inf, -inf, -inf, -inf, -inf, -inf, -inf, -inf, -inf, -inf, -inf, -inf, -inf, -inf, -inf, -inf, -inf, -inf, -inf, -inf, -inf, -inf, -inf, -inf, -inf, -inf, -inf, -inf, -inf, -inf, -inf, -inf, -inf, -inf]
Input 3 (ubx): [inf, inf, inf, inf, inf, inf, inf, inf, inf, inf, inf, inf, inf, inf, inf, inf, inf, inf, inf, inf, inf, inf, inf, inf, inf, inf, inf, inf, inf, inf, inf, inf, inf, inf, inf, inf, inf, inf, inf, inf, inf, inf]
Input 4 (lbg): [0, 0, 0, 0, 0, 0, 0, 0, 0, 0, 0, 0, 0, 0, 0, 0, 0, 0, -100, -100, -100, -100, -100, -100, -100, -100, -100, -100, -100, -100, -inf, -inf, -inf, -inf, -inf, -inf, -inf, -inf, -inf, -inf, -inf, -inf, -inf, -inf, -inf, -inf, -inf, -inf, -inf, -inf, -inf, -inf, -inf, -inf]
Input 5 (ubg): [0, 0, 0, 0, 0, 0, 0, 0, 0, 0, 0, 0, 0, 0, 0, 0, 0, 0, 100, 100, 100, 100, 100, 100, 100, 100, 100, 100, 100, 100, 0, 0, 0, 0, 0, 0, 0, 0, 0, 0, 0, 0, 0, 0, 0, 0, 0, 0, 0, 0, 0, 0, 0, 0]
Input 6 (lam_x0): [0, 0, 0, 0, 0, 0, 0, 0, 0, 0, 0, 0, 0, 0, 0, 0, 0, 0, 0, 0, 0, 0, 0, 0, 0, 0, 0, 0, 0, 0, 0, 0, 0, 0, 0, 0, 0, 0, 0, 0, 0, 0]
Input 7 (lam_g0): [0, 0, 0, 0, 0, 0, 0, 0, 0, 0, 0, 0, 0, 0, 0, 0, 0, 0, 0, 0, 0, 0, 0, 0, 0, 0, 0, 0, 0, 0, 0, 0, 0, 0, 0, 0, 0, 0, 0, 0, 0, 0, 0, 0, 0, 0, 0, 0, 0, 0, 0, 0, 0, 0]
[wbc] QP failed, reusing last torques: Error in Function::call for 'wbc_qp' [MXFunction] at .../casadi/core/function.cpp:514:
Error in Function::operator() for 'solver' [MXFunction] at .../casadi/core/function.cpp:1736:
Error in Function::operator() for 'solver_qpsol' [QpoasesInterface] at .../casadi/core/function.cpp:1736:
.../casadi/core/conic.cpp:574: conic process failed. Set 'error_on_fail' option to false to ignore this error.
Function solver_qpsol (0x164e3700)
Input 0 (h): sparse: 42-by-42, 348 nnz
 (0, 0) -> 40600
 (1, 0) -> -7.68591e-14
 (2, 0) -> -1.39992e-13
 (3, 0) -> -7.94735e-15
 (4, 0) -> -16137.7
 (5, 0) -> -185.828
 (6, 0) -> -69.1146
 (7, 0) -> 8202.03
 (8, 0) -> 4605.37
 (9, 0) -> -0.00236696
 (10, 0) -> 81.6942
 (11, 0) -> 45.7246
 (12, 0) -> -0.694308
 (13, 0) -> 82.2318
 (14, 0) -> 46.324
 (15, 0) -> 0.350926
 (16, 0) -> 8225.04
 (17, 0) -> 4628.12
 (0, 1) -> -7.68591e-14
 (1, 1) -> 40600
 (2, 1) -> 1.48492e-13
 (3, 1) -> 16137.7
 (4, 1) -> -4.73554e-15
 (5, 1) -> 1506.56
 (6, 1) -> 7928.42
 (7, 1) -> -10.8079
 (8, 1) -> -24.6723
 (9, 1) -> 80.5569
 (10, 1) -> 0.576981
 (11, 1) -> 0.433827
 (12, 1) -> 79.1823
 (13, 1) -> -0.145143
 (14, 1) -> -0.176243
 (15, 1) -> 8059.77
 (16, 1) -> 56.4837
 (17, 1) -> 41.5138
 (0, 2) -> -1.39992e-13
 (1, 2) -> 1.48492e-13
 (2, 2) -> 40600
 (3, 2) -> 185.828
 (4, 2) -> -1506.56
 (5, 2) -> -1.66885e-13
 (6, 2) -> 5002.17
 (7, 2) -> 834.014
 (8, 2) -> 785.828
 (9, 2) -> -47.4093
 (10, 2) -> 9.50382
 (11, 2) -> 9.58289
 (12, 2) -> 50.5258
 (13, 2) -> 8.18272
 (14, 2) -> 6.06739
 (15, 2) -> -4825.83
 (16, 2) -> 657.121
 (17, 2) -> 637.476
 (0, 3) -> -7.94735e-15
 (1, 3) -> 16137.7
 (2, 3) -> 185.828
 (3, 3) -> 10400.7
 (4, 3) -> 2489.82
 (5, 3) -> 600.626
 (6, 3) -> 4715.44
 (7, 3) -> 253.701
 (8, 3) -> 233.254
 (9, 3) -> 46.4999
 (10, 3) -> -2.59737
 (11, 3) -> -2.67847
 (12, 3) -> 47.2097
 (13, 3) -> 2.50911
 (14, 3) -> 1.8333
 (15, 3) -> 4667.5
 (16, 3) -> -174.737
 (17, 3) -> -174.817
 (0, 4) -> -16137.7
 (1, 4) -> -4.73554e-15
 (2, 4) -> -1506.56
 (3, 4) -> 2489.82
 (4, 4) -> 8430.66
 (5, 4) -> 75.2263
 (6, 4) -> 876.088
 (7, 4) -> -3135.77
 (8, 4) -> -1706.85
 (9, 4) -> -7.64435
 (10, 4) -> -31.3105
 (11, 4) -> -16.8371
 (12, 4) -> -12.3347
 (13, 4) -> -34.6116
 (14, 4) -> -19.8618
 (15, 4) -> 1177.68
 (16, 4) -> -3444.98
 (17, 4) -> -2003.79
 (0, 5) -> -185.828
 (1, 5) -> 1506.56
 (2, 5) -> -1.66885e-13
 (3, 5) -> 600.626
 (4, 5) -> 75.2263
 (5, 5) -> 5738.92
 (6, 5) -> -1323.44
 (7, 5) -> -2535.63
 (8, 5) -> -1420.58
 (9, 5) -> -12.9914
 (10, 5) -> 24.2278
 (11, 5) -> 13.5425
 (12, 5) -> 19.9792
 (13, 5) -> -25.8291
 (14, 5) -> -14.574
 (15, 5) -> 1967.22
 (16, 5) -> 2483.26
 (17, 5) -> 1399.67
 (0, 6) -> -69.1146
 (1, 6) -> 7928.42
 (2, 6) -> 5002.17
 (3, 6) -> 4715.44
 (4, 6) -> 876.088
 (5, 6) -> -1323.44
 (6, 6) -> 4396.31
 (7, 6) -> 175.966
 (8, 6) -> 170.847
 (9, 6) -> 0
 (10, 6) -> 0
 (11, 6) -> 0
 (12, 6) -> 0
 (13, 6) -> 0
 (14, 6) -> 0
 (15, 6) -> 0
 (16, 6) -> 0
 (17, 6) -> 0
 (0, 7) -> 8202.03
 (1, 7) -> -10.8079
 (2, 7) -> 834.014
 (3, 7) -> 253.701
 (4, 7) -> -3135.77
 (5, 7) -> -2535.63
 (6, 7) -> 175.966
 (7, 7) -> 3400.45
 (8, 7) -> 1921.45
 (9, 7) -> 0
 (10, 7) -> 0
 (11, 7) -> 0
 (12, 7) -> 0
 (13, 7) -> 0
 (14, 7) -> 0
 (15, 7) -> 0
 (16, 7) -> 0
 (17, 7) -> 0
 (0, 8) -> 4605.37
 (1, 8) -> -24.6723
 (2, 8) -> 785.828
 (3, 8) -> 233.254
 (4, 8) -> -1706.85
 (5, 8) -> -1420.58
 (6, 8) -> 170.847
 (7, 8) -> 1921.45
 (8, 8) -> 1093.38
 (9, 8) -> 0
 (10, 8) -> 0
 (11, 8) -> 0
 (12, 8) -> 0
 (13, 8) -> 0
 (14, 8) -> 0
 (15, 8) -> 0
 (16, 8) -> 0
 (17, 8) -> 0
 (0, 9) -> -0.00236696
 (1, 9) -> 80.5569
 (2, 9) -> -47.4093
 (3, 9) -> 46.4999
 (4, 9) -> -7.64435
 (5, 9) -> -12.9914
 (6, 9) -> 0
 (7, 9) -> 0
 (8, 9) -> 0
 (9, 9) -> 45.6852
 (10, 9) -> -2.02141
 (11, 9) -> -2.09739
 (12, 9) -> 0
 (13, 9) -> 0
 (14, 9) -> 0
 (15, 9) -> 0
 (16, 9) -> 0
 (17, 9) -> 0
 (0, 10) -> 81.6942
 (1, 10) -> 0.576981
 (2, 10) -> 9.50382
 (3, 10) -> -2.59737
 (4, 10) -> -31.3105
 (5, 10) -> 24.2278
 (6, 10) -> 0
 (7, 10) -> 0
 (8, 10) -> 0
 (9, 10) -> -2.02141
 (10, 10) -> 35.823
 (11, 10) -> 19.1338
 (12, 10) -> 0
 (13, 10) -> 0
 (14, 10) -> 0
 (15, 10) -> 0
 (16, 10) -> 0
 (17, 10) -> 0
 (0, 11) -> 45.7246
 (1, 11) -> 0.433827
 (2, 11) -> 9.58289
 (3, 11) -> -2.67847
 (4, 11) -> -16.8371
 (5, 11) -> 13.5425
 (6, 11) -> 0
 (7, 11) -> 0
 (8, 11) -> 0
 (9, 11) -> -2.09739
 (10, 11) -> 19.1338
 (11, 11) -> 12.9138
 (12, 11) -> 0
 (13, 11) -> 0
 (14, 11) -> 0
 (15, 11) -> 0
 (16, 11) -> 0
 (17, 11) -> 0
 (0, 12) -> -0.694308
 (1, 12) -> 79.1823
 (2, 12) -> 50.5258
 (3, 12) -> 47.2097
 (4, 12) -> -12.3347
 (5, 12) -> 19.9792
 (6, 12) -> 0
 (7, 12) -> 0
 (8, 12) -> 0
 (9, 12) -> 0
 (10, 12) -> 0
 (11, 12) -> 0
 (12, 12) -> 46.1159
 (13, 12) -> 1.72426
 (14, 12) -> 1.30221
 (15, 12) -> 0
 (16, 12) -> 0
 (17, 12) -> 0
 (0, 13) -> 82.2318
 (1, 13) -> -0.145143
 (2, 13) -> 8.18272
 (3, 13) -> 2.50911
 (4, 13) -> -34.6116
 (5, 13) -> -25.8291
 (6, 13) -> 0
 (7, 13) -> 0
 (8, 13) -> 0
 (9, 13) -> 0
 (10, 13) -> 0
 (11, 13) -> 0
 (12, 13) -> 1.72426
 (13, 13) -> 36.1452
 (14, 13) -> 19.2949
 (15, 13) -> 0
 (16, 13) -> 0
 (17, 13) -> 0
 (0, 14) -> 46.324
 (1, 14) -> -0.176243
 (2, 14) -> 6.06739
 (3, 14) -> 1.8333
 (4, 14) -> -19.8618
 (5, 14) -> -14.574
 (6, 14) -> 0
 (7, 14) -> 0
 (8, 14) -> 0
 (9, 14) -> 0
 (10, 14) -> 0
 (11, 14) -> 0
 (12, 14) -> 1.30221
 (13, 14) -> 19.2949
 (14, 14) -> 12.9138
 (15, 14) -> 0
 (16, 14) -> 0
 (17, 14) -> 0
 (0, 15) -> 0.350926
 (1, 15) -> 8059.77
 (2, 15) -> -4825.83
 (3, 15) -> 4667.5
 (4, 15) -> 1177.68
 (5, 15) -> 1967.22
 (6, 15) -> 0
 (7, 15) -> 0
 (8, 15) -> 0
 (9, 15) -> 0
 (10, 15) -> 0
 (11, 15) -> 0
 (12, 15) -> 0
 (13, 15) -> 0
 (14, 15) -> 0
 (15, 15) -> 4414.42
 (16, 15) -> -135.651
 (17, 15) -> -137.007
 (0, 16) -> 8225.04
 (1, 16) -> 56.4837
 (2, 16) -> 657.121
 (3, 16) -> -174.737
 (4, 16) -> -3444.98
 (5, 16) -> 2483.26
 (6, 16) -> 0
 (7, 16) -> 0
 (8, 16) -> 0
 (9, 16) -> 0
 (10, 16) -> 0
 (11, 16) -> 0
 (12, 16) -> 0
 (13, 16) -> 0
 (14, 16) -> 0
 (15, 16) -> -135.651
 (16, 16) -> 3406.31
 (17, 16) -> 1924.39
 (0, 17) -> 4628.12
 (1, 17) -> 41.5138
 (2, 17) -> 637.476
 (3, 17) -> -174.817
 (4, 17) -> -2003.79
 (5, 17) -> 1399.67
 (6, 17) -> 0
 (7, 17) -> 0
 (8, 17) -> 0
 (9, 17) -> 0
 (10, 17) -> 0
 (11, 17) -> 0
 (12, 17) -> 0
 (13, 17) -> 0
 (14, 17) -> 0
 (15, 17) -> -137.007
 (16, 17) -> 1924.39
 (17, 17) -> 1093.38
 (18, 18) -> 0.0002
 (19, 19) -> 0.0002
 (20, 20) -> 0.0002
 (21, 21) -> 0.0002
 (22, 22) -> 0.0002
 (23, 23) -> 0.0002
 (24, 24) -> 0.0002
 (25, 25) -> 0.0002
 (26, 26) -> 0.0002
 (27, 27) -> 0.0002
 (28, 28) -> 0.0002
 (29, 29) -> 0.0002
 (30, 30) -> 0.0002
 (31, 31) -> 0.0002
 (32, 32) -> 0.0002
 (33, 33) -> 0.0002
 (34, 34) -> 0.0002
 (35, 35) -> 0.0002
 (36, 36) -> 0.0002
 (37, 37) -> 0.0002
 (38, 38) -> 0.0002
 (39, 39) -> 0.0002
 (40, 40) -> 0.0002
 (41, 41) -> 0.0002
Input 1 (g): [3.48369e+09, -1.79994e+09, -9.62062e+07, -7.18792e+08, -1.38669e+09, -1.07993e+08, 1.73987e+06, -705440, -312791, -3.51612e+08, 7.07735e+08, 3.94654e+08, -3.73888e+08, 7.15906e+08, 4.03385e+08, -1.93873e+06, -829685, -392217, -0, -0, -0.0100513, -0, -0, -0, -0, -0, -0, -0, -0, -0.0100513, 0, 0, 0, 0, 0, 0, 0, 0, 0, 0, 0, 0]
Input 2 (a): sparse: 54-by-42, 604 nnz
 (0, 0) -> 10.246
 (1, 0) -> -3.46945e-18
 (2, 0) -> 0
 (3, 0) -> -5.42101e-20
 (4, 0) -> -0.628074
 (5, 0) -> -0.0097157
 (6, 0) -> -0.00193334
 (7, 0) -> 0.165121
 (8, 0) -> 0.0371899
 (9, 0) -> 0.000565131
 (10, 0) -> 0.164866
 (11, 0) -> 0.0369241
 (12, 0) -> -0.00193563
 (13, 0) -> 0.16513
 (14, 0) -> 0.0374082
 (15, 0) -> 0.000582786
 (16, 0) -> 0.165314
 (17, 0) -> 0.0373736
 (0, 1) -> -3.46945e-18
 (1, 1) -> 10.246
 (2, 1) -> 1.11022e-16
 (3, 1) -> 0.628074
 (4, 1) -> 6.39679e-18
 (5, 1) -> 0.0335556
 (6, 1) -> 0.154931
 (7, 1) -> 0.000293927
 (8, 1) -> -0.000199222
 (9, 1) -> 0.160441
 (10, 1) -> 0.000859513
 (11, 1) -> 0.000350323
 (12, 1) -> 0.153854
 (13, 1) -> -3.16855e-05
 (14, 1) -> -0.000142305
 (15, 1) -> 0.159067
 (16, 1) -> 0.000867699
 (17, 1) -> 0.000335228
 (0, 2) -> 0
 (1, 2) -> 5.55112e-17
 (2, 2) -> 10.246
 (3, 2) -> 0.0097157
 (4, 2) -> -0.0335556
 (5, 2) -> 6.93889e-18
 (6, 2) -> 0.179545
 (7, 2) -> 0.00805952
 (8, 2) -> 0.00634556
 (9, 2) -> -0.174406
 (10, 2) -> 0.00745699
 (11, 2) -> 0.00773823
 (12, 2) -> 0.180504
 (13, 2) -> 0.0124235
 (14, 2) -> 0.00489935
 (15, 2) -> -0.176069
 (16, 2) -> 0.00584631
 (17, 2) -> 0.00514757
 (0, 3) -> 5.42101e-20
 (1, 3) -> 0.628074
 (2, 3) -> 0.0097157
 (3, 3) -> 0.383476
 (4, 3) -> -0.00187639
 (5, 3) -> 0.00606623
 (6, 3) -> 0.0771693
 (7, 3) -> 0.00228782
 (8, 3) -> 0.0017986
 (9, 3) -> 0.0764049
 (10, 3) -> -0.00192335
 (11, 3) -> -0.00208584
 (12, 3) -> 0.0771346
 (13, 3) -> 0.00318389
 (14, 3) -> 0.0014118
 (15, 3) -> 0.0759893
 (16, 3) -> -0.00141983
 (17, 3) -> -0.00136384
 (0, 4) -> -0.628074
 (1, 4) -> -2.92735e-18
 (2, 4) -> -0.0335556
 (3, 4) -> -0.00187639
 (4, 4) -> 0.46443
 (5, 4) -> 0.00207199
 (6, 4) -> 0.0362013
 (7, 4) -> -0.0354785
 (8, 4) -> -0.0110665
 (9, 4) -> -0.0345539
 (10, 4) -> -0.0358333
 (11, 4) -> -0.0108613
 (12, 4) -> -0.0395252
 (13, 4) -> -0.0392202
 (14, 4) -> -0.0133257
 (15, 4) -> 0.0380852
 (16, 4) -> -0.0379994
 (17, 4) -> -0.0134514
 (0, 5) -> -0.0097157
 (1, 5) -> 0.0335556
 (2, 5) -> -7.37257e-18
 (3, 5) -> 0.00606623
 (4, 5) -> 0.00207199
 (5, 5) -> 0.555573
 (6, 5) -> -0.0300974
 (7, 5) -> -0.0403806
 (8, 5) -> -0.0108886
 (9, 5) -> -0.0311314
 (10, 5) -> 0.039151
 (11, 5) -> 0.0104446
 (12, 5) -> 0.0353943
 (13, 5) -> -0.0408671
 (14, 5) -> -0.0111666
 (15, 5) -> 0.0353064
 (16, 5) -> 0.039736
 (17, 5) -> 0.0107781
 (0, 6) -> -0.00193334
 (1, 6) -> 0.154931
 (2, 6) -> 0.179545
 (3, 6) -> 0.0771693
 (4, 6) -> 0.0362013
 (5, 6) -> -0.0300974
 (6, 6) -> 0.0660396
 (7, 6) -> 0.00143827
 (8, 6) -> 0.00131028
 (9, 6) -> 0
 (10, 6) -> 0
 (11, 6) -> 0
 (12, 6) -> 0
 (13, 6) -> 0
 (14, 6) -> 0
 (15, 6) -> 0
 (16, 6) -> 0
 (17, 6) -> 0
 (0, 7) -> 0.165121
 (1, 7) -> 0.000293927
 (2, 7) -> 0.00805952
 (3, 7) -> 0.00228782
 (4, 7) -> -0.0354785
 (5, 7) -> -0.0403806
 (6, 7) -> 0.00143827
 (7, 7) -> 0.0383411
 (8, 7) -> 0.0127696
 (9, 7) -> 0
 (10, 7) -> 0
 (11, 7) -> 0
 (12, 7) -> 0
 (13, 7) -> 0
 (14, 7) -> 0
 (15, 7) -> 0
 (16, 7) -> 0
 (17, 7) -> 0
 (0, 8) -> 0.0371899
 (1, 8) -> -0.000199222
 (2, 8) -> 0.00634556
 (3, 8) -> 0.0017986
 (4, 8) -> -0.0110665
 (5, 8) -> -0.0108886
 (6, 8) -> 0.00131028
 (7, 8) -> 0.0127696
 (8, 8) -> 0.00606647
 (9, 8) -> 0
 (10, 8) -> 0
 (11, 8) -> 0
 (12, 8) -> 0
 (13, 8) -> 0
 (14, 8) -> 0
 (15, 8) -> 0
 (16, 8) -> 0
 (17, 8) -> 0
 (0, 9) -> 0.000565131
 (1, 9) -> 0.160441
 (2, 9) -> -0.174406
 (3, 9) -> 0.0764049
 (4, 9) -> -0.0345539
 (5, 9) -> -0.0311314
 (6, 9) -> 0
 (7, 9) -> 0
 (8, 9) -> 0
 (9, 9) -> 0.065884
 (10, 9) -> -0.0014186
 (11, 9) -> -0.00160858
 (12, 9) -> 0
 (13, 9) -> 0
 (14, 9) -> 0
 (15, 9) -> 0
 (16, 9) -> 0
 (17, 9) -> 0
 (0, 10) -> 0.164866
 (1, 10) -> 0.000859513
 (2, 10) -> 0.00745699
 (3, 10) -> -0.00192335
 (4, 10) -> -0.0358333
 (5, 10) -> 0.039151
 (6, 10) -> 0
 (7, 10) -> 0
 (8, 10) -> 0
 (9, 10) -> -0.0014186
 (10, 10) -> 0.0382107
 (11, 10) -> 0.0127044
 (12, 10) -> 0
 (13, 10) -> 0
 (14, 10) -> 0
 (15, 10) -> 0
 (16, 10) -> 0
 (17, 10) -> 0
 (0, 11) -> 0.0369241
 (1, 11) -> 0.000350323
 (2, 11) -> 0.00773823
 (3, 11) -> -0.00208584
 (4, 11) -> -0.0108613
 (5, 11) -> 0.0104446
 (6, 11) -> 0
 (7, 11) -> 0
 (8, 11) -> 0
 (9, 11) -> -0.00160858
 (10, 11) -> 0.0127044
 (11, 11) -> 0.00606647
 (12, 11) -> 0
 (13, 11) -> 0
 (14, 11) -> 0
 (15, 11) -> 0
 (16, 11) -> 0
 (17, 11) -> 0
 (0, 12) -> -0.00193563
 (1, 12) -> 0.153854
 (2, 12) -> 0.180504
 (3, 12) -> 0.0771346
 (4, 12) -> -0.0395252
 (5, 12) -> 0.0353943
 (6, 12) -> 0
 (7, 12) -> 0
 (8, 12) -> 0
 (9, 12) -> 0
 (10, 12) -> 0
 (11, 12) -> 0
 (12, 12) -> 0.0660963
 (13, 12) -> 0.00205398
 (14, 12) -> 0.000998694
 (15, 12) -> 0
 (16, 12) -> 0
 (17, 12) -> 0
 (0, 13) -> 0.16513
 (1, 13) -> -3.16855e-05
 (2, 13) -> 0.0124235
 (3, 13) -> 0.00318389
 (4, 13) -> -0.0392202
 (5, 13) -> -0.0408671
 (6, 13) -> 0
 (7, 13) -> 0
 (8, 13) -> 0
 (9, 13) -> 0
 (10, 13) -> 0
 (11, 13) -> 0
 (12, 13) -> 0.00205398
 (13, 13) -> 0.0384709
 (14, 13) -> 0.0128345
 (15, 13) -> 0
 (16, 13) -> 0
 (17, 13) -> 0
 (0, 14) -> 0.0374082
 (1, 14) -> -0.000142305
 (2, 14) -> 0.00489935
 (3, 14) -> 0.0014118
 (4, 14) -> -0.0133257
 (5, 14) -> -0.0111666
 (6, 14) -> 0
 (7, 14) -> 0
 (8, 14) -> 0
 (9, 14) -> 0
 (10, 14) -> 0
 (11, 14) -> 0
 (12, 14) -> 0.000998694
 (13, 14) -> 0.0128345
 (14, 14) -> 0.00606647
 (15, 14) -> 0
 (16, 14) -> 0
 (17, 14) -> 0
 (0, 15) -> 0.000582786
 (1, 15) -> 0.159067
 (2, 15) -> -0.176069
 (3, 15) -> 0.0759893
 (4, 15) -> 0.0380852
 (5, 15) -> 0.0353064
 (6, 15) -> 0
 (7, 15) -> 0
 (8, 15) -> 0
 (9, 15) -> 0
 (10, 15) -> 0
 (11, 15) -> 0
 (12, 15) -> 0
 (13, 15) -> 0
 (14, 15) -> 0
 (15, 15) -> 0.0661461
 (16, 15) -> -0.00101684
 (17, 15) -> -0.00105074
 (0, 16) -> 0.165314
 (1, 16) -> 0.000867699
 (2, 16) -> 0.00584631
 (3, 16) -> -0.00141983
 (4, 16) -> -0.0379994
 (5, 16) -> 0.039736
 (6, 16) -> 0
 (7, 16) -> 0
 (8, 16) -> 0
 (9, 16) -> 0
 (10, 16) -> 0
 (11, 16) -> 0
 (12, 16) -> 0
 (13, 16) -> 0
 (14, 16) -> 0
 (15, 16) -> -0.00101684
 (16, 16) -> 0.0383884
 (17, 16) -> 0.0127933
 (0, 17) -> 0.0373736
 (1, 17) -> 0.000335228
 (2, 17) -> 0.00514757
 (3, 17) -> -0.00136384
 (4, 17) -> -0.0134514
 (5, 17) -> 0.0107781
 (6, 17) -> 0
 (7, 17) -> 0
 (8, 17) -> 0
 (9, 17) -> 0
 (10, 17) -> 0
 (11, 17) -> 0
 (12, 17) -> 0
 (13, 17) -> 0
 (14, 17) -> 0
 (15, 17) -> -0.00105074
 (16, 17) -> 0.0127933
 (17, 17) -> 0.00606647
 (0, 18) -> -1
 (1, 18) -> 1.24683e-18
 (2, 18) -> 3.46945e-18
 (3, 18) -> -8.67362e-19
 (4, 18) -> 0.399565
 (5, 18) -> 0.309371
 (6, 18) -> 0.00345573
 (7, 18) -> -0.410101
 (8, 18) -> -0.230269
 (9, 18) -> -0
 (10, 18) -> -0
 (11, 18) -> -0
 (12, 18) -> -0
 (13, 18) -> -0
 (14, 18) -> -0
 (15, 18) -> -0
 (16, 18) -> -0
 (17, 18) -> -0
 (32, 18) -> 1
 (33, 18) -> -1
 (0, 19) -> 1.19262e-18
 (1, 19) -> -1
 (2, 19) -> -1.38778e-17
 (3, 19) -> -0.399565
 (4, 19) -> 8.67362e-19
 (5, 19) -> 0.169621
 (6, 19) -> -0.396421
 (7, 19) -> 0.000540395
 (8, 19) -> 0.00123361
 (9, 19) -> -0
 (10, 19) -> -0
 (11, 19) -> -0
 (12, 19) -> -0
 (13, 19) -> -0
 (14, 19) -> -0
 (15, 19) -> -0
 (16, 19) -> -0
 (17, 19) -> -0
 (34, 19) -> 1
 (35, 19) -> -1
 (0, 20) -> 3.46945e-18
 (1, 20) -> -0
 (2, 20) -> -1
 (3, 20) -> -0.309371
 (4, 20) -> -0.169621
 (5, 20) -> -0
 (6, 20) -> -0.250109
 (7, 20) -> -0.0417007
 (8, 20) -> -0.0392914
 (9, 20) -> -0
 (10, 20) -> -0
 (11, 20) -> -0
 (12, 20) -> -0
 (13, 20) -> -0
 (14, 20) -> -0
 (15, 20) -> -0
 (16, 20) -> -0
 (17, 20) -> -0
 (30, 20) -> -1
 (31, 20) -> 1
 (32, 20) -> -0.6
 (33, 20) -> -0.6
 (34, 20) -> -0.6
 (35, 20) -> -0.6
 (0, 21) -> -1
 (1, 21) -> 1.13841e-18
 (2, 21) -> -0
 (3, 21) -> 2.1684e-18
 (4, 21) -> 0.402025
 (5, 21) -> -0.297705
 (6, 21) -> -0
 (7, 21) -> -0
 (8, 21) -> -0
 (9, 21) -> 1.18348e-05
 (10, 21) -> -0.408471
 (11, 21) -> -0.228623
 (12, 21) -> -0
 (13, 21) -> -0
 (14, 21) -> -0
 (15, 21) -> -0
 (16, 21) -> -0
 (17, 21) -> -0
 (38, 21) -> 1
 (39, 21) -> -1
 (0, 22) -> 1.19262e-18
 (1, 22) -> -1
 (2, 22) -> -6.93889e-18
 (3, 22) -> -0.402025
 (4, 22) -> -0
 (5, 22) -> 0.161262
 (6, 22) -> -0
 (7, 22) -> -0
 (8, 22) -> -0
 (9, 22) -> -0.402784
 (10, 22) -> -0.0028849
 (11, 22) -> -0.00216914
 (12, 22) -> -0
 (13, 22) -> -0
 (14, 22) -> -0
 (15, 22) -> -0
 (16, 22) -> -0
 (17, 22) -> -0
 (40, 22) -> 1
 (41, 22) -> -1
 (0, 23) -> 5.20417e-18
 (1, 23) -> -2.08167e-17
 (2, 23) -> -1
 (3, 23) -> 0.297705
 (4, 23) -> -0.161262
 (5, 23) -> 2.60209e-18
 (6, 23) -> -0
 (7, 23) -> -0
 (8, 23) -> -0
 (9, 23) -> 0.237046
 (10, 23) -> -0.0475191
 (11, 23) -> -0.0479144
 (12, 23) -> -0
 (13, 23) -> -0
 (14, 23) -> -0
 (15, 23) -> -0
 (16, 23) -> -0
 (17, 23) -> -0
 (36, 23) -> -1
 (37, 23) -> 1
 (38, 23) -> -0.6
 (39, 23) -> -0.6
 (40, 23) -> -0.6
 (41, 23) -> -0.6
 (0, 24) -> -1
 (1, 24) -> -1.35525e-18
 (2, 24) -> 3.46945e-18
 (3, 24) -> -0
 (4, 24) -> 0.396069
 (5, 24) -> 0.313661
 (6, 24) -> -0
 (7, 24) -> -0
 (8, 24) -> -0
 (9, 24) -> -0
 (10, 24) -> -0
 (11, 24) -> -0
 (12, 24) -> 0.00347154
 (13, 24) -> -0.411159
 (14, 24) -> -0.23162
 (15, 24) -> -0
 (16, 24) -> -0
 (17, 24) -> -0
 (44, 24) -> 1
 (45, 24) -> -1
 (0, 25) -> -1.57209e-18
 (1, 25) -> -1
 (2, 25) -> 6.93889e-18
 (3, 25) -> -0.396069
 (4, 25) -> -1.73472e-18
 (5, 25) -> -0.249569
 (6, 25) -> -0
 (7, 25) -> -0
 (8, 25) -> -0
 (9, 25) -> -0
 (10, 25) -> -0
 (11, 25) -> -0
 (12, 25) -> -0.395912
 (13, 25) -> 0.000725715
 (14, 25) -> 0.000881213
 (15, 25) -> -0
 (16, 25) -> -0
 (17, 25) -> -0
 (46, 25) -> 1
 (47, 25) -> -1
 (0, 26) -> -2.60209e-18
 (1, 26) -> -2.77556e-17
 (2, 26) -> -1
 (3, 26) -> -0.313661
 (4, 26) -> 0.249569
 (5, 26) -> -5.20417e-18
 (6, 26) -> -0
 (7, 26) -> -0
 (8, 26) -> -0
 (9, 26) -> -0
 (10, 26) -> -0
 (11, 26) -> -0
 (12, 26) -> -0.252629
 (13, 26) -> -0.0409136
 (14, 26) -> -0.0303369
 (15, 26) -> -0
 (16, 26) -> -0
 (17, 26) -> -0
 (42, 26) -> -1
 (43, 26) -> 1
 (44, 26) -> -0.6
 (45, 26) -> -0.6
 (46, 26) -> -0.6
 (47, 26) -> -0.6
 (0, 27) -> -1
 (1, 27) -> 3.79471e-19
 (2, 27) -> 3.46945e-18
 (3, 27) -> -1.73472e-18
 (4, 27) -> 0.399341
 (5, 27) -> -0.300239
 (6, 27) -> -0
 (7, 27) -> -0
 (8, 27) -> -0
 (9, 27) -> -0
 (10, 27) -> -0
 (11, 27) -> -0
 (12, 27) -> -0
 (13, 27) -> -0
 (14, 27) -> -0
 (15, 27) -> -1.75463e-05
 (16, 27) -> -0.411252
 (17, 27) -> -0.231406
 (50, 27) -> 1
 (51, 27) -> -1
 (0, 28) -> 1.02999e-18
 (1, 28) -> -1
 (2, 28) -> 6.93889e-18
 (3, 28) -> -0.399341
 (4, 28) -> -0
 (5, 28) -> -0.244066
 (6, 28) -> -0
 (7, 28) -> -0
 (8, 28) -> -0
 (9, 28) -> -0
 (10, 28) -> -0
 (11, 28) -> -0
 (12, 28) -> -0
 (13, 28) -> -0
 (14, 28) -> -0
 (15, 28) -> -0.402988
 (16, 28) -> -0.00282418
 (17, 28) -> -0.00207569
 (52, 28) -> 1
 (53, 28) -> -1
 (0, 29) -> -3.46945e-18
 (1, 29) -> -0
 (2, 29) -> -1
 (3, 29) -> 0.300239
 (4, 29) -> 0.244066
 (5, 29) -> 4.33681e-18
 (6, 29) -> -0
 (7, 29) -> -0
 (8, 29) -> -0
 (9, 29) -> -0
 (10, 29) -> -0
 (11, 29) -> -0
 (12, 29) -> -0
 (13, 29) -> -0
 (14, 29) -> -0
 (15, 29) -> 0.241291
 (16, 29) -> -0.032856
 (17, 29) -> -0.0318738
 (48, 29) -> -1
 (49, 29) -> 1
 (50, 29) -> -0.6
 (51, 29) -> -0.6
 (52, 29) -> -0.6
 (53, 29) -> -0.6
 (6, 30) -> -1
 (18, 30) -> 1
 (7, 31) -> -1
 (19, 31) -> 1
 (8, 32) -> -1
 (20, 32) -> 1
 (9, 33) -> -1
 (21, 33) -> 1
 (10, 34) -> -1
 (22, 34) -> 1
 (11, 35) -> -1
 (23, 35) -> 1
 (12, 36) -> -1
 (24, 36) -> 1
 (13, 37) -> -1
 (25, 37) -> 1
 (14, 38) -> -1
 (26, 38) -> 1
 (15, 39) -> -1
 (27, 39) -> 1
 (16, 40) -> -1
 (28, 40) -> 1
 (17, 41) -> -1
 (29, 41) -> 1
Input 3 (lba): [60.3325, 89.0668, -331.163, -20.1211, 12.6959, -12.7366, -16.5977, 1.73163, 10.7575, 0.126647, 0.510137, 1.28722, -30.6461, -5.36341, 24.701, 5.97109, 0.140821, 13.6296, -100, -100, -100, -100, -100, -100, -100, -100, -100, -100, -100, -100, -inf, -inf, -inf, -inf, -inf, -inf, -inf, -inf, -inf, -inf, -inf, -inf, -inf, -inf, -inf, -inf, -inf, -inf, -inf, -inf, -inf, -inf, -inf, -inf]
Input 4 (uba): [60.3325, 89.0668, -331.163, -20.1211, 12.6959, -12.7366, -16.5977, 1.73163, 10.7575, 0.126647, 0.510137, 1.28722, -30.6461, -5.36341, 24.701, 5.97109, 0.140821, 13.6296, 100, 100, 100, 100, 100, 100, 100, 100, 100, 100, 100, 100, 0, 400, 0, 0, 0, 0, 0, 0, 0, 0, 0, 0, 0, 0, 0, 0, 0, 0, 0, 400, 0, 0, 0, 0]
Input 5 (lbx): [-inf, -inf, -inf, -inf, -inf, -inf, -inf, -inf, -inf, -inf, -inf, -inf, -inf, -inf, -inf, -inf, -inf, -inf, -inf, -inf, -inf, -inf, -inf, -inf, -inf, -inf, -inf, -inf, -inf, -inf, -inf, -inf, -inf, -inf, -inf, -inf, -inf, -inf, -inf, -inf, -inf, -inf]
Input 6 (ubx): [inf, inf, inf, inf, inf, inf, inf, inf, inf, inf, inf, inf, inf, inf, inf, inf, inf, inf, inf, inf, inf, inf, inf, inf, inf, inf, inf, inf, inf, inf, inf, inf, inf, inf, inf, inf, inf, inf, inf, inf, inf, inf]
Input 7 (x0): [0, 0, 0, 0, 0, 0, 0, 0, 0, 0, 0, 0, 0, 0, 0, 0, 0, 0, 0, 0, 0, 0, 0, 0, 0, 0, 0, 0, 0, 0, 0, 0, 0, 0, 0, 0, 0, 0, 0, 0, 0, 0]
Input 8 (lam_x0): [0, 0, 0, 0, 0, 0, 0, 0, 0, 0, 0, 0, 0, 0, 0, 0, 0, 0, 0, 0, 0, 0, 0, 0, 0, 0, 0, 0, 0, 0, 0, 0, 0, 0, 0, 0, 0, 0, 0, 0, 0, 0]
Input 9 (lam_a0): [0, 0, 0, 0, 0, 0, 0, 0, 0, 0, 0, 0, 0, 0, 0, 0, 0, 0, 0, 0, 0, 0, 0, 0, 0, 0, 0, 0, 0, 0, 0, 0, 0, 0, 0, 0, 0, 0, 0, 0, 0, 0, 0, 0, 0, 0, 0, 0, 0, 0, 0, 0, 0, 0]
Input 10 (q): 0x42
Input 11 (p): 0x0
Function solver (0x16524590)
Input 0 (x0): [0, 0, 0, 0, 0, 0, 0, 0, 0, 0, 0, 0, 0, 0, 0, 0, 0, 0, 0, 0, 0, 0, 0, 0, 0, 0, 0, 0, 0, 0, 0, 0, 0, 0, 0, 0, 0, 0, 0, 0, 0, 0]
Input 1 (p): [10.246, -3.46945e-18, 0, -5.42101e-20, -0.628074, -0.0097157, -0.00193334, 0.165121, 0.0371899, 0.000565131, 0.164866, 0.0369241, -0.00193563, 0.16513, 0.0374082, 0.000582786, 0.165314, 0.0373736, -3.46945e-18, 10.246, 1.11022e-16, 0.628074, 6.39679e-18, 0.0335556, 0.154931, 0.000293927, -0.000199222, 0.160441, 0.000859513, 0.000350323, 0.153854, -3.16855e-05, -0.000142305, 0.159067, 0.000867699, 0.000335228, 0, 5.55112e-17, 10.246, 0.0097157, -0.0335556, 6.93889e-18, 0.179545, 0.00805952, 0.00634556, -0.174406, 0.00745699, 0.00773823, 0.180504, 0.0124235, 0.00489935, -0.176069, 0.00584631, 0.00514757, 5.42101e-20, 0.628074, 0.0097157, 0.383476, -0.00187639, 0.00606623, 0.0771693, 0.00228782, 0.0017986, 0.0764049, -0.00192335, -0.00208584, 0.0771346, 0.00318389, 0.0014118, 0.0759893, -0.00141983, -0.00136384, -0.628074, -2.92735e-18, -0.0335556, -0.00187639, 0.46443, 0.00207199, 0.0362013, -0.0354785, -0.0110665, -0.0345539, -0.0358333, -0.0108613, -0.0395252, -0.0392202, -0.0133257, 0.0380852, -0.0379994, -0.0134514, -0.0097157, 0.0335556, -7.37257e-18, 0.00606623, 0.00207199, 0.555573, -0.0300974, -0.0403806, -0.0108886, -0.0311314, 0.039151, 0.0104446, 0.0353943, -0.0408671, -0.0111666, 0.0353064, 0.039736, 0.0107781, -0.00193334, 0.154931, 0.179545, 0.0771693, 0.0362013, -0.0300974, 0.0660396, 0.00143827, 0.00131028, 0, 0, 0, 0, 0, 0, 0, 0, 0, 0.165121, 0.000293927, 0.00805952, 0.00228782, -0.0354785, -0.0403806, 0.00143827, 0.0383411, 0.0127696, 0, 0, 0, 0, 0, 0, 0, 0, 0, 0.0371899, -0.000199222, 0.00634556, 0.0017986, -0.0110665, -0.0108886, 0.00131028, 0.0127696, 0.00606647, 0, 0, 0, 0, 0, 0, 0, 0, 0, 0.000565131, 0.160441, -0.174406, 0.0764049, -0.0345539, -0.0311314, 0, 0, 0, 0.065884, -0.0014186, -0.00160858, 0, 0, 0, 0, 0, 0, 0.164866, 0.000859513, 0.00745699, -0.00192335, -0.0358333, 0.039151, 0, 0, 0, -0.0014186, 0.0382107, 0.0127044, 0, 0, 0, 0, 0, 0, 0.0369241, 0.000350323, 0.00773823, -0.00208584, -0.0108613, 0.0104446, 0, 0, 0, -0.00160858, 0.0127044, 0.00606647, 0, 0, 0, 0, 0, 0, -0.00193563, 0.153854, 0.180504, 0.0771346, -0.0395252, 0.0353943, 0, 0, 0, 0, 0, 0, 0.0660963, 0.00205398, 0.000998694, 0, 0, 0, 0.16513, -3.16855e-05, 0.0124235, 0.00318389, -0.0392202, -0.0408671, 0, 0, 0, 0, 0, 0, 0.00205398, 0.0384709, 0.0128345, 0, 0, 0, 0.0374082, -0.000142305, 0.00489935, 0.0014118, -0.0133257, -0.0111666, 0, 0, 0, 0, 0, 0, 0.000998694, 0.0128345, 0.00606647, 0, 0, 0, 0.000582786, 0.159067, -0.176069, 0.0759893, 0.0380852, 0.0353064, 0, 0, 0, 0, 0, 0, 0, 0, 0, 0.0661461, -0.00101684, -0.00105074, 0.165314, 0.000867699, 0.00584631, -0.00141983, -0.0379994, 0.039736, 0, 0, 0, 0, 0, 0, 0, 0, 0, -0.00101684, 0.0383884, 0.0127933, 0.0373736, 0.000335228, 0.00514757, -0.00136384, -0.0134514, 0.0107781, 0, 0, 0, 0, 0, 0, 0, 0, 0, -0.00105074, 0.0127933, 0.00606647, -60.3325, -89.0668, 331.163, 20.1211, -12.6959, 12.7366, 3.70987, -3.53283, -0.664187, -2.07394, 0.128858, 0.174857, 16.3831, -4.00479, -0.795726, -6.03527, -0.772512, 0.102518, 1, -1.19262e-18, -3.46945e-18, 1, -1.19262e-18, -5.20417e-18, 1, 1.57209e-18, 2.60209e-18, 1, -1.02999e-18, 3.46945e-18, -1.24683e-18, 1, 0, -1.13841e-18, 1, 2.08167e-17, 1.35525e-18, 1, 2.77556e-17, -3.79471e-19, 1, 0, -3.46945e-18, 1.38778e-17, 1, 0, 6.93889e-18, 1, -3.46945e-18, -6.93889e-18, 1, -3.46945e-18, -6.93889e-18, 1, 8.67362e-19, 0.399565, 0.309371, -2.1684e-18, 0.402025, -0.297705, 0, 0.396069, 0.313661, 1.73472e-18, 0.399341, -0.300239, -0.399565, -8.67362e-19, 0.169621, -0.402025, 0, 0.161262, -0.396069, 1.73472e-18, -0.249569, -0.399341, 0, -0.244066, -0.309371, -0.169621, 0, 0.297705, -0.161262, -2.60209e-18, -0.313661, 0.249569, 5.20417e-18, 0.300239, 0.244066, -4.33681e-18, -0.00345573, 0.396421, 0.250109, 0, 0, 0, 0, 0, 0, 0, 0, 0, 0.410101, -0.000540395, 0.0417007, 0, 0, 0, 0, 0, 0, 0, 0, 0, 0.230269, -0.00123361, 0.0392914, 0, 0, 0, 0, 0, 0, 0, 0, 0, 0, 0, 0, -1.18348e-05, 0.402784, -0.237046, 0, 0, 0, 0, 0, 0, 0, 0, 0, 0.408471, 0.0028849, 0.0475191, 0, 0, 0, 0, 0, 0, 0, 0, 0, 0.228623, 0.00216914, 0.0479144, 0, 0, 0, 0, 0, 0, 0, 0, 0, 0, 0, 0, -0.00347154, 0.395912, 0.252629, 0, 0, 0, 0, 0, 0, 0, 0, 0, 0.411159, -0.000725715, 0.0409136, 0, 0, 0, 0, 0, 0, 0, 0, 0, 0.23162, -0.000881213, 0.0303369, 0, 0, 0, 0, 0, 0, 0, 0, 0, 0, 0, 0, 1.75463e-05, 0.402988, -0.241291, 0, 0, 0, 0, 0, 0, 0, 0, 0, 0.411252, 0.00282418, 0.032856, 0, 0, 0, 0, 0, 0, 0, 0, 0, 0.231406, 0.00207569, 0.0318738, -47.4981, -64.6805, 159.084, -0.368851, 7.21016, 17.9156, -73.6618, -90.5451, 383.894, -20.6902, 9.46059, 174.546, -0.397313, -0.3902, 2.92873, -9.78499, -1.88294, 1.20862, 25.7756, 3.60239, -20.1865, 3.89459, -1.27799, -2.92416, 28.5259, 18.7364, -47.8106, 0.128358, 1.26338, -27.4642, 1, 0, 0, 1, 165.963, -96.2711, 79837.7, -1721.07, 653.171, 753.049, 0, 0, 0, -8.72144e+06, 4.49835e+06, 227420, -8.72085e+06, 4.49929e+06, 229232, 0, 0, 0, -365.389, -20.7476, 228.422, -54.8274, 48.3581, -15.9002, -404.202, -234.901, 619.375, -1.58375, 12.3959, 331.528, 0, 0, 50.2565, 0, 0, 0, 0, 0, 0, 0, 0, 50.2565, 100, 100, 100, 10000, 20, 1, 0.0001, 0.0001]
Input 2 (lbx): [-inf, -inf, -inf, -inf, -inf, -inf, -inf, -inf, -inf, -inf, -inf, -inf, -inf, -inf, -inf, -inf, -inf, -inf, -inf, -inf, -inf, -inf, -inf, -inf, -inf, -inf, -inf, -inf, -inf, -inf, -inf, -inf, -inf, -inf, -inf, -inf, -inf, -inf, -inf, -inf, -inf, -inf]
Input 3 (ubx): [inf, inf, inf, inf, inf, inf, inf, inf, inf, inf, inf, inf, inf, inf, inf, inf, inf, inf, inf, inf, inf, inf, inf, inf, inf, inf, inf, inf, inf, inf, inf, inf, inf, inf, inf, inf, inf, inf, inf, inf, inf, inf]
Input 4 (lbg): [0, 0, 0, 0, 0, 0, 0, 0, 0, 0, 0, 0, 0, 0, 0, 0, 0, 0, -100, -100, -100, -100, -100, -100, -100, -100, -100, -100, -100, -100, -inf, -inf, -inf, -inf, -inf, -inf, -inf, -inf, -inf, -inf, -inf, -inf, -inf, -inf, -inf, -inf, -inf, -inf, -inf, -inf, -inf, -inf, -inf, -inf]
Input 5 (ubg): [0, 0, 0, 0, 0, 0, 0, 0, 0, 0, 0, 0, 0, 0, 0, 0, 0, 0, 100, 100, 100, 100, 100, 100, 100, 100, 100, 100, 100, 100, 0, 0, 0, 0, 0, 0, 0, 0, 0, 0, 0, 0, 0, 0, 0, 0, 0, 0, 0, 0, 0, 0, 0, 0]
Input 6 (lam_x0): [0, 0, 0, 0, 0, 0, 0, 0, 0, 0, 0, 0, 0, 0, 0, 0, 0, 0, 0, 0, 0, 0, 0, 0, 0, 0, 0, 0, 0, 0, 0, 0, 0, 0, 0, 0, 0, 0, 0, 0, 0, 0]
Input 7 (lam_g0): [0, 0, 0, 0, 0, 0, 0, 0, 0, 0, 0, 0, 0, 0, 0, 0, 0, 0, 0, 0, 0, 0, 0, 0, 0, 0, 0, 0, 0, 0, 0, 0, 0, 0, 0, 0, 0, 0, 0, 0, 0, 0, 0, 0, 0, 0, 0, 0, 0, 0, 0, 0, 0, 0]
[wbc] QP failed, reusing last torques: Error in Function::call for 'wbc_qp' [MXFunction] at .../casadi/core/function.cpp:514:
Error in Function::operator() for 'solver' [MXFunction] at .../casadi/core/function.cpp:1736:
Error in Function::operator() for 'solver_qpsol' [QpoasesInterface] at .../casadi/core/function.cpp:1736:
.../casadi/core/conic.cpp:574: conic process failed. Set 'error_on_fail' option to false to ignore this error.
Function solver_qpsol (0x164e3700)
Input 0 (h): sparse: 42-by-42, 348 nnz
 (0, 0) -> 40600
 (1, 0) -> -2.3332e-14
 (2, 0) -> -4.25701e-13
 (3, 0) -> 1.11045e-13
 (4, 0) -> -15882.2
 (5, 0) -> -303.966
 (6, 0) -> -112.147
 (7, 0) -> 8241.31
 (8, 0) -> 4646.18
 (9, 0) -> -0.092623
 (10, 0) -> 81.9125
 (11, 0) -> 45.9434
 (12, 0) -> -1.12837
 (13, 0) -> 82.3914
 (14, 0) -> 46.7088
 (15, 0) -> -7.18605
 (16, 0) -> 8263.01
 (17, 0) -> 4666.75
 (0, 1) -> -2.3332e-14
 (1, 1) -> 40600
 (2, 1) -> -2.73392e-13
 (3, 1) -> 15882.2
 (4, 1) -> 1.91841e-13
 (5, 1) -> 895.647
 (6, 1) -> 7760.61
 (7, 1) -> 9.54333
 (8, 1) -> -9.40891
 (9, 1) -> 80.1218
 (10, 1) -> 0.913265
 (11, 1) -> 0.659723
 (12, 1) -> 76.6063
 (13, 1) -> 0.062685
 (14, 1) -> 0.286714
 (15, 1) -> 7972.77
 (16, 1) -> 73.3328
 (17, 1) -> 44.8724
 (0, 2) -> -4.25701e-13
 (1, 2) -> -2.73392e-13
 (2, 2) -> 40600
 (3, 2) -> 303.966
 (4, 2) -> -895.647
 (5, 2) -> -2.27351e-13
 (6, 2) -> 5319.16
 (7, 2) -> 604.67
 (8, 2) -> 490.477
 (9, 2) -> -48.5452
 (10, 2) -> 8.51781
 (11, 2) -> 8.45725
 (12, 2) -> 54.5801
 (13, 2) -> 5.51448
 (14, 2) -> 0.981692
 (15, 2) -> -5027.87
 (16, 2) -> 284.319
 (17, 2) -> 216.851
 (0, 3) -> 1.11045e-13
 (1, 3) -> 15882.2
 (2, 3) -> 303.966
 (3, 3) -> 10508.4
 (4, 3) -> 2558.75
 (5, 3) -> 348.975
 (6, 3) -> 4779.63
 (7, 3) -> 199.988
 (8, 3) -> 155.473
 (9, 3) -> 46.7064
 (10, 3) -> -2.22403
 (11, 3) -> -2.30675
 (12, 3) -> 47.6887
 (13, 3) -> 1.869
 (14, 3) -> 0.438575
 (15, 3) -> 4688.76
 (16, 3) -> -59.2288
 (17, 3) -> -49.5184
 (0, 4) -> -15882.2
 (1, 4) -> 1.91841e-13
 (2, 4) -> -895.647
 (3, 4) -> 2558.75
 (4, 4) -> 8148.97
 (5, 4) -> 122.478
 (6, 4) -> 1013.52
 (7, 4) -> -3132.33
 (8, 4) -> -1738.64
 (9, 4) -> -7.98562
 (10, 4) -> -31.2617
 (11, 4) -> -16.9261
 (12, 4) -> -12.3923
 (13, 4) -> -32.9468
 (14, 4) -> -18.174
 (15, 4) -> 1140.79
 (16, 4) -> -3310.3
 (17, 4) -> -1882.32
 (0, 5) -> -303.966
 (1, 5) -> 895.647
 (2, 5) -> -2.27351e-13
 (3, 5) -> 348.975
 (4, 5) -> 122.478
 (5, 5) -> 5970.08
 (6, 5) -> -1377.95
 (7, 5) -> -2676.29
 (8, 5) -> -1506.11
 (9, 5) -> -13.2691
 (10, 5) -> 24.7395
 (11, 5) -> 13.8516
 (12, 5) -> 18.3792
 (13, 5) -> -27.55
 (14, 5) -> -15.5595
 (15, 5) -> 1802.27
 (16, 5) -> 2575.15
 (17, 5) -> 1455.16
 (0, 6) -> -112.147
 (1, 6) -> 7760.61
 (2, 6) -> 5319.16
 (3, 6) -> 4779.63
 (4, 6) -> 1013.52
 (5, 6) -> -1377.95
 (6, 6) -> 4428.65
 (7, 6) -> 118.308
 (8, 6) -> 100.743
 (9, 6) -> 0
 (10, 6) -> 0
 (11, 6) -> 0
 (12, 6) -> 0
 (13, 6) -> 0
 (14, 6) -> 0
 (15, 6) -> 0
 (16, 6) -> 0
 (17, 6) -> 0
 (0, 7) -> 8241.31
 (1, 7) -> 9.54333
 (2, 7) -> 604.67
 (3, 7) -> 199.988
 (4, 7) -> -3132.33
 (5, 7) -> -2676.29
 (6, 7) -> 118.308
 (7, 7) -> 3416.25
 (8, 7) -> 1929.35
 (9, 7) -> 0
 (10, 7) -> 0
 (11, 7) -> 0
 (12, 7) -> 0
 (13, 7) -> 0
 (14, 7) -> 0
 (15, 7) -> 0
 (16, 7) -> 0
 (17, 7) -> 0
 (0, 8) -> 4646.18
 (1, 8) -> -9.40891
 (2, 8) -> 490.477
 (3, 8) -> 155.473
 (4, 8) -> -1738.64
 (5, 8) -> -1506.11
 (6, 8) -> 100.743
 (7, 8) -> 1929.35
 (8, 8) -> 1093.38
 (9, 8) -> 0
 (10, 8) -> 0
 (11, 8) -> 0
 (12, 8) -> 0
 (13, 8) -> 0
 (14, 8) -> 0
 (15, 8) -> 0
 (16, 8) -> 0
 (17, 8) -> 0
 (0, 9) -> -0.092623
 (1, 9) -> 80.1218
 (2, 9) -> -48.5452
 (3, 9) -> 46.7064
 (4, 9) -> -7.98562
 (5, 9) -> -13.2691
 (6, 9) -> 0
 (7, 9) -> 0
 (8, 9) -> 0
 (9, 9) -> 45.8808
 (10, 9) -> -1.73957
 (11, 9) -> -1.80978
 (12, 9) -> 0
 (13, 9) -> 0
 (14, 9) -> 0
 (15, 9) -> 0
 (16, 9) -> 0
 (17, 9) -> 0
 (0, 10) -> 81.9125
 (1, 10) -> 0.913265
 (2, 10) -> 8.51781
 (3, 10) -> -2.22403
 (4, 10) -> -31.2617
 (5, 10) -> 24.7395
 (6, 10) -> 0
 (7, 10) -> 0
 (8, 10) -> 0
 (9, 10) -> -1.73957
 (10, 10) -> 35.9152
 (11, 10) -> 19.1799
 (12, 10) -> 0
 (13, 10) -> 0
 (14, 10) -> 0
 (15, 10) -> 0
 (16, 10) -> 0
 (17, 10) -> 0
 (0, 11) -> 45.9434
 (1, 11) -> 0.659723
 (2, 11) -> 8.45725
 (3, 11) -> -2.30675
 (4, 11) -> -16.9261
 (5, 11) -> 13.8516
 (6, 11) -> 0
 (7, 11) -> 0
 (8, 11) -> 0
 (9, 11) -> -1.80978
 (10, 11) -> 19.1799
 (11, 11) -> 12.9138
 (12, 11) -> 0
 (13, 11) -> 0
 (14, 11) -> 0
 (15, 11) -> 0
 (16, 11) -> 0
 (17, 11) -> 0
 (0, 12) -> -1.12837
 (1, 12) -> 76.6063
 (2, 12) -> 54.5801
 (3, 12) -> 47.6887
 (4, 12) -> -12.3923
 (5, 12) -> 18.3792
 (6, 12) -> 0
 (7, 12) -> 0
 (8, 12) -> 0
 (9, 12) -> 0
 (10, 12) -> 0
 (11, 12) -> 0
 (12, 12) -> 46.2439
 (13, 12) -> 1.06407
 (14, 12) -> 0.1142
 (15, 12) -> 0
 (16, 12) -> 0
 (17, 12) -> 0
 (0, 13) -> 82.3914
 (1, 13) -> 0.062685
 (2, 13) -> 5.51448
 (3, 13) -> 1.869
 (4, 13) -> -32.9468
 (5, 13) -> -27.55
 (6, 13) -> 0
 (7, 13) -> 0
 (8, 13) -> 0
 (9, 13) -> 0
 (10, 13) -> 0
 (11, 13) -> 0
 (12, 13) -> 1.06407
 (13, 13) -> 36.0938
 (14, 13) -> 19.2692
 (15, 13) -> 0
 (16, 13) -> 0
 (17, 13) -> 0
 (0, 14) -> 46.7088
 (1, 14) -> 0.286714
 (2, 14) -> 0.981692
 (3, 14) -> 0.438575
 (4, 14) -> -18.174
 (5, 14) -> -15.5595
 (6, 14) -> 0
 (7, 14) -> 0
 (8, 14) -> 0
 (9, 14) -> 0
 (10, 14) -> 0
 (11, 14) -> 0
 (12, 14) -> 0.1142
 (13, 14) -> 19.2692
 (14, 14) -> 12.9138
 (15, 14) -> 0
 (16, 14) -> 0
 (17, 14) -> 0
 (0, 15) -> -7.18605
 (1, 15) -> 7972.77
 (2, 15) -> -5027.87
 (3, 15) -> 4688.76
 (4, 15) -> 1140.79
 (5, 15) -> 1802.27
 (6, 15) -> 0
 (7, 15) -> 0
 (8, 15) -> 0
 (9, 15) -> 0
 (10, 15) -> 0
 (11, 15) -> 0
 (12, 15) -> 0
 (13, 15) -> 0
 (14, 15) -> 0
 (15, 15) -> 4444.23
 (16, 15) -> -45.2115
 (17, 15) -> -38.304
 (0, 16) -> 8263.01
 (1, 16) -> 73.3328
 (2, 16) -> 284.319
 (3, 16) -> -59.2288
 (4, 16) -> -3310.3
 (5, 16) -> 2575.15
 (6, 16) -> 0
 (7, 16) -> 0
 (8, 16) -> 0
 (9, 16) -> 0
 (10, 16) -> 0
 (11, 16) -> 0
 (12, 16) -> 0
 (13, 16) -> 0
 (14, 16) -> 0
 (15, 16) -> -45.2115
 (16, 16) -> 3420.17
 (17, 16) -> 1931.32
 (0, 17) -> 4666.75
 (1, 17) -> 44.8724
 (2, 17) -> 216.851
 (3, 17) -> -49.5184
 (4, 17) -> -1882.32
 (5, 17) -> 1455.16
 (6, 17) -> 0
 (7, 17) -> 0
 (8, 17) -> 0
 (9, 17) -> 0
 (10, 17) -> 0
 (11, 17) -> 0
 (12, 17) -> 0
 (13, 17) -> 0
 (14, 17) -> 0
 (15, 17) -> -38.304
 (16, 17) -> 1931.32
 (17, 17) -> 1093.38
 (18, 18) -> 0.0002
 (19, 19) -> 0.0002
 (20, 20) -> 0.0002
 (21, 21) -> 0.0002
 (22, 22) -> 0.0002
 (23, 23) -> 0.0002
 (24, 24) -> 0.0002
 (25, 25) -> 0.0002
 (26, 26) -> 0.0002
 (27, 27) -> 0.0002
 (28, 28) -> 0.0002
 (29, 29) -> 0.0002
 (30, 30) -> 0.0002
 (31, 31) -> 0.0002
 (32, 32) -> 0.0002
 (33, 33) -> 0.0002
 (34, 34) -> 0.0002
 (35, 35) -> 0.0002
 (36, 36) -> 0.0002
 (37, 37) -> 0.0002
 (38, 38) -> 0.0002
 (39, 39) -> 0.0002
 (40, 40) -> 0.0002
 (41, 41) -> 0.0002
Input 1 (g): [1.23172e+09, -6.40267e+08, -1.29146e+07, -2.51726e+08, -4.8234e+08, -4.14564e+07, 2.98768e+06, -1.45768e+06, -739596, -1.24397e+08, 2.51886e+08, 1.40746e+08, -1.30258e+08, 2.54897e+08, 1.44272e+08, -3.94757e+06, -1.55153e+06, -838725, -0, -0, -0.0100513, -0, -0, -0, -0, -0, -0, -0, -0, -0.0100513, 0, 0, 0, 0, 0, 0, 0, 0, 0, 0, 0, 0]
Input 2 (a): sparse: 54-by-42, 604 nnz
 (0, 0) -> 10.246
 (1, 0) -> 3.55618e-17
 (2, 0) -> 0
 (3, 0) -> -5.85469e-18
 (4, 0) -> -0.60453
 (5, 0) -> -0.0174246
 (6, 0) -> -0.00300475
 (7, 0) -> 0.165396
 (8, 0) -> 0.0375194
 (9, 0) -> 0.000649157
 (10, 0) -> 0.165041
 (11, 0) -> 0.0371008
 (12, 0) -> -0.00300122
 (13, 0) -> 0.16464
 (14, 0) -> 0.0377189
 (15, 0) -> 0.000707845
 (16, 0) -> 0.165602
 (17, 0) -> 0.0376855
 (0, 1) -> 2.42861e-17
 (1, 1) -> 10.246
 (2, 1) -> 0
 (3, 1) -> 0.60453
 (4, 1) -> 1.73472e-18
 (5, 1) -> 0.0355708
 (6, 1) -> 0.147905
 (7, 1) -> 0.000598166
 (8, 1) -> -7.59545e-05
 (9, 1) -> 0.158172
 (10, 1) -> 0.00143457
 (11, 1) -> 0.000532737
 (12, 1) -> 0.143862
 (13, 1) -> -0.000565299
 (14, 1) -> 0.000231561
 (15, 1) -> 0.154909
 (16, 1) -> 0.00137466
 (17, 1) -> 0.000362343
 (0, 2) -> 2.77556e-17
 (1, 2) -> 1.11022e-16
 (2, 2) -> 10.246
 (3, 2) -> 0.0174246
 (4, 2) -> -0.0355708
 (5, 2) -> 2.55872e-17
 (6, 2) -> 0.185625
 (7, 2) -> 0.00802228
 (8, 2) -> 0.0039605
 (9, 2) -> -0.176646
 (10, 2) -> 0.00704465
 (11, 2) -> 0.00682925
 (12, 2) -> 0.188185
 (13, 2) -> 0.0169154
 (14, 2) -> 0.000792492
 (15, 2) -> -0.180003
 (16, 2) -> 0.00415066
 (17, 2) -> 0.00175089
 (0, 3) -> -2.81893e-18
 (1, 3) -> 0.60453
 (2, 3) -> 0.0174246
 (3, 3) -> 0.386027
 (4, 3) -> -0.00359312
 (5, 3) -> 0.00271871
 (6, 3) -> 0.07788
 (7, 3) -> 0.00227589
 (8, 3) -> 0.0011875
 (9, 3) -> 0.0766085
 (10, 3) -> -0.00168027
 (11, 3) -> -0.00180398
 (12, 3) -> 0.0777073
 (13, 3) -> 0.00409473
 (14, 3) -> 0.00032198
 (15, 3) -> 0.0759121
 (16, 3) -> -0.000762085
 (17, 3) -> -0.000398206
 (0, 4) -> -0.60453
 (1, 4) -> -8.67362e-19
 (2, 4) -> -0.0355708
 (3, 4) -> -0.00359312
 (4, 4) -> 0.458447
 (5, 4) -> 0.00317007
 (6, 4) -> 0.0379259
 (7, 4) -> -0.034722
 (8, 4) -> -0.0113492
 (9, 4) -> -0.0349732
 (10, 4) -> -0.0354289
 (11, 4) -> -0.0109403
 (12, 4) -> -0.0414492
 (13, 4) -> -0.0386168
 (14, 4) -> -0.011998
 (15, 4) -> 0.0385808
 (16, 4) -> -0.0366202
 (17, 4) -> -0.0124849
 (0, 5) -> -0.0174246
 (1, 5) -> 0.0355708
 (2, 5) -> 5.20417e-18
 (3, 5) -> 0.00271871
 (4, 5) -> 0.00317007
 (5, 5) -> 0.566691
 (6, 5) -> -0.028876
 (7, 5) -> -0.0418539
 (8, 5) -> -0.0114673
 (9, 5) -> -0.0307527
 (10, 5) -> 0.0397041
 (11, 5) -> 0.0106538
 (12, 5) -> 0.0335949
 (13, 5) -> -0.042834
 (14, 5) -> -0.011819
 (15, 5) -> 0.0337591
 (16, 5) -> 0.040732
 (17, 5) -> 0.0111546
 (0, 6) -> -0.00300475
 (1, 6) -> 0.147905
 (2, 6) -> 0.185625
 (3, 6) -> 0.07788
 (4, 6) -> 0.0379259
 (5, 6) -> -0.028876
 (6, 6) -> 0.066218
 (7, 6) -> 0.00121181
 (8, 6) -> 0.000772608
 (9, 6) -> 0
 (10, 6) -> 0
 (11, 6) -> 0
 (12, 6) -> 0
 (13, 6) -> 0
 (14, 6) -> 0
 (15, 6) -> 0
 (16, 6) -> 0
 (17, 6) -> 0
 (0, 7) -> 0.165396
 (1, 7) -> 0.000598166
 (2, 7) -> 0.00802228
 (3, 7) -> 0.00227589
 (4, 7) -> -0.034722
 (5, 7) -> -0.0418539
 (6, 7) -> 0.00121181
 (7, 7) -> 0.0384687
 (8, 7) -> 0.0128334
 (9, 7) -> 0
 (10, 7) -> 0
 (11, 7) -> 0
 (12, 7) -> 0
 (13, 7) -> 0
 (14, 7) -> 0
 (15, 7) -> 0
 (16, 7) -> 0
 (17, 7) -> 0
 (0, 8) -> 0.0375194
 (1, 8) -> -7.59545e-05
 (2, 8) -> 0.0039605
 (3, 8) -> 0.0011875
 (4, 8) -> -0.0113492
 (5, 8) -> -0.0114673
 (6, 8) -> 0.000772608
 (7, 8) -> 0.0128334
 (8, 8) -> 0.00606647
 (9, 8) -> 0
 (10, 8) -> 0
 (11, 8) -> 0
 (12, 8) -> 0
 (13, 8) -> 0
 (14, 8) -> 0
 (15, 8) -> 0
 (16, 8) -> 0
 (17, 8) -> 0
 (0, 9) -> 0.000649157
 (1, 9) -> 0.158172
 (2, 9) -> -0.176646
 (3, 9) -> 0.0766085
 (4, 9) -> -0.0349732
 (5, 9) -> -0.0307527
 (6, 9) -> 0
 (7, 9) -> 0
 (8, 9) -> 0
 (9, 9) -> 0.0660019
 (10, 9) -> -0.00121242
 (11, 9) -> -0.00138799
 (12, 9) -> 0
 (13, 9) -> 0
 (14, 9) -> 0
 (15, 9) -> 0
 (16, 9) -> 0
 (17, 9) -> 0
 (0, 10) -> 0.165041
 (1, 10) -> 0.00143457
 (2, 10) -> 0.00704465
 (3, 10) -> -0.00168027
 (4, 10) -> -0.0354289
 (5, 10) -> 0.0397041
 (6, 10) -> 0
 (7, 10) -> 0
 (8, 10) -> 0
 (9, 10) -> -0.00121242
 (10, 10) -> 0.0382852
 (11, 10) -> 0.0127416
 (12, 10) -> 0
 (13, 10) -> 0
 (14, 10) -> 0
 (15, 10) -> 0
 (16, 10) -> 0
 (17, 10) -> 0
 (0, 11) -> 0.0371008
 (1, 11) -> 0.000532737
 (2, 11) -> 0.00682925
 (3, 11) -> -0.00180398
 (4, 11) -> -0.0109403
 (5, 11) -> 0.0106538
 (6, 11) -> 0
 (7, 11) -> 0
 (8, 11) -> 0
 (9, 11) -> -0.00138799
 (10, 11) -> 0.0127416
 (11, 11) -> 0.00606647
 (12, 11) -> 0
 (13, 11) -> 0
 (14, 11) -> 0
 (15, 11) -> 0
 (16, 11) -> 0
 (17, 11) -> 0
 (0, 12) -> -0.00300122
 (1, 12) -> 0.143862
 (2, 12) -> 0.188185
 (3, 12) -> 0.0777073
 (4, 12) -> -0.0414492
 (5, 12) -> 0.0335949
 (6, 12) -> 0
 (7, 12) -> 0
 (8, 12) -> 0
 (9, 12) -> 0
 (10, 12) -> 0
 (11, 12) -> 0
 (12, 12) -> 0.0659624
 (13, 12) -> 0.00246257
 (14, 12) -> 8.75327e-05
 (15, 12) -> 0
 (16, 12) -> 0
 (17, 12) -> 0
 (0, 13) -> 0.16464
 (1, 13) -> -0.000565299
 (2, 13) -> 0.0169154
 (3, 13) -> 0.00409473
 (4, 13) -> -0.0386168
 (5, 13) -> -0.042834
 (6, 13) -> 0
 (7, 13) -> 0
 (8, 13) -> 0
 (9, 13) -> 0
 (10, 13) -> 0
 (11, 13) -> 0
 (12, 13) -> 0.00246257
 (13, 13) -> 0.0384293
 (14, 13) -> 0.0128137
 (15, 13) -> 0
 (16, 13) -> 0
 (17, 13) -> 0
 (0, 14) -> 0.0377189
 (1, 14) -> 0.000231561
 (2, 14) -> 0.000792492
 (3, 14) -> 0.00032198
 (4, 14) -> -0.011998
 (5, 14) -> -0.011819
 (6, 14) -> 0
 (7, 14) -> 0
 (8, 14) -> 0
 (9, 14) -> 0
 (10, 14) -> 0
 (11, 14) -> 0
 (12, 14) -> 8.75327e-05
 (13, 14) -> 0.0128137
 (14, 14) -> 0.00606647
 (15, 14) -> 0
 (16, 14) -> 0
 (17, 14) -> 0
 (0, 15) -> 0.000707845
 (1, 15) -> 0.154909
 (2, 15) -> -0.180003
 (3, 15) -> 0.0759121
 (4, 15) -> 0.0385808
 (5, 15) -> 0.0337591
 (6, 15) -> 0
 (7, 15) -> 0
 (8, 15) -> 0
 (9, 15) -> 0
 (10, 15) -> 0
 (11, 15) -> 0
 (12, 15) -> 0
 (13, 15) -> 0
 (14, 15) -> 0
 (15, 15) -> 0.066301
 (16, 15) -> -0.000466439
 (17, 15) -> -0.000293724
 (0, 16) -> 0.165602
 (1, 16) -> 0.00137466
 (2, 16) -> 0.00415066
 (3, 16) -> -0.000762085
 (4, 16) -> -0.0366202
 (5, 16) -> 0.040732
 (6, 16) -> 0
 (7, 16) -> 0
 (8, 16) -> 0
 (9, 16) -> 0
 (10, 16) -> 0
 (11, 16) -> 0
 (12, 16) -> 0
 (13, 16) -> 0
 (14, 16) -> 0
 (15, 16) -> -0.000466439
 (16, 16) -> 0.0385004
 (17, 16) -> 0.0128492
 (0, 17) -> 0.0376855
 (1, 17) -> 0.000362343
 (2, 17) -> 0.00175089
 (3, 17) -> -0.000398206
 (4, 17) -> -0.0124849
 (5, 17) -> 0.0111546
 (6, 17) -> 0
 (7, 17) -> 0
 (8, 17) -> 0
 (9, 17) -> 0
 (10, 17) -> 0
 (11, 17) -> 0
 (12, 17) -> 0
 (13, 17) -> 0
 (14, 17) -> 0
 (15, 17) -> -0.000293724
 (16, 17) -> 0.0128492
 (17, 17) -> 0.00606647
 (0, 18) -> -1
 (1, 18) -> 1.84314e-18
 (2, 18) -> -3.46945e-18
 (3, 18) -> 4.33681e-19
 (4, 18) -> 0.393448
 (5, 18) -> 0.32453
 (6, 18) -> 0.00560734
 (7, 18) -> -0.412066
 (8, 18) -> -0.232309
 (9, 18) -> -0
 (10, 18) -> -0
 (11, 18) -> -0
 (12, 18) -> -0
 (13, 18) -> -0
 (14, 18) -> -0
 (15, 18) -> -0
 (16, 18) -> -0
 (17, 18) -> -0
 (32, 18) -> 1
 (33, 18) -> -1
 (0, 19) -> -2.05998e-18
 (1, 19) -> -1
 (2, 19) -> -0
 (3, 19) -> -0.393448
 (4, 19) -> 3.46945e-18
 (5, 19) -> 0.182247
 (6, 19) -> -0.38803
 (7, 19) -> -0.000477167
 (8, 19) -> 0.000470445
 (9, 19) -> -0
 (10, 19) -> -0
 (11, 19) -> -0
 (12, 19) -> -0
 (13, 19) -> -0
 (14, 19) -> -0
 (15, 19) -> -0
 (16, 19) -> -0
 (17, 19) -> -0
 (34, 19) -> 1
 (35, 19) -> -1
 (0, 20) -> -1.04083e-17
 (1, 20) -> -2.08167e-17
 (2, 20) -> -1
 (3, 20) -> -0.32453
 (4, 20) -> -0.182247
 (5, 20) -> 1.73472e-18
 (6, 20) -> -0.265958
 (7, 20) -> -0.0302335
 (8, 20) -> -0.0245239
 (9, 20) -> -0
 (10, 20) -> -0
 (11, 20) -> -0
 (12, 20) -> -0
 (13, 20) -> -0
 (14, 20) -> -0
 (15, 20) -> -0
 (16, 20) -> -0
 (17, 20) -> -0
 (30, 20) -> -1
 (31, 20) -> 1
 (32, 20) -> -0.6
 (33, 20) -> -0.6
 (34, 20) -> -0.6
 (35, 20) -> -0.6
 (0, 21) -> -1
 (1, 21) -> -1.0842e-18
 (2, 21) -> 1.73472e-18
 (3, 21) -> 1.73472e-18
 (4, 21) -> 0.398832
 (5, 21) -> -0.303866
 (6, 21) -> -0
 (7, 21) -> -0
 (8, 21) -> -0
 (9, 21) -> 0.000463115
 (10, 21) -> -0.409563
 (11, 21) -> -0.229717
 (12, 21) -> -0
 (13, 21) -> -0
 (14, 21) -> -0
 (15, 21) -> -0
 (16, 21) -> -0
 (17, 21) -> -0
 (38, 21) -> 1
 (39, 21) -> -1
 (0, 22) -> -1.95156e-18
 (1, 22) -> -1
 (2, 22) -> -0
 (3, 22) -> -0.398832
 (4, 22) -> 1.73472e-18
 (5, 22) -> 0.16526
 (6, 22) -> -0
 (7, 22) -> -0
 (8, 22) -> -0
 (9, 22) -> -0.400609
 (10, 22) -> -0.00456633
 (11, 22) -> -0.00329861
 (12, 22) -> -0
 (13, 22) -> -0
 (14, 22) -> -0
 (15, 22) -> -0
 (16, 22) -> -0
 (17, 22) -> -0
 (40, 22) -> 1
 (41, 22) -> -1
 (0, 23) -> -0
 (1, 23) -> -0
 (2, 23) -> -1
 (3, 23) -> 0.303866
 (4, 23) -> -0.16526
 (5, 23) -> -1.73472e-18
 (6, 23) -> -0
 (7, 23) -> -0
 (8, 23) -> -0
 (9, 23) -> 0.242726
 (10, 23) -> -0.0425891
 (11, 23) -> -0.0422863
 (12, 23) -> -0
 (13, 23) -> -0
 (14, 23) -> -0
 (15, 23) -> -0
 (16, 23) -> -0
 (17, 23) -> -0
 (36, 23) -> -1
 (37, 23) -> 1
 (38, 23) -> -0.6
 (39, 23) -> -0.6
 (40, 23) -> -0.6
 (41, 23) -> -0.6
 (0, 24) -> -1
 (1, 24) -> 6.28837e-18
 (2, 24) -> -4.85723e-17
 (3, 24) -> -3.46945e-18
 (4, 24) -> 0.384153
 (5, 24) -> 0.334558
 (6, 24) -> -0
 (7, 24) -> -0
 (8, 24) -> -0
 (9, 24) -> -0
 (10, 24) -> -0
 (11, 24) -> -0
 (12, 24) -> 0.00564185
 (13, 24) -> -0.411957
 (14, 24) -> -0.233544
 (15, 24) -> -0
 (16, 24) -> -0
 (17, 24) -> -0
 (44, 24) -> 1
 (45, 24) -> -1
 (0, 25) -> 4.98733e-18
 (1, 25) -> -1
 (2, 25) -> -1.38778e-17
 (3, 25) -> -0.384153
 (4, 25) -> -3.46945e-18
 (5, 25) -> -0.23499
 (6, 25) -> -0
 (7, 25) -> -0
 (8, 25) -> -0
 (9, 25) -> -0
 (10, 25) -> -0
 (11, 25) -> -0
 (12, 25) -> -0.383031
 (13, 25) -> -0.000313425
 (14, 25) -> -0.00143357
 (15, 25) -> -0
 (16, 25) -> -0
 (17, 25) -> -0
 (46, 25) -> 1
 (47, 25) -> -1
 (0, 26) -> -7.97973e-17
 (1, 26) -> -6.93889e-18
 (2, 26) -> -1
 (3, 26) -> -0.334558
 (4, 26) -> 0.23499
 (5, 26) -> -0
 (6, 26) -> -0
 (7, 26) -> -0
 (8, 26) -> -0
 (9, 26) -> -0
 (10, 26) -> -0
 (11, 26) -> -0
 (12, 26) -> -0.2729
 (13, 26) -> -0.0275724
 (14, 26) -> -0.00490846
 (15, 26) -> -0
 (16, 26) -> -0
 (17, 26) -> -0
 (42, 26) -> -1
 (43, 26) -> 1
 (44, 26) -> -0.6
 (45, 26) -> -0.6
 (46, 26) -> -0.6
 (47, 26) -> -0.6
 (0, 27) -> -1
 (1, 27) -> 8.67362e-19
 (2, 27) -> 2.25514e-17
 (3, 27) -> 2.60209e-18
 (4, 27) -> 0.39283
 (5, 27) -> -0.309639
 (6, 27) -> -0
 (7, 27) -> -0
 (8, 27) -> -0
 (9, 27) -> -0
 (10, 27) -> -0
 (11, 27) -> -0
 (12, 27) -> -0
 (13, 27) -> -0
 (14, 27) -> -0
 (15, 27) -> 0.000359303
 (16, 27) -> -0.41315
 (17, 27) -> -0.233338
 (50, 27) -> 1
 (51, 27) -> -1
 (0, 28) -> 4.33681e-19
 (1, 28) -> -1
 (2, 28) -> 1.38778e-17
 (3, 28) -> -0.39283
 (4, 28) -> -3.46945e-18
 (5, 28) -> -0.226332
 (6, 28) -> -0
 (7, 28) -> -0
 (8, 28) -> -0
 (9, 28) -> -0
 (10, 28) -> -0
 (11, 28) -> -0
 (12, 28) -> -0
 (13, 28) -> -0
 (14, 28) -> -0
 (15, 28) -> -0.398638
 (16, 28) -> -0.00366664
 (17, 28) -> -0.00224362
 (52, 28) -> 1
 (53, 28) -> -1
 (0, 29) -> 1.38778e-17
 (1, 29) -> 2.08167e-17
 (2, 29) -> -1
 (3, 29) -> 0.309639
 (4, 29) -> 0.226332
 (5, 29) -> -1.73472e-18
 (6, 29) -> -0
 (7, 29) -> -0
 (8, 29) -> -0
 (9, 29) -> -0
 (10, 29) -> -0
 (11, 29) -> -0
 (12, 29) -> -0
 (13, 29) -> -0
 (14, 29) -> -0
 (15, 29) -> 0.251394
 (16, 29) -> -0.0142159
 (17, 29) -> -0.0108426
 (48, 29) -> -1
 (49, 29) -> 1
 (50, 29) -> -0.6
 (51, 29) -> -0.6
 (52, 29) -> -0.6
 (53, 29) -> -0.6
 (6, 30) -> -1
 (18, 30) -> 1
 (7, 31) -> -1
 (19, 31) -> 1
 (8, 32) -> -1
 (20, 32) -> 1
 (9, 33) -> -1
 (21, 33) -> 1
 (10, 34) -> -1
 (22, 34) -> 1
 (11, 35) -> -1
 (23, 35) -> 1
 (12, 36) -> -1
 (24, 36) -> 1
 (13, 37) -> -1
 (25, 37) -> 1
 (14, 38) -> -1
 (26, 38) -> 1
 (15, 39) -> -1
 (27, 39) -> 1
 (16, 40) -> -1
 (28, 40) -> 1
 (17, 41) -> -1
 (29, 41) -> 1
Input 3 (lba): [93.3286, 214.008, -680.861, -52.2632, 55.6271, -6.24902, -27.3863, 1.22682, 21.7315, 0.312901, -0.136677, 6.90145, -62.5945, -12.7356, 47.4687, 17.1848, -1.98761, 25.9069, -100, -100, -100, -100, -100, -100, -100, -100, -100, -100, -100, -100, -inf, -inf, -inf, -inf, -inf, -inf, -inf, -inf, -inf, -inf, -inf, -inf, -inf, -inf, -inf, -inf, -inf, -inf, -inf, -inf, -inf, -inf, -inf, -inf]
Input 4 (uba): [93.3286, 214.008, -680.861, -52.2632, 55.6271, -6.24902, -27.3863, 1.22682, 21.7315, 0.312901, -0.136677, 6.90145, -62.5945, -12.7356, 47.4687, 17.1848, -1.98761, 25.9069, 100, 100, 100, 100, 100, 100, 100, 100, 100, 100, 100, 100, 0, 400, 0, 0, 0, 0, 0, 0, 0, 0, 0, 0, 0, 0, 0, 0, 0, 0, 0, 400, 0, 0, 0, 0]
Input 5 (lbx): [-inf, -inf, -inf, -inf, -inf, -inf, -inf, -inf, -inf, -inf, -inf, -inf, -inf, -inf, -inf, -inf, -inf, -inf, -inf, -inf, -inf, -inf, -inf, -inf, -inf, -inf, -inf, -inf, -inf, -inf, -inf, -inf, -inf, -inf, -inf, -inf, -inf, -inf, -inf, -inf, -inf, -inf]
Input 6 (ubx): [inf, inf, inf, inf, inf, inf, inf, inf, inf, inf, inf, inf, inf, inf, inf, inf, inf, inf, inf, inf, inf, inf, inf, inf, inf, inf, inf, inf, inf, inf, inf, inf, inf, inf, inf, inf, inf, inf, inf, inf, inf, inf]
Input 7 (x0): [0, 0, 0, 0, 0, 0, 0, 0, 0, 0, 0, 0, 0, 0, 0, 0, 0, 0, 0, 0, 0, 0, 0, 0, 0, 0, 0, 0, 0, 0, 0, 0, 0, 0, 0, 0, 0, 0, 0, 0, 0, 0]
Input 8 (lam_x0): [0, 0, 0, 0, 0, 0, 0, 0, 0, 0, 0, 0, 0, 0, 0, 0, 0, 0, 0, 0, 0, 0, 0, 0, 0, 0, 0, 0, 0, 0, 0, 0, 0, 0, 0, 0, 0, 0, 0, 0, 0, 0]
Input 9 (lam_a0): [0, 0, 0, 0, 0, 0, 0, 0, 0, 0, 0, 0, 0, 0, 0, 0, 0, 0, 0, 0, 0, 0, 0, 0, 0, 0, 0, 0, 0, 0, 0, 0, 0, 0, 0, 0, 0, 0, 0, 0, 0, 0, 0, 0, 0, 0, 0, 0, 0, 0, 0, 0, 0, 0]
Input 10 (q): 0x42
Input 11 (p): 0x0
Function solver (0x16524590)
Input 0 (x0): [0, 0, 0, 0, 0, 0, 0, 0, 0, 0, 0, 0, 0, 0, 0, 0, 0, 0, 0, 0, 0, 0, 0, 0, 0, 0, 0, 0, 0, 0, 0, 0, 0, 0, 0, 0, 0, 0, 0, 0, 0, 0]
Input 1 (p): [10.246, 3.55618e-17, 0, -5.85469e-18, -0.60453, -0.0174246, -0.00300475, 0.165396, 0.0375194, 0.000649157, 0.165041, 0.0371008, -0.00300122, 0.16464, 0.0377189, 0.000707845, 0.165602, 0.0376855, 2.42861e-17, 10.246, 0, 0.60453, 1.73472e-18, 0.0355708, 0.147905, 0.000598166, -7.59545e-05, 0.158172, 0.00143457, 0.000532737, 0.143862, -0.000565299, 0.000231561, 0.154909, 0.00137466, 0.000362343, 2.77556e-17, 1.11022e-16, 10.246, 0.0174246, -0.0355708, 2.55872e-17, 0.185625, 0.00802228, 0.0039605, -0.176646, 0.00704465, 0.00682925, 0.188185, 0.0169154, 0.000792492, -0.180003, 0.00415066, 0.00175089, -2.81893e-18, 0.60453, 0.0174246, 0.386027, -0.00359312, 0.00271871, 0.07788, 0.00227589, 0.0011875, 0.0766085, -0.00168027, -0.00180398, 0.0777073, 0.00409473, 0.00032198, 0.0759121, -0.000762085, -0.000398206, -0.60453, -8.67362e-19, -0.0355708, -0.00359312, 0.458447, 0.00317007, 0.0379259, -0.034722, -0.0113492, -0.0349732, -0.0354289, -0.0109403, -0.0414492, -0.0386168, -0.011998, 0.0385808, -0.0366202, -0.0124849, -0.0174246, 0.0355708, 5.20417e-18, 0.00271871, 0.00317007, 0.566691, -0.028876, -0.0418539, -0.0114673, -0.0307527, 0.0397041, 0.0106538, 0.0335949, -0.042834, -0.011819, 0.0337591, 0.040732, 0.0111546, -0.00300475, 0.147905, 0.185625, 0.07788, 0.0379259, -0.028876, 0.066218, 0.00121181, 0.000772608, 0, 0, 0, 0, 0, 0, 0, 0, 0, 0.165396, 0.000598166, 0.00802228, 0.00227589, -0.034722, -0.0418539, 0.00121181, 0.0384687, 0.0128334, 0, 0, 0, 0, 0, 0, 0, 0, 0, 0.0375194, -7.59545e-05, 0.0039605, 0.0011875, -0.0113492, -0.0114673, 0.000772608, 0.0128334, 0.00606647, 0, 0, 0, 0, 0, 0, 0, 0, 0, 0.000649157, 0.158172, -0.176646, 0.0766085, -0.0349732, -0.0307527, 0, 0, 0, 0.0660019, -0.00121242, -0.00138799, 0, 0, 0, 0, 0, 0, 0.165041, 0.00143457, 0.00704465, -0.00168027, -0.0354289, 0.0397041, 0, 0, 0, -0.00121242, 0.0382852, 0.0127416, 0, 0, 0, 0, 0, 0, 0.0371008, 0.000532737, 0.00682925, -0.00180398, -0.0109403, 0.0106538, 0, 0, 0, -0.00138799, 0.0127416, 0.00606647, 0, 0, 0, 0, 0, 0, -0.00300122, 0.143862, 0.188185, 0.0777073, -0.0414492, 0.0335949, 0, 0, 0, 0, 0, 0, 0.0659624, 0.00246257, 8.75327e-05, 0, 0, 0, 0.16464, -0.000565299, 0.0169154, 0.00409473, -0.0386168, -0.042834, 0, 0, 0, 0, 0, 0, 0.00246257, 0.0384293, 0.0128137, 0, 0, 0, 0.0377189, 0.000231561, 0.000792492, 0.00032198, -0.011998, -0.011819, 0, 0, 0, 0, 0, 0, 8.75327e-05, 0.0128137, 0.00606647, 0, 0, 0, 0.000707845, 0.154909, -0.180003, 0.0759121, 0.0385808, 0.0337591, 0, 0, 0, 0, 0, 0, 0, 0, 0, 0.066301, -0.000466439, -0.000293724, 0.165602, 0.00137466, 0.00415066, -0.000762085, -0.0366202, 0.040732, 0, 0, 0, 0, 0, 0, 0, 0, 0, -0.000466439, 0.0385004, 0.0128492, 0.0376855, 0.000362343, 0.00175089, -0.000398206, -0.0124849, 0.0111546, 0, 0, 0, 0, 0, 0, 0, 0, 0, -0.000293724, 0.0128492, 0.00606647, -93.3286, -214.008, 680.861, 52.2632, -55.6271, 6.24902, 10.7425, -5.04648, -1.20856, -3.43545, -0.0401651, 0.189249, 42.9891, -3.52144, -3.0671, -17.5713, -0.548058, 0.0362305, 1, 2.05998e-18, 1.04083e-17, 1, 1.95156e-18, 0, 1, -4.98733e-18, 7.97973e-17, 1, -4.33681e-19, -1.38778e-17, -1.84314e-18, 1, 2.08167e-17, 1.0842e-18, 1, 0, -6.28837e-18, 1, 6.93889e-18, -8.67362e-19, 1, -2.08167e-17, 3.46945e-18, 0, 1, -1.73472e-18, 0, 1, 4.85723e-17, 1.38778e-17, 1, -2.25514e-17, -1.38778e-17, 1, -4.33681e-19, 0.393448, 0.32453, -1.73472e-18, 0.398832, -0.303866, 3.46945e-18, 0.384153, 0.334558, -2.60209e-18, 0.39283, -0.309639, -0.393448, -3.46945e-18, 0.182247, -0.398832, -1.73472e-18, 0.16526, -0.384153, 3.46945e-18, -0.23499, -0.39283, 3.46945e-18, -0.226332, -0.32453, -0.182247, -1.73472e-18, 0.303866, -0.16526, 1.73472e-18, -0.334558, 0.23499, 0, 0.309639, 0.226332, 1.73472e-18, -0.00560734, 0.38803, 0.265958, 0, 0, 0, 0, 0, 0, 0, 0, 0, 0.412066, 0.000477167, 0.0302335, 0, 0, 0, 0, 0, 0, 0, 0, 0, 0.232309, -0.000470445, 0.0245239, 0, 0, 0, 0, 0, 0, 0, 0, 0, 0, 0, 0, -0.000463115, 0.400609, -0.242726, 0, 0, 0, 0, 0, 0, 0, 0, 0, 0.409563, 0.00456633, 0.0425891, 0, 0, 0, 0, 0, 0, 0, 0, 0, 0.229717, 0.00329861, 0.0422863, 0, 0, 0, 0, 0, 0, 0, 0, 0, 0, 0, 0, -0.00564185, 0.383031, 0.2729, 0, 0, 0, 0, 0, 0, 0, 0, 0, 0.411957, 0.000313425, 0.0275724, 0, 0, 0, 0, 0, 0, 0, 0, 0, 0.233544, 0.00143357, 0.00490846, 0, 0, 0, 0, 0, 0, 0, 0, 0, 0, 0, 0, -0.000359303, 0.398638, -0.251394, 0, 0, 0, 0, 0, 0, 0, 0, 0, 0.41315, 0.00366664, 0.0142159, 0, 0, 0, 0, 0, 0, 0, 0, 0, 0.233338, 0.00224362, 0.0108426, -79.4325, -140.159, 411.026, -6.73201, 4.6356, 58.9653, -108.662, -349.665, 1149.05, -22.739, 45.705, 542.943, -0.519651, -0.451388, 3.83363, -13.2639, -1.66229, 1.47012, 33.2876, 7.63932, -41.046, 6.24511, 0.353683, -14.1814, 39.2107, 32.5142, -88.8033, 0.773129, 5.07134, -51.8863, 1, 0, 0, 1, 75.0136, -40.252, 29272.8, -360.093, 544.372, 275.486, 0, 0, 0, -3.10127e+06, 1.59791e+06, 80742.8, -3.1004e+06, 1.59744e+06, 81033.7, 0, 0, 0, -473.885, -78.0286, 524.558, -88.3592, 25.4794, 143.119, -557.711, -431.041, 1202.15, -10.6879, -41.4226, 678.626, 0, 0, 50.2565, 0, 0, 0, 0, 0, 0, 0, 0, 50.2565, 100, 100, 100, 10000, 20, 1, 0.0001, 0.0001]
Input 2 (lbx): [-inf, -inf, -inf, -inf, -inf, -inf, -inf, -inf, -inf, -inf, -inf, -inf, -inf, -inf, -inf, -inf, -inf, -inf, -inf, -inf, -inf, -inf, -inf, -inf, -inf, -inf, -inf, -inf, -inf, -inf, -inf, -inf, -inf, -inf, -inf, -inf, -inf, -inf, -inf, -inf, -inf, -inf]
Input 3 (ubx): [inf, inf, inf, inf, inf, inf, inf, inf, inf, inf, inf, inf, inf, inf, inf, inf, inf, inf, inf, inf, inf, inf, inf, inf, inf, inf, inf, inf, inf, inf, inf, inf, inf, inf, inf, inf, inf, inf, inf, inf, inf, inf]
Input 4 (lbg): [0, 0, 0, 0, 0, 0, 0, 0, 0, 0, 0, 0, 0, 0, 0, 0, 0, 0, -100, -100, -100, -100, -100, -100, -100, -100, -100, -100, -100, -100, -inf, -inf, -inf, -inf, -inf, -inf, -inf, -inf, -inf, -inf, -inf, -inf, -inf, -inf, -inf, -inf, -inf, -inf, -inf, -inf, -inf, -inf, -inf, -inf]
Input 5 (ubg): [0, 0, 0, 0, 0, 0, 0, 0, 0, 0, 0, 0, 0, 0, 0, 0, 0, 0, 100, 100, 100, 100, 100, 100, 100, 100, 100, 100, 100, 100, 0, 0, 0, 0, 0, 0, 0, 0, 0, 0, 0, 0, 0, 0, 0, 0, 0, 0, 0, 0, 0, 0, 0, 0]
Input 6 (lam_x0): [0, 0, 0, 0, 0, 0, 0, 0, 0, 0, 0, 0, 0, 0, 0, 0, 0, 0, 0, 0, 0, 0, 0, 0, 0, 0, 0, 0, 0, 0, 0, 0, 0, 0, 0, 0, 0, 0, 0, 0, 0, 0]
Input 7 (lam_g0): [0, 0, 0, 0, 0, 0, 0, 0, 0, 0, 0, 0, 0, 0, 0, 0, 0, 0, 0, 0, 0, 0, 0, 0, 0, 0, 0, 0, 0, 0, 0, 0, 0, 0, 0, 0, 0, 0, 0, 0, 0, 0, 0, 0, 0, 0, 0, 0, 0, 0, 0, 0, 0, 0]
[wbc] QP failed, reusing last torques: Error in Function::call for 'wbc_qp' [MXFunction] at .../casadi/core/function.cpp:514:
Error in Function::operator() for 'solver' [MXFunction] at .../casadi/core/function.cpp:1736:
Error in Function::operator() for 'solver_qpsol' [QpoasesInterface] at .../casadi/core/function.cpp:1736:
.../casadi/core/conic.cpp:574: conic process failed. Set 'error_on_fail' option to false to ignore this error.
Function solver_qpsol (0x164e3700)
Input 0 (h): sparse: 42-by-42, 348 nnz
 (0, 0) -> 40600
 (1, 0) -> 1.94723e-13
 (2, 0) -> 1.57097e-12
 (3, 0) -> -7.09345e-13
 (4, 0) -> -15487.4
 (5, 0) -> -421.662
 (6, 0) -> -155.802
 (7, 0) -> 8262.52
 (8, 0) -> 4671.6
 (9, 0) -> -0.295158
 (10, 0) -> 82.2641
 (11, 0) -> 46.2972
 (12, 0) -> -1.54605
 (13, 0) -> 81.1711
 (14, 0) -> 46.1281
 (15, 0) -> -24.5584
 (16, 0) -> 8246.78
 (17, 0) -> 4652.61
 (0, 1) -> 1.94723e-13
 (1, 1) -> 40600
 (2, 1) -> -5.46785e-13
 (3, 1) -> 15487.4
 (4, 1) -> -3.64347e-13
 (5, 1) -> -86.1505
 (6, 1) -> 7530.03
 (7, 1) -> 77.6758
 (8, 1) -> 60.3904
 (9, 1) -> 79.6043
 (10, 1) -> 1.25423
 (11, 1) -> 0.854583
 (12, 1) -> 72.1178
 (13, 1) -> 0.947109
 (14, 1) -> 1.88498
 (15, 1) -> 7802.41
 (16, 1) -> 58.8191
 (17, 1) -> 9.65119
 (0, 2) -> 1.57097e-12
 (1, 2) -> -5.46785e-13
 (2, 2) -> 40600
 (3, 2) -> 421.662
 (4, 2) -> 86.1505
 (5, 2) -> 6.56601e-13
 (6, 2) -> 5666.04
 (7, 2) -> 217.644
 (8, 2) -> 9.16867
 (9, 2) -> -49.9607
 (10, 2) -> 6.45648
 (11, 2) -> 6.21319
 (12, 2) -> 58.6443
 (13, 2) -> 0.889259
 (14, 2) -> -7.16973
 (15, 2) -> -5252.14
 (16, 2) -> -291.341
 (17, 2) -> -425.133
 (0, 3) -> -7.09345e-13
 (1, 3) -> 15487.4
 (2, 3) -> 421.662
 (3, 3) -> 10554.2
 (4, 3) -> 2632.05
 (5, 3) -> -43.1252
 (6, 3) -> 4826.11
 (7, 3) -> 104.033
 (8, 3) -> 26.3443
 (9, 3) -> 46.9936
 (10, 3) -> -1.51661
 (11, 3) -> -1.59858
 (12, 3) -> 47.0578
 (13, 3) -> 0.660329
 (14, 3) -> -1.86307
 (15, 3) -> 4664.16
 (16, 3) -> 115.753
 (17, 3) -> 139.787
 (0, 4) -> -15487.4
 (1, 4) -> -3.64347e-13
 (2, 4) -> 86.1505
 (3, 4) -> 2632.05
 (4, 4) -> 7768.47
 (5, 4) -> 174.11
 (6, 4) -> 1212.01
 (7, 4) -> -3132.65
 (8, 4) -> -1794.35
 (9, 4) -> -8.59374
 (10, 4) -> -31.3509
 (11, 4) -> -17.1941
 (12, 4) -> -11.7465
 (13, 4) -> -29.692
 (14, 4) -> -15.2626
 (15, 4) -> 1052.84
 (16, 4) -> -3094.79
 (17, 4) -> -1694.19
 (0, 5) -> -421.662
 (1, 5) -> -86.1505
 (2, 5) -> 6.56601e-13
 (3, 5) -> -43.1252
 (4, 5) -> 174.11
 (5, 5) -> 6248.06
 (6, 5) -> -1478.02
 (7, 5) -> -2831.44
 (8, 5) -> -1604.24
 (9, 5) -> -13.9703
 (10, 5) -> 25.4138
 (11, 5) -> 14.2767
 (12, 5) -> 15.6858
 (13, 5) -> -28.6509
 (14, 5) -> -15.9992
 (15, 5) -> 1542.25
 (16, 5) -> 2651.72
 (17, 5) -> 1491.35
 (0, 6) -> -155.802
 (1, 6) -> 7530.03
 (2, 6) -> 5666.04
 (3, 6) -> 4826.11
 (4, 6) -> 1212.01
 (5, 6) -> -1478.02
 (6, 6) -> 4443.49
 (7, 6) -> 26.5385
 (8, 6) -> -11.0575
 (9, 6) -> 0
 (10, 6) -> 0
 (11, 6) -> 0
 (12, 6) -> 0
 (13, 6) -> 0
 (14, 6) -> 0
 (15, 6) -> 0
 (16, 6) -> 0
 (17, 6) -> 0
 (0, 7) -> 8262.52
 (1, 7) -> 77.6758
 (2, 7) -> 217.644
 (3, 7) -> 104.033
 (4, 7) -> -3132.65
 (5, 7) -> -2831.44
 (6, 7) -> 26.5385
 (7, 7) -> 3418.13
 (8, 7) -> 1930.29
 (9, 7) -> 0
 (10, 7) -> 0
 (11, 7) -> 0
 (12, 7) -> 0
 (13, 7) -> 0
 (14, 7) -> 0
 (15, 7) -> 0
 (16, 7) -> 0
 (17, 7) -> 0
 (0, 8) -> 4671.6
 (1, 8) -> 60.3904
 (2, 8) -> 9.16867
 (3, 8) -> 26.3443
 (4, 8) -> -1794.35
 (5, 8) -> -1604.24
 (6, 8) -> -11.0575
 (7, 8) -> 1930.29
 (8, 8) -> 1093.38
 (9, 8) -> 0
 (10, 8) -> 0
 (11, 8) -> 0
 (12, 8) -> 0
 (13, 8) -> 0
 (14, 8) -> 0
 (15, 8) -> 0
 (16, 8) -> 0
 (17, 8) -> 0
 (0, 9) -> -0.295158
 (1, 9) -> 79.6043
 (2, 9) -> -49.9607
 (3, 9) -> 46.9936
 (4, 9) -> -8.59374
 (5, 9) -> -13.9703
 (6, 9) -> 0
 (7, 9) -> 0
 (8, 9) -> 0
 (9, 9) -> 46.165
 (10, 9) -> -1.23505
 (11, 9) -> -1.28026
 (12, 9) -> 0
 (13, 9) -> 0
 (14, 9) -> 0
 (15, 9) -> 0
 (16, 9) -> 0
 (17, 9) -> 0
 (0, 10) -> 82.2641
 (1, 10) -> 1.25423
 (2, 10) -> 6.45648
 (3, 10) -> -1.51661
 (4, 10) -> -31.3509
 (5, 10) -> 25.4138
 (6, 10) -> 0
 (7, 10) -> 0
 (8, 10) -> 0
 (9, 10) -> -1.23505
 (10, 10) -> 36.0532
 (11, 10) -> 19.2489
 (12, 10) -> 0
 (13, 10) -> 0
 (14, 10) -> 0
 (15, 10) -> 0
 (16, 10) -> 0
 (17, 10) -> 0
 (0, 11) -> 46.2972
 (1, 11) -> 0.854583
 (2, 11) -> 6.21319
 (3, 11) -> -1.59858
 (4, 11) -> -17.1941
 (5, 11) -> 14.2767
 (6, 11) -> 0
 (7, 11) -> 0
 (8, 11) -> 0
 (9, 11) -> -1.28026
 (10, 11) -> 19.2489
 (11, 11) -> 12.9138
 (12, 11) -> 0
 (13, 11) -> 0
 (14, 11) -> 0
 (15, 11) -> 0
 (16, 11) -> 0
 (17, 11) -> 0
 (0, 12) -> -1.54605
 (1, 12) -> 72.1178
 (2, 12) -> 58.6443
 (3, 12) -> 47.0578
 (4, 12) -> -11.7465
 (5, 12) -> 15.6858
 (6, 12) -> 0
 (7, 12) -> 0
 (8, 12) -> 0
 (9, 12) -> 0
 (10, 12) -> 0
 (11, 12) -> 0
 (12, 12) -> 45.2126
 (13, 12) -> -0.0252057
 (14, 12) -> -1.7792
 (15, 12) -> 0
 (16, 12) -> 0
 (17, 12) -> 0
 (0, 13) -> 81.1711
 (1, 13) -> 0.947109
 (2, 13) -> 0.889259
 (3, 13) -> 0.660329
 (4, 13) -> -29.692
 (5, 13) -> -28.6509
 (6, 13) -> 0
 (7, 13) -> 0
 (8, 13) -> 0
 (9, 13) -> 0
 (10, 13) -> 0
 (11, 13) -> 0
 (12, 13) -> -0.0252057
 (13, 13) -> 34.9522
 (14, 13) -> 18.6984
 (15, 13) -> 0
 (16, 13) -> 0
 (17, 13) -> 0
 (0, 14) -> 46.1281
 (1, 14) -> 1.88498
 (2, 14) -> -7.16973
 (3, 14) -> -1.86307
 (4, 14) -> -15.2626
 (5, 14) -> -15.9992
 (6, 14) -> 0
 (7, 14) -> 0
 (8, 14) -> 0
 (9, 14) -> 0
 (10, 14) -> 0
 (11, 14) -> 0
 (12, 14) -> -1.7792
 (13, 14) -> 18.6984
 (14, 14) -> 12.9138
 (15, 14) -> 0
 (16, 14) -> 0
 (17, 14) -> 0
 (0, 15) -> -24.5584
 (1, 15) -> 7802.41
 (2, 15) -> -5252.14
 (3, 15) -> 4664.16
 (4, 15) -> 1052.84
 (5, 15) -> 1542.25
 (6, 15) -> 0
 (7, 15) -> 0
 (8, 15) -> 0
 (9, 15) -> 0
 (10, 15) -> 0
 (11, 15) -> 0
 (12, 15) -> 0
 (13, 15) -> 0
 (14, 15) -> 0
 (15, 15) -> 4425.16
 (16, 15) -> 89.3284
 (17, 15) -> 109.695
 (0, 16) -> 8246.78
 (1, 16) -> 58.8191
 (2, 16) -> -291.341
 (3, 16) -> 115.753
 (4, 16) -> -3094.79
 (5, 16) -> 2651.72
 (6, 16) -> 0
 (7, 16) -> 0
 (8, 16) -> 0
 (9, 16) -> 0
 (10, 16) -> 0
 (11, 16) -> 0
 (12, 16) -> 0
 (13, 16) -> 0
 (14, 16) -> 0
 (15, 16) -> 89.3284
 (16, 16) -> 3406.89
 (17, 16) -> 1924.67
 (0, 17) -> 4652.61
 (1, 17) -> 9.65119
 (2, 17) -> -425.133
 (3, 17) -> 139.787
 (4, 17) -> -1694.19
 (5, 17) -> 1491.35
 (6, 17) -> 0
 (7, 17) -> 0
 (8, 17) -> 0
 (9, 17) -> 0
 (10, 17) -> 0
 (11, 17) -> 0
 (12, 17) -> 0
 (13, 17) -> 0
 (14, 17) -> 0
 (15, 17) -> 109.695
 (16, 17) -> 1924.67
 (17, 17) -> 1093.38
 (18, 18) -> 0.0002
 (19, 19) -> 0.0002
 (20, 20) -> 0.0002
 (21, 21) -> 0.0002
 (22, 22) -> 0.0002
 (23, 23) -> 0.0002
 (24, 24) -> 0.0002
 (25, 25) -> 0.0002
 (26, 26) -> 0.0002
 (27, 27) -> 0.0002
 (28, 28) -> 0.0002
 (29, 29) -> 0.0002
 (30, 30) -> 0.0002
 (31, 31) -> 0.0002
 (32, 32) -> 0.0002
 (33, 33) -> 0.0002
 (34, 34) -> 0.0002
 (35, 35) -> 0.0002
 (36, 36) -> 0.0002
 (37, 37) -> 0.0002
 (38, 38) -> 0.0002
 (39, 39) -> 0.0002
 (40, 40) -> 0.0002
 (41, 41) -> 0.0002
Input 1 (g): [5.78713e+08, -3.05802e+08, 3.15554e+07, -1.17999e+08, -2.20638e+08, -1.65637e+07, 4.7384e+06, -2.1269e+06, -1.3262e+06, -5.89775e+07, 1.19773e+08, 6.71951e+07, -5.90891e+07, 1.18532e+08, 6.66008e+07, -6.91106e+06, -1.89481e+06, -1.43899e+06, -0, -0, -0.0100513, -0, -0, -0, -0, -0, -0, -0, -0, -0.0100513, 0, 0, 0, 0, 0, 0, 0, 0, 0, 0, 0, 0]
Input 2 (a): sparse: 54-by-42, 604 nnz
 (0, 0) -> 10.246
 (1, 0) -> -2.94903e-17
 (2, 0) -> -2.77556e-17
 (3, 0) -> 2.1684e-19
 (4, 0) -> -0.574123
 (5, 0) -> -0.0244067
 (6, 0) -> -0.00395789
 (7, 0) -> 0.165451
 (8, 0) -> 0.0377247
 (9, 0) -> 0.000432018
 (10, 0) -> 0.165319
 (11, 0) -> 0.0373865
 (12, 0) -> -0.00389618
 (13, 0) -> 0.161896
 (14, 0) -> 0.0372499
 (15, 0) -> 0.000559819
 (16, 0) -> 0.165414
 (17, 0) -> 0.0375713
 (0, 1) -> -2.42861e-17
 (1, 1) -> 10.246
 (2, 1) -> 0
 (3, 1) -> 0.574123
 (4, 1) -> 9.54098e-18
 (5, 1) -> 0.0366422
 (6, 1) -> 0.139431
 (7, 1) -> 0.00110254
 (8, 1) -> 0.000487709
 (9, 1) -> 0.155338
 (10, 1) -> 0.00211162
 (11, 1) -> 0.000690089
 (12, 1) -> 0.130246
 (13, 1) -> -0.00181373
 (14, 1) -> 0.00152222
 (15, 1) -> 0.149478
 (16, 1) -> 0.00182679
 (17, 1) -> 7.79132e-05
 (0, 2) -> 2.77556e-17
 (1, 2) -> 2.22045e-16
 (2, 2) -> 10.246
 (3, 2) -> 0.0244067
 (4, 2) -> -0.0366422
 (5, 2) -> -9.54098e-18
 (6, 2) -> 0.192109
 (7, 2) -> 0.00748914
 (8, 2) -> 7.37857e-05
 (9, 2) -> -0.179404
 (10, 2) -> 0.00588247
 (11, 2) -> 0.00501709
 (12, 2) -> 0.195625
 (13, 2) -> 0.0228753
 (14, 2) -> -0.00579003
 (15, 2) -> -0.184346
 (16, 2) -> 0.00132556
 (17, 2) -> -0.00343334
 (0, 3) -> 6.07153e-18
 (1, 3) -> 0.574123
 (2, 3) -> 0.0244067
 (3, 3) -> 0.387001
 (4, 3) -> -0.00582615
 (5, 3) -> -0.00201427
 (6, 3) -> 0.0783776
 (7, 3) -> 0.00209656
 (8, 3) -> 0.000176719
 (9, 3) -> 0.0768371
 (10, 3) -> -0.00119722
 (11, 3) -> -0.00126279
 (12, 3) -> 0.0772246
 (13, 3) -> 0.005222
 (14, 3) -> -0.00147345
 (15, 3) -> 0.0754862
 (16, 3) -> 0.000258347
 (17, 3) -> 0.00106184
 (0, 4) -> -0.574123
 (1, 4) -> 1.73472e-18
 (2, 4) -> -0.0366422
 (3, 4) -> -0.00582615
 (4, 4) -> 0.45112
 (5, 4) -> 0.00349223
 (6, 4) -> 0.0400059
 (7, 4) -> -0.0337475
 (8, 4) -> -0.0118332
 (9, 4) -> -0.0355885
 (10, 4) -> -0.0350038
 (11, 4) -> -0.0111667
 (12, 4) -> -0.0434298
 (13, 4) -> -0.0373333
 (14, 4) -> -0.00969211
 (15, 4) -> 0.0388923
 (16, 4) -> -0.0346308
 (17, 4) -> -0.0109844
 (0, 5) -> -0.0244067
 (1, 5) -> 0.0366422
 (2, 5) -> 8.23994e-18
 (3, 5) -> -0.00201427
 (4, 5) -> 0.00349223
 (5, 5) -> 0.579623
 (6, 5) -> -0.0276756
 (7, 5) -> -0.0433884
 (8, 5) -> -0.0121367
 (9, 5) -> -0.0305662
 (10, 5) -> 0.0404095
 (11, 5) -> 0.010946
 (12, 5) -> 0.0308166
 (13, 5) -> -0.0443582
 (14, 5) -> -0.0120275
 (15, 5) -> 0.0314833
 (16, 5) -> 0.0416455
 (17, 5) -> 0.0113705
 (0, 6) -> -0.00395789
 (1, 6) -> 0.139431
 (2, 6) -> 0.192109
 (3, 6) -> 0.0783776
 (4, 6) -> 0.0400059
 (5, 6) -> -0.0276756
 (6, 6) -> 0.0662438
 (7, 6) -> 0.000855178
 (8, 6) -> -8.48626e-05
 (9, 6) -> 0
 (10, 6) -> 0
 (11, 6) -> 0
 (12, 6) -> 0
 (13, 6) -> 0
 (14, 6) -> 0
 (15, 6) -> 0
 (16, 6) -> 0
 (17, 6) -> 0
 (0, 7) -> 0.165451
 (1, 7) -> 0.00110254
 (2, 7) -> 0.00748914
 (3, 7) -> 0.00209656
 (4, 7) -> -0.0337475
 (5, 7) -> -0.0433884
 (6, 7) -> 0.000855178
 (7, 7) -> 0.0384838
 (8, 7) -> 0.012841
 (9, 7) -> 0
 (10, 7) -> 0
 (11, 7) -> 0
 (12, 7) -> 0
 (13, 7) -> 0
 (14, 7) -> 0
 (15, 7) -> 0
 (16, 7) -> 0
 (17, 7) -> 0
 (0, 8) -> 0.0377247
 (1, 8) -> 0.000487709
 (2, 8) -> 7.37857e-05
 (3, 8) -> 0.000176719
 (4, 8) -> -0.0118332
 (5, 8) -> -0.0121367
 (6, 8) -> -8.48626e-05
 (7, 8) -> 0.012841
 (8, 8) -> 0.00606647
 (9, 8) -> 0
 (10, 8) -> 0
 (11, 8) -> 0
 (12, 8) -> 0
 (13, 8) -> 0
 (14, 8) -> 0
 (15, 8) -> 0
 (16, 8) -> 0
 (17, 8) -> 0
 (0, 9) -> 0.000432018
 (1, 9) -> 0.155338
 (2, 9) -> -0.179404
 (3, 9) -> 0.0768371
 (4, 9) -> -0.0355885
 (5, 9) -> -0.0305662
 (6, 9) -> 0
 (7, 9) -> 0
 (8, 9) -> 0
 (9, 9) -> 0.0661689
 (10, 9) -> -0.00086881
 (11, 9) -> -0.000981863
 (12, 9) -> 0
 (13, 9) -> 0
 (14, 9) -> 0
 (15, 9) -> 0
 (16, 9) -> 0
 (17, 9) -> 0
 (0, 10) -> 0.165319
 (1, 10) -> 0.00211162
 (2, 10) -> 0.00588247
 (3, 10) -> -0.00119722
 (4, 10) -> -0.0350038
 (5, 10) -> 0.0404095
 (6, 10) -> 0
 (7, 10) -> 0
 (8, 10) -> 0
 (9, 10) -> -0.00086881
 (10, 10) -> 0.0383966
 (11, 10) -> 0.0127973
 (12, 10) -> 0
 (13, 10) -> 0
 (14, 10) -> 0
 (15, 10) -> 0
 (16, 10) -> 0
 (17, 10) -> 0
 (0, 11) -> 0.0373865
 (1, 11) -> 0.000690089
 (2, 11) -> 0.00501709
 (3, 11) -> -0.00126279
 (4, 11) -> -0.0111667
 (5, 11) -> 0.010946
 (6, 11) -> 0
 (7, 11) -> 0
 (8, 11) -> 0
 (9, 11) -> -0.000981863
 (10, 11) -> 0.0127973
 (11, 11) -> 0.00606647
 (12, 11) -> 0
 (13, 11) -> 0
 (14, 11) -> 0
 (15, 11) -> 0
 (16, 11) -> 0
 (17, 11) -> 0
 (0, 12) -> -0.00389618
 (1, 12) -> 0.130246
 (2, 12) -> 0.195625
 (3, 12) -> 0.0772246
 (4, 12) -> -0.0434298
 (5, 12) -> 0.0308166
 (6, 12) -> 0
 (7, 12) -> 0
 (8, 12) -> 0
 (9, 12) -> 0
 (10, 12) -> 0
 (11, 12) -> 0
 (12, 12) -> 0.0646969
 (13, 12) -> 0.00302099
 (14, 12) -> -0.00136464
 (15, 12) -> 0
 (16, 12) -> 0
 (17, 12) -> 0
 (0, 13) -> 0.161896
 (1, 13) -> -0.00181373
 (2, 13) -> 0.0228753
 (3, 13) -> 0.005222
 (4, 13) -> -0.0373333
 (5, 13) -> -0.0443582
 (6, 13) -> 0
 (7, 13) -> 0
 (8, 13) -> 0
 (9, 13) -> 0
 (10, 13) -> 0
 (11, 13) -> 0
 (12, 13) -> 0.00302099
 (13, 13) -> 0.0375074
 (14, 13) -> 0.0123528
 (15, 13) -> 0
 (16, 13) -> 0
 (17, 13) -> 0
 (0, 14) -> 0.0372499
 (1, 14) -> 0.00152222
 (2, 14) -> -0.00579003
 (3, 14) -> -0.00147345
 (4, 14) -> -0.00969211
 (5, 14) -> -0.0120275
 (6, 14) -> 0
 (7, 14) -> 0
 (8, 14) -> 0
 (9, 14) -> 0
 (10, 14) -> 0
 (11, 14) -> 0
 (12, 14) -> -0.00136464
 (13, 14) -> 0.0123528
 (14, 14) -> 0.00606647
 (15, 14) -> 0
 (16, 14) -> 0
 (17, 14) -> 0
 (0, 15) -> 0.000559819
 (1, 15) -> 0.149478
 (2, 15) -> -0.184346
 (3, 15) -> 0.0754862
 (4, 15) -> 0.0388923
 (5, 15) -> 0.0314833
 (6, 15) -> 0
 (7, 15) -> 0
 (8, 15) -> 0
 (9, 15) -> 0
 (10, 15) -> 0
 (11, 15) -> 0
 (12, 15) -> 0
 (13, 15) -> 0
 (14, 15) -> 0
 (15, 15) -> 0.0661056
 (16, 15) -> 0.000332138
 (17, 15) -> 0.000841379
 (0, 16) -> 0.165414
 (1, 16) -> 0.00182679
 (2, 16) -> 0.00132556
 (3, 16) -> 0.000258347
 (4, 16) -> -0.0346308
 (5, 16) -> 0.0416455
 (6, 16) -> 0
 (7, 16) -> 0
 (8, 16) -> 0
 (9, 16) -> 0
 (10, 16) -> 0
 (11, 16) -> 0
 (12, 16) -> 0
 (13, 16) -> 0
 (14, 16) -> 0
 (15, 16) -> 0.000332138
 (16, 16) -> 0.0383931
 (17, 16) -> 0.0127956
 (0, 17) -> 0.0375713
 (1, 17) -> 7.79132e-05
 (2, 17) -> -0.00343334
 (3, 17) -> 0.00106184
 (4, 17) -> -0.0109844
 (5, 17) -> 0.0113705
 (6, 17) -> 0
 (7, 17) -> 0
 (8, 17) -> 0
 (9, 17) -> 0
 (10, 17) -> 0
 (11, 17) -> 0
 (12, 17) -> 0
 (13, 17) -> 0
 (14, 17) -> 0
 (15, 17) -> 0.000841379
 (16, 17) -> 0.0127956
 (17, 17) -> 0.00606647
 (0, 18) -> -1
 (1, 18) -> -3.90313e-18
 (2, 18) -> 2.94903e-17
 (3, 18) -> 1.73472e-18
 (4, 18) -> 0.384496
 (5, 18) -> 0.340774
 (6, 18) -> 0.00779008
 (7, 18) -> -0.413126
 (8, 18) -> -0.23358
 (9, 18) -> -0
 (10, 18) -> -0
 (11, 18) -> -0
 (12, 18) -> -0
 (13, 18) -> -0
 (14, 18) -> -0
 (15, 18) -> -0
 (16, 18) -> -0
 (17, 18) -> -0
 (32, 18) -> 1
 (33, 18) -> -1
 (0, 19) -> -5.42101e-18
 (1, 19) -> -1
 (2, 19) -> 2.77556e-17
 (3, 19) -> -0.384496
 (4, 19) -> 6.93889e-18
 (5, 19) -> 0.203334
 (6, 19) -> -0.376502
 (7, 19) -> -0.00388379
 (8, 19) -> -0.00301952
 (9, 19) -> -0
 (10, 19) -> -0
 (11, 19) -> -0
 (12, 19) -> -0
 (13, 19) -> -0
 (14, 19) -> -0
 (15, 19) -> -0
 (16, 19) -> -0
 (17, 19) -> -0
 (34, 19) -> 1
 (35, 19) -> -1
 (0, 20) -> 1.21431e-17
 (1, 20) -> 2.77556e-17
 (2, 20) -> -1
 (3, 20) -> -0.340774
 (4, 20) -> -0.203334
 (5, 20) -> 1.73472e-18
 (6, 20) -> -0.283302
 (7, 20) -> -0.0108822
 (8, 20) -> -0.000458434
 (9, 20) -> -0
 (10, 20) -> -0
 (11, 20) -> -0
 (12, 20) -> -0
 (13, 20) -> -0
 (14, 20) -> -0
 (15, 20) -> -0
 (16, 20) -> -0
 (17, 20) -> -0
 (30, 20) -> -1
 (31, 20) -> 1
 (32, 20) -> -0.6
 (33, 20) -> -0.6
 (34, 20) -> -0.6
 (35, 20) -> -0.6
 (0, 21) -> -1
 (1, 21) -> 1.73472e-18
 (2, 21) -> -1.73472e-18
 (3, 21) -> -1.30104e-18
 (4, 21) -> 0.394784
 (5, 21) -> -0.311588
 (6, 21) -> -0
 (7, 21) -> -0
 (8, 21) -> -0
 (9, 21) -> 0.00147579
 (10, 21) -> -0.411321
 (11, 21) -> -0.231486
 (12, 21) -> -0
 (13, 21) -> -0
 (14, 21) -> -0
 (15, 21) -> -0
 (16, 21) -> -0
 (17, 21) -> -0
 (38, 21) -> 1
 (39, 21) -> -1
 (0, 22) -> 3.90313e-18
 (1, 22) -> -1
 (2, 22) -> -2.77556e-17
 (3, 22) -> -0.394784
 (4, 22) -> -0
 (5, 22) -> 0.174342
 (6, 22) -> -0
 (7, 22) -> -0
 (8, 22) -> -0
 (9, 22) -> -0.398021
 (10, 22) -> -0.00627117
 (11, 22) -> -0.00427292
 (12, 22) -> -0
 (13, 22) -> -0
 (14, 22) -> -0
 (15, 22) -> -0
 (16, 22) -> -0
 (17, 22) -> -0
 (40, 22) -> 1
 (41, 22) -> -1
 (0, 23) -> -6.93889e-18
 (1, 23) -> -0
 (2, 23) -> -1
 (3, 23) -> 0.311588
 (4, 23) -> -0.174342
 (5, 23) -> -3.46945e-18
 (6, 23) -> -0
 (7, 23) -> -0
 (8, 23) -> -0
 (9, 23) -> 0.249804
 (10, 23) -> -0.0322824
 (11, 23) -> -0.031066
 (12, 23) -> -0
 (13, 23) -> -0
 (14, 23) -> -0
 (15, 23) -> -0
 (16, 23) -> -0
 (17, 23) -> -0
 (36, 23) -> -1
 (37, 23) -> 1
 (38, 23) -> -0.6
 (39, 23) -> -0.6
 (40, 23) -> -0.6
 (41, 23) -> -0.6
 (0, 24) -> -1
 (1, 24) -> -1.88651e-17
 (2, 24) -> 1.19696e-16
 (3, 24) -> 3.29597e-17
 (4, 24) -> 0.363496
 (5, 24) -> 0.355418
 (6, 24) -> -0
 (7, 24) -> -0
 (8, 24) -> -0
 (9, 24) -> -0
 (10, 24) -> -0
 (11, 24) -> -0
 (12, 24) -> 0.00773024
 (13, 24) -> -0.405856
 (14, 24) -> -0.230641
 (15, 24) -> -0
 (16, 24) -> -0
 (17, 24) -> -0
 (44, 24) -> 1
 (45, 24) -> -1
 (0, 25) -> -2.79724e-17
 (1, 25) -> -1
 (2, 25) -> 1.38778e-17
 (3, 25) -> -0.363496
 (4, 25) -> -6.93889e-18
 (5, 25) -> -0.209883
 (6, 25) -> -0
 (7, 25) -> -0
 (8, 25) -> -0
 (9, 25) -> -0
 (10, 25) -> -0
 (11, 25) -> -0
 (12, 25) -> -0.360589
 (13, 25) -> -0.00473554
 (14, 25) -> -0.0094249
 (15, 25) -> -0
 (16, 25) -> -0
 (17, 25) -> -0
 (46, 25) -> 1
 (47, 25) -> -1
 (0, 26) -> 1.38778e-17
 (1, 26) -> -2.77556e-17
 (2, 26) -> -1
 (3, 26) -> -0.355418
 (4, 26) -> 0.209883
 (5, 26) -> 3.46945e-18
 (6, 26) -> -0
 (7, 26) -> -0
 (8, 26) -> -0
 (9, 26) -> -0
 (10, 26) -> -0
 (11, 26) -> -0
 (12, 26) -> -0.293222
 (13, 26) -> -0.00444629
 (14, 26) -> 0.0358486
 (15, 26) -> -0
 (16, 26) -> -0
 (17, 26) -> -0
 (42, 26) -> -1
 (43, 26) -> 1
 (44, 26) -> -0.6
 (45, 26) -> -0.6
 (46, 26) -> -0.6
 (47, 26) -> -0.6
 (0, 27) -> -1
 (1, 27) -> -3.46945e-18
 (2, 27) -> -7.63278e-17
 (3, 27) -> 1.56125e-17
 (4, 27) -> 0.382291
 (5, 27) -> -0.320129
 (6, 27) -> -0
 (7, 27) -> -0
 (8, 27) -> -0
 (9, 27) -> -0
 (10, 27) -> -0
 (11, 27) -> -0
 (12, 27) -> -0
 (13, 27) -> -0
 (14, 27) -> -0
 (15, 27) -> 0.00122792
 (16, 27) -> -0.412339
 (17, 27) -> -0.23263
 (50, 27) -> 1
 (51, 27) -> -1
 (0, 28) -> 3.46945e-18
 (1, 28) -> -1
 (2, 28) -> -1.38778e-17
 (3, 28) -> -0.382291
 (4, 28) -> -0
 (5, 28) -> -0.198671
 (6, 28) -> -0
 (7, 28) -> -0
 (8, 28) -> -0
 (9, 28) -> -0
 (10, 28) -> -0
 (11, 28) -> -0
 (12, 28) -> -0
 (13, 28) -> -0
 (14, 28) -> -0
 (15, 28) -> -0.39012
 (16, 28) -> -0.00294096
 (17, 28) -> -0.000482559
 (52, 28) -> 1
 (53, 28) -> -1
 (0, 29) -> -4.51028e-17
 (1, 29) -> -1.38778e-17
 (2, 29) -> -1
 (3, 29) -> 0.320129
 (4, 29) -> 0.198671
 (5, 29) -> 8.67362e-18
 (6, 29) -> -0
 (7, 29) -> -0
 (8, 29) -> -0
 (9, 29) -> -0
 (10, 29) -> -0
 (11, 29) -> -0
 (12, 29) -> -0
 (13, 29) -> -0
 (14, 29) -> -0
 (15, 29) -> 0.262607
 (16, 29) -> 0.0145671
 (17, 29) -> 0.0212567
 (48, 29) -> -1
 (49, 29) -> 1
 (50, 29) -> -0.6
 (51, 29) -> -0.6
 (52, 29) -> -0.6
 (53, 29) -> -0.6
 (6, 30) -> -1
 (18, 30) -> 1
 (7, 31) -> -1
 (19, 31) -> 1
 (8, 32) -> -1
 (20, 32) -> 1
 (9, 33) -> -1
 (21, 33) -> 1
 (10, 34) -> -1
 (22, 34) -> 1
 (11, 35) -> -1
 (23, 35) -> 1
 (12, 36) -> -1
 (24, 36) -> 1
 (13, 37) -> -1
 (25, 37) -> 1
 (14, 38) -> -1
 (26, 38) -> 1
 (15, 39) -> -1
 (27, 39) -> 1
 (16, 40) -> -1
 (28, 40) -> 1
 (17, 41) -> -1
 (29, 41) -> 1
Input 3 (lba): [74.3599, 417.401, -1242.91, -103.048, 141.509, 20.8654, -42.5088, -1.81878, 34.7849, 3.50237, -0.483993, 13.2113, -109.569, -34.3383, 80.7531, 35.9432, -8.16844, 39.4388, -100, -100, -100, -100, -100, -100, -100, -100, -100, -100, -100, -100, -inf, -inf, -inf, -inf, -inf, -inf, -inf, -inf, -inf, -inf, -inf, -inf, -inf, -inf, -inf, -inf, -inf, -inf, -inf, -inf, -inf, -inf, -inf, -inf]
Input 4 (uba): [74.3599, 417.401, -1242.91, -103.048, 141.509, 20.8654, -42.5088, -1.81878, 34.7849, 3.50237, -0.483993, 13.2113, -109.569, -34.3383, 80.7531, 35.9432, -8.16844, 39.4388, 100, 100, 100, 100, 100, 100, 100, 100, 100, 100, 100, 100, 0, 400, 0, 0, 0, 0, 0, 0, 0, 0, 0, 0, 0, 0, 0, 0, 0, 0, 0, 400, 0, 0, 0, 0]
Input 5 (lbx): [-inf, -inf, -inf, -inf, -inf, -inf, -inf, -inf, -inf, -inf, -inf, -inf, -inf, -inf, -inf, -inf, -inf, -inf, -inf, -inf, -inf, -inf, -inf, -inf, -inf, -inf, -inf, -inf, -inf, -inf, -inf, -inf, -inf, -inf, -inf, -inf, -inf, -inf, -inf, -inf, -inf, -inf]
Input 6 (ubx): [inf, inf, inf, inf, inf, inf, inf, inf, inf, inf, inf, inf, inf, inf, inf, inf, inf, inf, inf, inf, inf, inf, inf, inf, inf, inf, inf, inf, inf, inf, inf, inf, inf, inf, inf, inf, inf, inf, inf, inf, inf, inf]
Input 7 (x0): [0, 0, 0, 0, 0, 0, 0, 0, 0, 0, 0, 0, 0, 0, 0, 0, 0, 0, 0, 0, 0, 0, 0, 0, 0, 0, 0, 0, 0, 0, 0, 0, 0, 0, 0, 0, 0, 0, 0, 0, 0, 0]
Input 8 (lam_x0): [0, 0, 0, 0, 0, 0, 0, 0, 0, 0, 0, 0, 0, 0, 0, 0, 0, 0, 0, 0, 0, 0, 0, 0, 0, 0, 0, 0, 0, 0, 0, 0, 0, 0, 0, 0, 0, 0, 0, 0, 0, 0]
Input 9 (lam_a0): [0, 0, 0, 0, 0, 0, 0, 0, 0, 0, 0, 0, 0, 0, 0, 0, 0, 0, 0, 0, 0, 0, 0, 0, 0, 0, 0, 0, 0, 0, 0, 0, 0, 0, 0, 0, 0, 0, 0, 0, 0, 0, 0, 0, 0, 0, 0, 0, 0, 0, 0, 0, 0, 0]
Input 10 (q): 0x42
Input 11 (p): 0x0
Function solver (0x16524590)
Input 0 (x0): [0, 0, 0, 0, 0, 0, 0, 0, 0, 0, 0, 0, 0, 0, 0, 0, 0, 0, 0, 0, 0, 0, 0, 0, 0, 0, 0, 0, 0, 0, 0, 0, 0, 0, 0, 0, 0, 0, 0, 0, 0, 0]
Input 1 (p): [10.246, -2.94903e-17, -2.77556e-17, 2.1684e-19, -0.574123, -0.0244067, -0.00395789, 0.165451, 0.0377247, 0.000432018, 0.165319, 0.0373865, -0.00389618, 0.161896, 0.0372499, 0.000559819, 0.165414, 0.0375713, -2.42861e-17, 10.246, 0, 0.574123, 9.54098e-18, 0.0366422, 0.139431, 0.00110254, 0.000487709, 0.155338, 0.00211162, 0.000690089, 0.130246, -0.00181373, 0.00152222, 0.149478, 0.00182679, 7.79132e-05, 2.77556e-17, 2.22045e-16, 10.246, 0.0244067, -0.0366422, -9.54098e-18, 0.192109, 0.00748914, 7.37857e-05, -0.179404, 0.00588247, 0.00501709, 0.195625, 0.0228753, -0.00579003, -0.184346, 0.00132556, -0.00343334, 6.07153e-18, 0.574123, 0.0244067, 0.387001, -0.00582615, -0.00201427, 0.0783776, 0.00209656, 0.000176719, 0.0768371, -0.00119722, -0.00126279, 0.0772246, 0.005222, -0.00147345, 0.0754862, 0.000258347, 0.00106184, -0.574123, 1.73472e-18, -0.0366422, -0.00582615, 0.45112, 0.00349223, 0.0400059, -0.0337475, -0.0118332, -0.0355885, -0.0350038, -0.0111667, -0.0434298, -0.0373333, -0.00969211, 0.0388923, -0.0346308, -0.0109844, -0.0244067, 0.0366422, 8.23994e-18, -0.00201427, 0.00349223, 0.579623, -0.0276756, -0.0433884, -0.0121367, -0.0305662, 0.0404095, 0.010946, 0.0308166, -0.0443582, -0.0120275, 0.0314833, 0.0416455, 0.0113705, -0.00395789, 0.139431, 0.192109, 0.0783776, 0.0400059, -0.0276756, 0.0662438, 0.000855178, -8.48626e-05, 0, 0, 0, 0, 0, 0, 0, 0, 0, 0.165451, 0.00110254, 0.00748914, 0.00209656, -0.0337475, -0.0433884, 0.000855178, 0.0384838, 0.012841, 0, 0, 0, 0, 0, 0, 0, 0, 0, 0.0377247, 0.000487709, 7.37857e-05, 0.000176719, -0.0118332, -0.0121367, -8.48626e-05, 0.012841, 0.00606647, 0, 0, 0, 0, 0, 0, 0, 0, 0, 0.000432018, 0.155338, -0.179404, 0.0768371, -0.0355885, -0.0305662, 0, 0, 0, 0.0661689, -0.00086881, -0.000981863, 0, 0, 0, 0, 0, 0, 0.165319, 0.00211162, 0.00588247, -0.00119722, -0.0350038, 0.0404095, 0, 0, 0, -0.00086881, 0.0383966, 0.0127973, 0, 0, 0, 0, 0, 0, 0.0373865, 0.000690089, 0.00501709, -0.00126279, -0.0111667, 0.010946, 0, 0, 0, -0.000981863, 0.0127973, 0.00606647, 0, 0, 0, 0, 0, 0, -0.00389618, 0.130246, 0.195625, 0.0772246, -0.0434298, 0.0308166, 0, 0, 0, 0, 0, 0, 0.0646969, 0.00302099, -0.00136464, 0, 0, 0, 0.161896, -0.00181373, 0.0228753, 0.005222, -0.0373333, -0.0443582, 0, 0, 0, 0, 0, 0, 0.00302099, 0.0375074, 0.0123528, 0, 0, 0, 0.0372499, 0.00152222, -0.00579003, -0.00147345, -0.00969211, -0.0120275, 0, 0, 0, 0, 0, 0, -0.00136464, 0.0123528, 0.00606647, 0, 0, 0, 0.000559819, 0.149478, -0.184346, 0.0754862, 0.0388923, 0.0314833, 0, 0, 0, 0, 0, 0, 0, 0, 0, 0.0661056, 0.000332138, 0.000841379, 0.165414, 0.00182679, 0.00132556, 0.000258347, -0.0346308, 0.0416455, 0, 0, 0, 0, 0, 0, 0, 0, 0, 0.000332138, 0.0383931, 0.0127956, 0.0375713, 7.79132e-05, -0.00343334, 0.00106184, -0.0109844, 0.0113705, 0, 0, 0, 0, 0, 0, 0, 0, 0, 0.000841379, 0.0127956, 0.00606647, -74.3599, -417.401, 1242.91, 103.048, -141.509, -20.8654, 23.161, -4.33138, -2.18602, -7.19439, -0.283159, 0.202625, 87.2186, 9.3054, -10.7884, -36.85, 4.03785, -0.295094, 1, 5.42101e-18, -1.21431e-17, 1, -3.90313e-18, 6.93889e-18, 1, 2.79724e-17, -1.38778e-17, 1, -3.46945e-18, 4.51028e-17, 3.90313e-18, 1, -2.77556e-17, -1.73472e-18, 1, 0, 1.88651e-17, 1, 2.77556e-17, 3.46945e-18, 1, 1.38778e-17, -2.94903e-17, -2.77556e-17, 1, 1.73472e-18, 2.77556e-17, 1, -1.19696e-16, -1.38778e-17, 1, 7.63278e-17, 1.38778e-17, 1, -1.73472e-18, 0.384496, 0.340774, 1.30104e-18, 0.394784, -0.311588, -3.29597e-17, 0.363496, 0.355418, -1.56125e-17, 0.382291, -0.320129, -0.384496, -6.93889e-18, 0.203334, -0.394784, 0, 0.174342, -0.363496, 6.93889e-18, -0.209883, -0.382291, 0, -0.198671, -0.340774, -0.203334, -1.73472e-18, 0.311588, -0.174342, 3.46945e-18, -0.355418, 0.209883, -3.46945e-18, 0.320129, 0.198671, -8.67362e-18, -0.00779008, 0.376502, 0.283302, 0, 0, 0, 0, 0, 0, 0, 0, 0, 0.413126, 0.00388379, 0.0108822, 0, 0, 0, 0, 0, 0, 0, 0, 0, 0.23358, 0.00301952, 0.000458434, 0, 0, 0, 0, 0, 0, 0, 0, 0, 0, 0, 0, -0.00147579, 0.398021, -0.249804, 0, 0, 0, 0, 0, 0, 0, 0, 0, 0.411321, 0.00627117, 0.0322824, 0, 0, 0, 0, 0, 0, 0, 0, 0, 0.231486, 0.00427292, 0.031066, 0, 0, 0, 0, 0, 0, 0, 0, 0, 0, 0, 0, -0.00773024, 0.360589, 0.293222, 0, 0, 0, 0, 0, 0, 0, 0, 0, 0.405856, 0.00473554, 0.00444629, 0, 0, 0, 0, 0, 0, 0, 0, 0, 0.230641, 0.0094249, -0.0358486, 0, 0, 0, 0, 0, 0, 0, 0, 0, 0, 0, 0, -0.00122792, 0.39012, -0.262607, 0, 0, 0, 0, 0, 0, 0, 0, 0, 0.412339, 0.00294096, -0.0145671, 0, 0, 0, 0, 0, 0, 0, 0, 0, 0.23263, 0.000482559, -0.0212567, -63.2871, -313.538, 851.426, -18.1618, 6.93346, 174.148, 119.907, -1004.84, 2478.29, 102.562, 168.351, 1188.36, -0.378659, -0.335183, 4.36899, -16.1372, -1.15652, 1.83568, 38.6956, 12.3003, -65.1978, 7.38404, 1.5343, -26.8278, 44.7015, 50.0658, -139.93, 1.81347, 8.26117, -78.2874, 1, 0, 0, 1, 38.0379, -26.3632, 14305.8, 240.202, 377.085, 94.526, 0, 0, 0, -1.47053e+06, 759261, 38127.4, -1.46938e+06, 758383, 37488.1, 0, 0, 0, -553.467, -144.512, 869.204, -105.043, 8.79724, 322.851, -639.051, -681.771, 1931.91, -25.434, -86.9064, 1056.07, 0, 0, 50.2565, 0, 0, 0, 0, 0, 0, 0, 0, 50.2565, 100, 100, 100, 10000, 20, 1, 0.0001, 0.0001]
Input 2 (lbx): [-inf, -inf, -inf, -inf, -inf, -inf, -inf, -inf, -inf, -inf, -inf, -inf, -inf, -inf, -inf, -inf, -inf, -inf, -inf, -inf, -inf, -inf, -inf, -inf, -inf, -inf, -inf, -inf, -inf, -inf, -inf, -inf, -inf, -inf, -inf, -inf, -inf, -inf, -inf, -inf, -inf, -inf]
Input 3 (ubx): [inf, inf, inf, inf, inf, inf, inf, inf, inf, inf, inf, inf, inf, inf, inf, inf, inf, inf, inf, inf, inf, inf, inf, inf, inf, inf, inf, inf, inf, inf, inf, inf, inf, inf, inf, inf, inf, inf, inf, inf, inf, inf]
Input 4 (lbg): [0, 0, 0, 0, 0, 0, 0, 0, 0, 0, 0, 0, 0, 0, 0, 0, 0, 0, -100, -100, -100, -100, -100, -100, -100, -100, -100, -100, -100, -100, -inf, -inf, -inf, -inf, -inf, -inf, -inf, -inf, -inf, -inf, -inf, -inf, -inf, -inf, -inf, -inf, -inf, -inf, -inf, -inf, -inf, -inf, -inf, -inf]
Input 5 (ubg): [0, 0, 0, 0, 0, 0, 0, 0, 0, 0, 0, 0, 0, 0, 0, 0, 0, 0, 100, 100, 100, 100, 100, 100, 100, 100, 100, 100, 100, 100, 0, 0, 0, 0, 0, 0, 0, 0, 0, 0, 0, 0, 0, 0, 0, 0, 0, 0, 0, 0, 0, 0, 0, 0]
Input 6 (lam_x0): [0, 0, 0, 0, 0, 0, 0, 0, 0, 0, 0, 0, 0, 0, 0, 0, 0, 0, 0, 0, 0, 0, 0, 0, 0, 0, 0, 0, 0, 0, 0, 0, 0, 0, 0, 0, 0, 0, 0, 0, 0, 0]
Input 7 (lam_g0): [0, 0, 0, 0, 0, 0, 0, 0, 0, 0, 0, 0, 0, 0, 0, 0, 0, 0, 0, 0, 0, 0, 0, 0, 0, 0, 0, 0, 0, 0, 0, 0, 0, 0, 0, 0, 0, 0, 0, 0, 0, 0, 0, 0, 0, 0, 0, 0, 0, 0, 0, 0, 0, 0]
[wbc] QP failed, reusing last torques: Error in Function::call for 'wbc_qp' [MXFunction] at .../casadi/core/function.cpp:514:
Error in Function::operator() for 'solver' [MXFunction] at .../casadi/core/function.cpp:1736:
Error in Function::operator() for 'solver_qpsol' [QpoasesInterface] at .../casadi/core/function.cpp:1736:
.../casadi/core/conic.cpp:574: conic process failed. Set 'error_on_fail' option to false to ignore this error.
Function solver_qpsol (0x164e3700)
Input 0 (h): sparse: 42-by-42, 348 nnz
 (0, 0) -> 40600
 (1, 0) -> -2.14802e-13
 (2, 0) -> 2.31516e-12
 (3, 0) -> 1.03722e-12
 (4, 0) -> -14826.9
 (5, 0) -> -518.99
 (6, 0) -> -189.574
 (7, 0) -> 8205.42
 (8, 0) -> 4621.9
 (9, 0) -> -0.573541
 (10, 0) -> 82.612
 (11, 0) -> 46.6514
 (12, 0) -> -1.80839
 (13, 0) -> 77.3551
 (14, 0) -> 43.562
 (15, 0) -> -46.9841
 (16, 0) -> 8104.03
 (17, 0) -> 4512.54
 (0, 1) -> -2.14802e-13
 (1, 1) -> 40600
 (2, 1) -> 3.32512e-12
 (3, 1) -> 14826.9
 (4, 1) -> 7.57798e-13
 (5, 1) -> -1407.62
 (6, 1) -> 7184.79
 (7, 1) -> 214.776
 (8, 1) -> 210.229
 (9, 1) -> 78.8246
 (10, 1) -> 1.44534
 (11, 1) -> 0.87193
 (12, 1) -> 65.0953
 (13, 1) -> 2.3963
 (14, 1) -> 4.57466
 (15, 1) -> 7477.09
 (16, 1) -> -11.2269
 (17, 1) -> -84.5765
 (0, 2) -> 2.31516e-12
 (1, 2) -> 3.32512e-12
 (2, 2) -> 40600
 (3, 2) -> 518.99
 (4, 2) -> 1407.62
 (5, 2) -> -1.15473e-12
 (6, 2) -> 6012.42
 (7, 2) -> -338.005
 (8, 2) -> -649.175
 (9, 2) -> -51.676
 (10, 2) -> 2.96274
 (11, 2) -> 2.37733
 (12, 2) -> 61.5665
 (13, 2) -> -4.12423
 (14, 2) -> -16.2537
 (15, 2) -> -5481.37
 (16, 2) -> -1022.21
 (17, 2) -> -1207.25
 (0, 3) -> 1.03722e-12
 (1, 3) -> 14826.9
 (2, 3) -> 518.99
 (3, 3) -> 10424.7
 (4, 3) -> 2719.44
 (5, 3) -> -542.22
 (6, 3) -> 4802.13
 (7, 3) -> -41.0381
 (8, 3) -> -153.663
 (9, 3) -> 47.2411
 (10, 3) -> -0.388688
 (11, 3) -> -0.423829
 (12, 3) -> 44.3372
 (13, 3) -> -0.734034
 (14, 3) -> -4.50419
 (15, 3) -> 4537.35
 (16, 3) -> 334.342
 (17, 3) -> 368.895
 (0, 4) -> -14826.9
 (1, 4) -> 7.57798e-13
 (2, 4) -> 1407.62
 (3, 4) -> 2719.44
 (4, 4) -> 7278.66
 (5, 4) -> 226.947
 (6, 4) -> 1473.83
 (7, 4) -> -3115.07
 (8, 4) -> -1861.75
 (9, 4) -> -9.62009
 (10, 4) -> -31.5657
 (11, 4) -> -17.6911
 (12, 4) -> -10.6204
 (13, 4) -> -24.8473
 (14, 4) -> -11.454
 (15, 4) -> 911.483
 (16, 4) -> -2784.09
 (17, 4) -> -1446.15
 (0, 5) -> -518.99
 (1, 5) -> -1407.62
 (2, 5) -> -1.15473e-12
 (3, 5) -> -542.22
 (4, 5) -> 226.947
 (5, 5) -> 6619.01
 (6, 5) -> -1609.81
 (7, 5) -> -2975.63
 (8, 5) -> -1696.94
 (9, 5) -> -15.1984
 (10, 5) -> 26.237
 (11, 5) -> 14.8055
 (12, 5) -> 12.5315
 (13, 5) -> -28.2047
 (14, 5) -> -15.2956
 (15, 5) -> 1204.45
 (16, 5) -> 2681.21
 (17, 5) -> 1480.19
 (0, 6) -> -189.574
 (1, 6) -> 7184.79
 (2, 6) -> 6012.42
 (3, 6) -> 4802.13
 (4, 6) -> 1473.83
 (5, 6) -> -1609.81
 (6, 6) -> 4392.32
 (7, 6) -> -102.232
 (8, 6) -> -163.443
 (9, 6) -> 0
 (10, 6) -> 0
 (11, 6) -> 0
 (12, 6) -> 0
 (13, 6) -> 0
 (14, 6) -> 0
 (15, 6) -> 0
 (16, 6) -> 0
 (17, 6) -> 0
 (0, 7) -> 8205.42
 (1, 7) -> 214.776
 (2, 7) -> -338.005
 (3, 7) -> -41.0381
 (4, 7) -> -3115.07
 (5, 7) -> -2975.63
 (6, 7) -> -102.232
 (7, 7) -> 3376.46
 (8, 7) -> 1909.46
 (9, 7) -> 0
 (10, 7) -> 0
 (11, 7) -> 0
 (12, 7) -> 0
 (13, 7) -> 0
 (14, 7) -> 0
 (15, 7) -> 0
 (16, 7) -> 0
 (17, 7) -> 0
 (0, 8) -> 4621.9
 (1, 8) -> 210.229
 (2, 8) -> -649.175
 (3, 8) -> -153.663
 (4, 8) -> -1861.75
 (5, 8) -> -1696.94
 (6, 8) -> -163.443
 (7, 8) -> 1909.46
 (8, 8) -> 1093.38
 (9, 8) -> 0
 (10, 8) -> 0
 (11, 8) -> 0
 (12, 8) -> 0
 (13, 8) -> 0
 (14, 8) -> 0
 (15, 8) -> 0
 (16, 8) -> 0
 (17, 8) -> 0
 (0, 9) -> -0.573541
 (1, 9) -> 78.8246
 (2, 9) -> -51.676
 (3, 9) -> 47.2411
 (4, 9) -> -9.62009
 (5, 9) -> -15.1984
 (6, 9) -> 0
 (7, 9) -> 0
 (8, 9) -> 0
 (9, 9) -> 46.4203
 (10, 9) -> -0.432778
 (11, 9) -> -0.40439
 (12, 9) -> 0
 (13, 9) -> 0
 (14, 9) -> 0
 (15, 9) -> 0
 (16, 9) -> 0
 (17, 9) -> 0
 (0, 10) -> 82.612
 (1, 10) -> 1.44534
 (2, 10) -> 2.96274
 (3, 10) -> -0.388688
 (4, 10) -> -31.5657
 (5, 10) -> 26.237
 (6, 10) -> 0
 (7, 10) -> 0
 (8, 10) -> 0
 (9, 10) -> -0.432778
 (10, 10) -> 36.1781
 (11, 10) -> 19.3113
 (12, 10) -> 0
 (13, 10) -> 0
 (14, 10) -> 0
 (15, 10) -> 0
 (16, 10) -> 0
 (17, 10) -> 0
 (0, 11) -> 46.6514
 (1, 11) -> 0.87193
 (2, 11) -> 2.37733
 (3, 11) -> -0.423829
 (4, 11) -> -17.6911
 (5, 11) -> 14.8055
 (6, 11) -> 0
 (7, 11) -> 0
 (8, 11) -> 0
 (9, 11) -> -0.40439
 (10, 11) -> 19.3113
 (11, 11) -> 12.9138
 (12, 11) -> 0
 (13, 11) -> 0
 (14, 11) -> 0
 (15, 11) -> 0
 (16, 11) -> 0
 (17, 11) -> 0
 (0, 12) -> -1.80839
 (1, 12) -> 65.0953
 (2, 12) -> 61.5665
 (3, 12) -> 44.3372
 (4, 12) -> -10.6204
 (5, 12) -> 12.5315
 (6, 12) -> 0
 (7, 12) -> 0
 (8, 12) -> 0
 (9, 12) -> 0
 (10, 12) -> 0
 (11, 12) -> 0
 (12, 12) -> 42.1555
 (13, 12) -> -1.18907
 (14, 12) -> -3.90835
 (15, 12) -> 0
 (16, 12) -> 0
 (17, 12) -> 0
 (0, 13) -> 77.3551
 (1, 13) -> 2.3963
 (2, 13) -> -4.12423
 (3, 13) -> -0.734034
 (4, 13) -> -24.8473
 (5, 13) -> -28.2047
 (6, 13) -> 0
 (7, 13) -> 0
 (8, 13) -> 0
 (9, 13) -> 0
 (10, 13) -> 0
 (11, 13) -> 0
 (12, 13) -> -1.18907
 (13, 13) -> 32.0328
 (14, 13) -> 17.2387
 (15, 13) -> 0
 (16, 13) -> 0
 (17, 13) -> 0
 (0, 14) -> 43.562
 (1, 14) -> 4.57466
 (2, 14) -> -16.2537
 (3, 14) -> -4.50419
 (4, 14) -> -11.454
 (5, 14) -> -15.2956
 (6, 14) -> 0
 (7, 14) -> 0
 (8, 14) -> 0
 (9, 14) -> 0
 (10, 14) -> 0
 (11, 14) -> 0
 (12, 14) -> -3.90835
 (13, 14) -> 17.2387
 (14, 14) -> 12.9138
 (15, 14) -> 0
 (16, 14) -> 0
 (17, 14) -> 0
 (0, 15) -> -46.9841
 (1, 15) -> 7477.09
 (2, 15) -> -5481.37
 (3, 15) -> 4537.35
 (4, 15) -> 911.483
 (5, 15) -> 1204.45
 (6, 15) -> 0
 (7, 15) -> 0
 (8, 15) -> 0
 (9, 15) -> 0
 (10, 15) -> 0
 (11, 15) -> 0
 (12, 15) -> 0
 (13, 15) -> 0
 (14, 15) -> 0
 (15, 15) -> 4299.73
 (16, 15) -> 256.922
 (17, 15) -> 288.65
 (0, 16) -> 8104.03
 (1, 16) -> -11.2269
 (2, 16) -> -1022.21
 (3, 16) -> 334.342
 (4, 16) -> -2784.09
 (5, 16) -> 2681.21
 (6, 16) -> 0
 (7, 16) -> 0
 (8, 16) -> 0
 (9, 16) -> 0
 (10, 16) -> 0
 (11, 16) -> 0
 (12, 16) -> 0
 (13, 16) -> 0
 (14, 16) -> 0
 (15, 16) -> 256.922
 (16, 16) -> 3338.01
 (17, 16) -> 1890.24
 (0, 17) -> 4512.54
 (1, 17) -> -84.5765
 (2, 17) -> -1207.25
 (3, 17) -> 368.895
 (4, 17) -> -1446.15
 (5, 17) -> 1480.19
 (6, 17) -> 0
 (7, 17) -> 0
 (8, 17) -> 0
 (9, 17) -> 0
 (10, 17) -> 0
 (11, 17) -> 0
 (12, 17) -> 0
 (13, 17) -> 0
 (14, 17) -> 0
 (15, 17) -> 288.65
 (16, 17) -> 1890.24
 (17, 17) -> 1093.38
 (18, 18) -> 0.0002
 (19, 19) -> 0.0002
 (20, 20) -> 0.0002
 (21, 21) -> 0.0002
 (22, 22) -> 0.0002
 (23, 23) -> 0.0002
 (24, 24) -> 0.0002
 (25, 25) -> 0.0002
 (26, 26) -> 0.0002
 (27, 27) -> 0.0002
 (28, 28) -> 0.0002
 (29, 29) -> 0.0002
 (30, 30) -> 0.0002
 (31, 31) -> 0.0002
 (32, 32) -> 0.0002
 (33, 33) -> 0.0002
 (34, 34) -> 0.0002
 (35, 35) -> 0.0002
 (36, 36) -> 0.0002
 (37, 37) -> 0.0002
 (38, 38) -> 0.0002
 (39, 39) -> 0.0002
 (40, 40) -> 0.0002
 (41, 41) -> 0.0002
Input 1 (g): [3.24372e+08, -1.72426e+08, 6.54031e+07, -6.36808e+07, -1.15761e+08, -2.21397e+06, 6.65294e+06, -2.12984e+06, -2.0166e+06, -3.26338e+07, 6.66561e+07, 3.76019e+07, -2.998e+07, 6.20955e+07, 3.38299e+07, -8.925e+06, -1.29479e+06, -2.04863e+06, -0, -0, -0.0100513, -0, -0, -0, -0, -0, -0, -0, -0, -0.0100513, 0, 0, 0, 0, 0, 0, 0, 0, 0, 0, 0, 0]
Input 2 (a): sparse: 54-by-42, 604 nnz
 (0, 0) -> 10.246
 (1, 0) -> 1.04083e-17
 (2, 0) -> -2.77556e-17
 (3, 0) -> -5.42101e-18
 (4, 0) -> -0.536074
 (5, 0) -> -0.0283606
 (6, 0) -> -0.00456757
 (7, 0) -> 0.164787
 (8, 0) -> 0.0373233
 (9, 0) -> -3.80895e-05
 (10, 0) -> 0.165583
 (11, 0) -> 0.0376725
 (12, 0) -> -0.00434646
 (13, 0) -> 0.155378
 (14, 0) -> 0.0351776
 (15, 0) -> 0.000190244
 (16, 0) -> 0.164187
 (17, 0) -> 0.0364401
 (0, 1) -> -6.59195e-17
 (1, 1) -> 10.246
 (2, 1) -> -2.22045e-16
 (3, 1) -> 0.536074
 (4, 1) -> 8.67362e-19
 (5, 1) -> 0.035558
 (6, 1) -> 0.129273
 (7, 1) -> 0.00185946
 (8, 1) -> 0.00169771
 (9, 1) -> 0.151718
 (10, 1) -> 0.00274368
 (11, 1) -> 0.000704091
 (12, 1) -> 0.113222
 (13, 1) -> -0.00405408
 (14, 1) -> 0.00369424
 (15, 1) -> 0.142206
 (16, 1) -> 0.00192599
 (17, 1) -> -0.000683013
 (0, 2) -> 8.32667e-17
 (1, 2) -> 2.22045e-16
 (2, 2) -> 10.246
 (3, 2) -> 0.0283606
 (4, 2) -> -0.035558
 (5, 2) -> 1.64799e-17
 (6, 2) -> 0.198511
 (7, 2) -> 0.0058256
 (8, 2) -> -0.00524254
 (9, 2) -> -0.182703
 (10, 2) -> 0.00400179
 (11, 2) -> 0.00191952
 (12, 2) -> 0.200886
 (13, 2) -> 0.0300182
 (14, 2) -> -0.0131256
 (15, 2) -> -0.188896
 (16, 2) -> -0.00316753
 (17, 2) -> -0.00974919
 (0, 3) -> 5.63785e-18
 (1, 3) -> 0.536074
 (2, 3) -> 0.0283606
 (3, 3) -> 0.384463
 (4, 3) -> -0.00829423
 (5, 3) -> -0.00777969
 (6, 3) -> 0.0782921
 (7, 3) -> 0.0015748
 (8, 3) -> -0.00122768
 (9, 3) -> 0.0769799
 (10, 3) -> -0.000482274
 (11, 3) -> -0.00035991
 (12, 3) -> 0.0747988
 (13, 3) -> 0.0065421
 (14, 3) -> -0.00353226
 (15, 3) -> 0.074378
 (16, 3) -> 0.00169611
 (17, 3) -> 0.00282955
 (0, 4) -> -0.536074
 (1, 4) -> 6.93889e-18
 (2, 4) -> -0.035558
 (3, 4) -> -0.00829423
 (4, 4) -> 0.442427
 (5, 4) -> 0.00263174
 (6, 4) -> 0.042429
 (7, 4) -> -0.0325086
 (8, 4) -> -0.0124185
 (9, 4) -> -0.0364838
 (10, 4) -> -0.034467
 (11, 4) -> -0.0115818
 (12, 4) -> -0.0452166
 (13, 4) -> -0.0352032
 (14, 4) -> -0.00666137
 (15, 4) -> 0.038836
 (16, 4) -> -0.0317259
 (17, 4) -> -0.00900406
 (0, 5) -> -0.0283606
 (1, 5) -> 0.035558
 (2, 5) -> 5.20417e-18
 (3, 5) -> -0.00777969
 (4, 5) -> 0.00263174
 (5, 5) -> 0.593218
 (6, 5) -> -0.0265204
 (7, 5) -> -0.0447421
 (8, 5) -> -0.0127617
 (9, 5) -> -0.0305787
 (10, 5) -> 0.0412445
 (11, 5) -> 0.0113119
 (12, 5) -> 0.0272313
 (13, 5) -> -0.044535
 (14, 5) -> -0.0113416
 (15, 5) -> 0.0284271
 (16, 5) -> 0.0422137
 (17, 5) -> 0.011207
 (0, 6) -> -0.00456757
 (1, 6) -> 0.129273
 (2, 6) -> 0.198511
 (3, 6) -> 0.0782921
 (4, 6) -> 0.042429
 (5, 6) -> -0.0265204
 (6, 6) -> 0.0657895
 (7, 6) -> 0.000276892
 (8, 6) -> -0.00125361
 (9, 6) -> 0
 (10, 6) -> 0
 (11, 6) -> 0
 (12, 6) -> 0
 (13, 6) -> 0
 (14, 6) -> 0
 (15, 6) -> 0
 (16, 6) -> 0
 (17, 6) -> 0
 (0, 7) -> 0.164787
 (1, 7) -> 0.00185946
 (2, 7) -> 0.0058256
 (3, 7) -> 0.0015748
 (4, 7) -> -0.0325086
 (5, 7) -> -0.0447421
 (6, 7) -> 0.000276892
 (7, 7) -> 0.0381473
 (8, 7) -> 0.0126727
 (9, 7) -> 0
 (10, 7) -> 0
 (11, 7) -> 0
 (12, 7) -> 0
 (13, 7) -> 0
 (14, 7) -> 0
 (15, 7) -> 0
 (16, 7) -> 0
 (17, 7) -> 0
 (0, 8) -> 0.0373233
 (1, 8) -> 0.00169771
 (2, 8) -> -0.00524254
 (3, 8) -> -0.00122768
 (4, 8) -> -0.0124185
 (5, 8) -> -0.0127617
 (6, 8) -> -0.00125361
 (7, 8) -> 0.0126727
 (8, 8) -> 0.00606647
 (9, 8) -> 0
 (10, 8) -> 0
 (11, 8) -> 0
 (12, 8) -> 0
 (13, 8) -> 0
 (14, 8) -> 0
 (15, 8) -> 0
 (16, 8) -> 0
 (17, 8) -> 0
 (0, 9) -> -3.80895e-05
 (1, 9) -> 0.151718
 (2, 9) -> -0.182703
 (3, 9) -> 0.0769799
 (4, 9) -> -0.0364838
 (5, 9) -> -0.0305787
 (6, 9) -> 0
 (7, 9) -> 0
 (8, 9) -> 0
 (9, 9) -> 0.0663015
 (10, 9) -> -0.000381081
 (11, 9) -> -0.000310098
 (12, 9) -> 0
 (13, 9) -> 0
 (14, 9) -> 0
 (15, 9) -> 0
 (16, 9) -> 0
 (17, 9) -> 0
 (0, 10) -> 0.165583
 (1, 10) -> 0.00274368
 (2, 10) -> 0.00400179
 (3, 10) -> -0.000482274
 (4, 10) -> -0.034467
 (5, 10) -> 0.0412445
 (6, 10) -> 0
 (7, 10) -> 0
 (8, 10) -> 0
 (9, 10) -> -0.000381081
 (10, 10) -> 0.0384974
 (11, 10) -> 0.0128477
 (12, 10) -> 0
 (13, 10) -> 0
 (14, 10) -> 0
 (15, 10) -> 0
 (16, 10) -> 0
 (17, 10) -> 0
 (0, 11) -> 0.0376725
 (1, 11) -> 0.000704091
 (2, 11) -> 0.00191952
 (3, 11) -> -0.00035991
 (4, 11) -> -0.0115818
 (5, 11) -> 0.0113119
 (6, 11) -> 0
 (7, 11) -> 0
 (8, 11) -> 0
 (9, 11) -> -0.000310098
 (10, 11) -> 0.0128477
 (11, 11) -> 0.00606647
 (12, 11) -> 0
 (13, 11) -> 0
 (14, 11) -> 0
 (15, 11) -> 0
 (16, 11) -> 0
 (17, 11) -> 0
 (0, 12) -> -0.00434646
 (1, 12) -> 0.113222
 (2, 12) -> 0.200886
 (3, 12) -> 0.0747988
 (4, 12) -> -0.0452166
 (5, 12) -> 0.0272313
 (6, 12) -> 0
 (7, 12) -> 0
 (8, 12) -> 0
 (9, 12) -> 0
 (10, 12) -> 0
 (11, 12) -> 0
 (12, 12) -> 0.0615946
 (13, 12) -> 0.00380158
 (14, 12) -> -0.00299763
 (15, 12) -> 0
 (16, 12) -> 0
 (17, 12) -> 0
 (0, 13) -> 0.155378
 (1, 13) -> -0.00405408
 (2, 13) -> 0.0300182
 (3, 13) -> 0.0065421
 (4, 13) -> -0.0352032
 (5, 13) -> -0.044535
 (6, 13) -> 0
 (7, 13) -> 0
 (8, 13) -> 0
 (9, 13) -> 0
 (10, 13) -> 0
 (11, 13) -> 0
 (12, 13) -> 0.00380158
 (13, 13) -> 0.0351499
 (14, 13) -> 0.011174
 (15, 13) -> 0
 (16, 13) -> 0
 (17, 13) -> 0
 (0, 14) -> 0.0351776
 (1, 14) -> 0.00369424
 (2, 14) -> -0.0131256
 (3, 14) -> -0.00353226
 (4, 14) -> -0.00666137
 (5, 14) -> -0.0113416
 (6, 14) -> 0
 (7, 14) -> 0
 (8, 14) -> 0
 (9, 14) -> 0
 (10, 14) -> 0
 (11, 14) -> 0
 (12, 14) -> -0.00299763
 (13, 14) -> 0.011174
 (14, 14) -> 0.00606647
 (15, 14) -> 0
 (16, 14) -> 0
 (17, 14) -> 0
 (0, 15) -> 0.000190244
 (1, 15) -> 0.142206
 (2, 15) -> -0.188896
 (3, 15) -> 0.074378
 (4, 15) -> 0.038836
 (5, 15) -> 0.0284271
 (6, 15) -> 0
 (7, 15) -> 0
 (8, 15) -> 0
 (9, 15) -> 0
 (10, 15) -> 0
 (11, 15) -> 0
 (12, 15) -> 0
 (13, 15) -> 0
 (14, 15) -> 0
 (15, 15) -> 0.0651936
 (16, 15) -> 0.00142059
 (17, 15) -> 0.0022139
 (0, 16) -> 0.164187
 (1, 16) -> 0.00192599
 (2, 16) -> -0.00316753
 (3, 16) -> 0.00169611
 (4, 16) -> -0.0317259
 (5, 16) -> 0.0422137
 (6, 16) -> 0
 (7, 16) -> 0
 (8, 16) -> 0
 (9, 16) -> 0
 (10, 16) -> 0
 (11, 16) -> 0
 (12, 16) -> 0
 (13, 16) -> 0
 (14, 16) -> 0
 (15, 16) -> 0.00142059
 (16, 16) -> 0.0378369
 (17, 16) -> 0.0125175
 (0, 17) -> 0.0364401
 (1, 17) -> -0.000683013
 (2, 17) -> -0.00974919
 (3, 17) -> 0.00282955
 (4, 17) -> -0.00900406
 (5, 17) -> 0.011207
 (6, 17) -> 0
 (7, 17) -> 0
 (8, 17) -> 0
 (9, 17) -> 0
 (10, 17) -> 0
 (11, 17) -> 0
 (12, 17) -> 0
 (13, 17) -> 0
 (14, 17) -> 0
 (15, 17) -> 0.0022139
 (16, 17) -> 0.0125175
 (17, 17) -> 0.00606647
 (0, 18) -> -1
 (1, 18) -> 2.1684e-18
 (2, 18) -> -7.11237e-17
 (3, 18) -> 4.33681e-18
 (4, 18) -> 0.370019
 (5, 18) -> 0.356532
 (6, 18) -> 0.00947871
 (7, 18) -> -0.410271
 (8, 18) -> -0.231095
 (9, 18) -> -0
 (10, 18) -> -0
 (11, 18) -> -0
 (12, 18) -> -0
 (13, 18) -> -0
 (14, 18) -> -0
 (15, 18) -> -0
 (16, 18) -> -0
 (17, 18) -> -0
 (32, 18) -> 1
 (33, 18) -> -1
 (0, 19) -> 7.58942e-18
 (1, 19) -> -1
 (2, 19) -> -8.32667e-17
 (3, 19) -> -0.370019
 (4, 19) -> -3.46945e-18
 (5, 19) -> 0.233465
 (6, 19) -> -0.35924
 (7, 19) -> -0.0107388
 (8, 19) -> -0.0105114
 (9, 19) -> -0
 (10, 19) -> -0
 (11, 19) -> -0
 (12, 19) -> -0
 (13, 19) -> -0
 (14, 19) -> -0
 (15, 19) -> -0
 (16, 19) -> -0
 (17, 19) -> -0
 (34, 19) -> 1
 (35, 19) -> -1
 (0, 20) -> -6.93889e-17
 (1, 20) -> -8.32667e-17
 (2, 20) -> -1
 (3, 20) -> -0.356532
 (4, 20) -> -0.233465
 (5, 20) -> -1.73472e-17
 (6, 20) -> -0.300621
 (7, 20) -> 0.0169002
 (8, 20) -> 0.0324587
 (9, 20) -> -0
 (10, 20) -> -0
 (11, 20) -> -0
 (12, 20) -> -0
 (13, 20) -> -0
 (14, 20) -> -0
 (15, 20) -> -0
 (16, 20) -> -0
 (17, 20) -> -0
 (30, 20) -> -1
 (31, 20) -> 1
 (32, 20) -> -0.6
 (33, 20) -> -0.6
 (34, 20) -> -0.6
 (35, 20) -> -0.6
 (0, 21) -> -1
 (1, 21) -> 8.67362e-19
 (2, 21) -> 1.04083e-17
 (3, 21) -> -1.73472e-18
 (4, 21) -> 0.388927
 (5, 21) -> -0.320925
 (6, 21) -> -0
 (7, 21) -> -0
 (8, 21) -> -0
 (9, 21) -> 0.00286771
 (10, 21) -> -0.41306
 (11, 21) -> -0.233257
 (12, 21) -> -0
 (13, 21) -> -0
 (14, 21) -> -0
 (15, 21) -> -0
 (16, 21) -> -0
 (17, 21) -> -0
 (38, 21) -> 1
 (39, 21) -> -1
 (0, 22) -> 3.03577e-18
 (1, 22) -> -1
 (2, 22) -> -0
 (3, 22) -> -0.388927
 (4, 22) -> -0
 (5, 22) -> 0.190478
 (6, 22) -> -0
 (7, 22) -> -0
 (8, 22) -> -0
 (9, 22) -> -0.394123
 (10, 22) -> -0.00722671
 (11, 22) -> -0.00435965
 (12, 22) -> -0
 (13, 22) -> -0
 (14, 22) -> -0
 (15, 22) -> -0
 (16, 22) -> -0
 (17, 22) -> -0
 (40, 22) -> 1
 (41, 22) -> -1
 (0, 23) -> 1.56125e-17
 (1, 23) -> -2.77556e-17
 (2, 23) -> -1
 (3, 23) -> 0.320925
 (4, 23) -> -0.190478
 (5, 23) -> -0
 (6, 23) -> -0
 (7, 23) -> -0
 (8, 23) -> -0
 (9, 23) -> 0.25838
 (10, 23) -> -0.0148137
 (11, 23) -> -0.0118867
 (12, 23) -> -0
 (13, 23) -> -0
 (14, 23) -> -0
 (15, 23) -> -0
 (16, 23) -> -0
 (17, 23) -> -0
 (36, 23) -> -1
 (37, 23) -> 1
 (38, 23) -> -0.6
 (39, 23) -> -0.6
 (40, 23) -> -0.6
 (41, 23) -> -0.6
 (0, 24) -> -1
 (1, 24) -> 2.32019e-17
 (2, 24) -> -1.9082e-17
 (3, 24) -> -3.38271e-17
 (4, 24) -> 0.330926
 (5, 24) -> 0.370259
 (6, 24) -> -0
 (7, 24) -> -0
 (8, 24) -> -0
 (9, 24) -> -0
 (10, 24) -> -0
 (11, 24) -> -0
 (12, 24) -> 0.00904196
 (13, 24) -> -0.386776
 (14, 24) -> -0.21781
 (15, 24) -> -0
 (16, 24) -> -0
 (17, 24) -> -0
 (44, 24) -> 1
 (45, 24) -> -1
 (0, 25) -> 4.94396e-17
 (1, 25) -> -1
 (2, 25) -> 5.55112e-17
 (3, 25) -> -0.330926
 (4, 25) -> 6.93889e-18
 (5, 25) -> -0.182224
 (6, 25) -> -0
 (7, 25) -> -0
 (8, 25) -> -0
 (9, 25) -> -0
 (10, 25) -> -0
 (11, 25) -> -0
 (12, 25) -> -0.325476
 (13, 25) -> -0.0119815
 (14, 25) -> -0.0228733
 (15, 25) -> -0
 (16, 25) -> -0
 (17, 25) -> -0
 (46, 25) -> 1
 (47, 25) -> -1
 (0, 26) -> 3.98986e-17
 (1, 26) -> -0
 (2, 26) -> -1
 (3, 26) -> -0.370259
 (4, 26) -> 0.182224
 (5, 26) -> 5.55112e-17
 (6, 26) -> -0
 (7, 26) -> -0
 (8, 26) -> -0
 (9, 26) -> -0
 (10, 26) -> -0
 (11, 26) -> -0
 (12, 26) -> -0.307832
 (13, 26) -> 0.0206211
 (14, 26) -> 0.0812684
 (15, 26) -> -0
 (16, 26) -> -0
 (17, 26) -> -0
 (42, 26) -> -1
 (43, 26) -> 1
 (44, 26) -> -0.6
 (45, 26) -> -0.6
 (46, 26) -> -0.6
 (47, 26) -> -0.6
 (0, 27) -> -1
 (1, 27) -> 6.50521e-19
 (2, 27) -> -1.56125e-17
 (3, 27) -> -2.08167e-17
 (4, 27) -> 0.364126
 (5, 27) -> -0.331075
 (6, 27) -> -0
 (7, 27) -> -0
 (8, 27) -> -0
 (9, 27) -> -0
 (10, 27) -> -0
 (11, 27) -> -0
 (12, 27) -> -0
 (13, 27) -> -0
 (14, 27) -> -0
 (15, 27) -> 0.00234921
 (16, 27) -> -0.405201
 (17, 27) -> -0.225627
 (50, 27) -> 1
 (51, 27) -> -1
 (0, 28) -> -4.33681e-19
 (1, 28) -> -1
 (2, 28) -> -0
 (3, 28) -> -0.364126
 (4, 28) -> -1.38778e-17
 (5, 28) -> -0.163166
 (6, 28) -> -0
 (7, 28) -> -0
 (8, 28) -> -0
 (9, 28) -> -0
 (10, 28) -> -0
 (11, 28) -> -0
 (12, 28) -> -0
 (13, 28) -> -0
 (14, 28) -> -0
 (15, 28) -> -0.373855
 (16, 28) -> 0.000561347
 (17, 28) -> 0.00422882
 (52, 28) -> 1
 (53, 28) -> -1
 (0, 29) -> 3.98986e-17
 (1, 29) -> -0
 (2, 29) -> -1
 (3, 29) -> 0.331075
 (4, 29) -> 0.163166
 (5, 29) -> 3.46945e-17
 (6, 29) -> -0
 (7, 29) -> -0
 (8, 29) -> -0
 (9, 29) -> -0
 (10, 29) -> -0
 (11, 29) -> -0
 (12, 29) -> -0
 (13, 29) -> -0
 (14, 29) -> -0
 (15, 29) -> 0.274069
 (16, 29) -> 0.0511107
 (17, 29) -> 0.0603626
 (48, 29) -> -1
 (49, 29) -> 1
 (50, 29) -> -0.6
 (51, 29) -> -0.6
 (52, 29) -> -0.6
 (53, 29) -> -0.6
 (6, 30) -> -1
 (18, 30) -> 1
 (7, 31) -> -1
 (19, 31) -> 1
 (8, 32) -> -1
 (20, 32) -> 1
 (9, 33) -> -1
 (21, 33) -> 1
 (10, 34) -> -1
 (22, 34) -> 1
 (11, 35) -> -1
 (23, 35) -> 1
 (12, 36) -> -1
 (24, 36) -> 1
 (13, 37) -> -1
 (25, 37) -> 1
 (14, 38) -> -1
 (26, 38) -> 1
 (15, 39) -> -1
 (27, 39) -> 1
 (16, 40) -> -1
 (28, 40) -> 1
 (17, 41) -> -1
 (29, 41) -> 1
Input 3 (lba): [-45.9654, 600.078, -1633.54, -116.501, 193.074, 49.592, -57.9039, -10.2376, 46.7807, 11.4597, -2.17261, 22.8905, -125.55, -61.1401, 104.987, 46.8505, -18.7502, 47.4406, -100, -100, -100, -100, -100, -100, -100, -100, -100, -100, -100, -100, -inf, -inf, -inf, -inf, -inf, -inf, -inf, -inf, -inf, -inf, -inf, -inf, -inf, -inf, -inf, -inf, -inf, -inf, -inf, -inf, -inf, -inf, -inf, -inf]
Input 4 (uba): [-45.9654, 600.078, -1633.54, -116.501, 193.074, 49.592, -57.9039, -10.2376, 46.7807, 11.4597, -2.17261, 22.8905, -125.55, -61.1401, 104.987, 46.8505, -18.7502, 47.4406, 100, 100, 100, 100, 100, 100, 100, 100, 100, 100, 100, 100, 0, 400, 0, 0, 0, 0, 0, 0, 0, 0, 0, 0, 0, 0, 0, 0, 0, 0, 0, 400, 0, 0, 0, 0]
Input 5 (lbx): [-inf, -inf, -inf, -inf, -inf, -inf, -inf, -inf, -inf, -inf, -inf, -inf, -inf, -inf, -inf, -inf, -inf, -inf, -inf, -inf, -inf, -inf, -inf, -inf, -inf, -inf, -inf, -inf, -inf, -inf, -inf, -inf, -inf, -inf, -inf, -inf, -inf, -inf, -inf, -inf, -inf, -inf]
Input 6 (ubx): [inf, inf, inf, inf, inf, inf, inf, inf, inf, inf, inf, inf, inf, inf, inf, inf, inf, inf, inf, inf, inf, inf, inf, inf, inf, inf, inf, inf, inf, inf, inf, inf, inf, inf, inf, inf, inf, inf, inf, inf, inf, inf]
Input 7 (x0): [0, 0, 0, 0, 0, 0, 0, 0, 0, 0, 0, 0, 0, 0, 0, 0, 0, 0, 0, 0, 0, 0, 0, 0, 0, 0, 0, 0, 0, 0, 0, 0, 0, 0, 0, 0, 0, 0, 0, 0, 0, 0]
Input 8 (lam_x0): [0, 0, 0, 0, 0, 0, 0, 0, 0, 0, 0, 0, 0, 0, 0, 0, 0, 0, 0, 0, 0, 0, 0, 0, 0, 0, 0, 0, 0, 0, 0, 0, 0, 0, 0, 0, 0, 0, 0, 0, 0, 0]
Input 9 (lam_a0): [0, 0, 0, 0, 0, 0, 0, 0, 0, 0, 0, 0, 0, 0, 0, 0, 0, 0, 0, 0, 0, 0, 0, 0, 0, 0, 0, 0, 0, 0, 0, 0, 0, 0, 0, 0, 0, 0, 0, 0, 0, 0, 0, 0, 0, 0, 0, 0, 0, 0, 0, 0, 0, 0]
Input 10 (q): 0x42
Input 11 (p): 0x0
Function solver (0x16524590)
Input 0 (x0): [0, 0, 0, 0, 0, 0, 0, 0, 0, 0, 0, 0, 0, 0, 0, 0, 0, 0, 0, 0, 0, 0, 0, 0, 0, 0, 0, 0, 0, 0, 0, 0, 0, 0, 0, 0, 0, 0, 0, 0, 0, 0]
Input 1 (p): [10.246, 1.04083e-17, -2.77556e-17, -5.42101e-18, -0.536074, -0.0283606, -0.00456757, 0.164787, 0.0373233, -3.80895e-05, 0.165583, 0.0376725, -0.00434646, 0.155378, 0.0351776, 0.000190244, 0.164187, 0.0364401, -6.59195e-17, 10.246, -2.22045e-16, 0.536074, 8.67362e-19, 0.035558, 0.129273, 0.00185946, 0.00169771, 0.151718, 0.00274368, 0.000704091, 0.113222, -0.00405408, 0.00369424, 0.142206, 0.00192599, -0.000683013, 8.32667e-17, 2.22045e-16, 10.246, 0.0283606, -0.035558, 1.64799e-17, 0.198511, 0.0058256, -0.00524254, -0.182703, 0.00400179, 0.00191952, 0.200886, 0.0300182, -0.0131256, -0.188896, -0.00316753, -0.00974919, 5.63785e-18, 0.536074, 0.0283606, 0.384463, -0.00829423, -0.00777969, 0.0782921, 0.0015748, -0.00122768, 0.0769799, -0.000482274, -0.00035991, 0.0747988, 0.0065421, -0.00353226, 0.074378, 0.00169611, 0.00282955, -0.536074, 6.93889e-18, -0.035558, -0.00829423, 0.442427, 0.00263174, 0.042429, -0.0325086, -0.0124185, -0.0364838, -0.034467, -0.0115818, -0.0452166, -0.0352032, -0.00666137, 0.038836, -0.0317259, -0.00900406, -0.0283606, 0.035558, 5.20417e-18, -0.00777969, 0.00263174, 0.593218, -0.0265204, -0.0447421, -0.0127617, -0.0305787, 0.0412445, 0.0113119, 0.0272313, -0.044535, -0.0113416, 0.0284271, 0.0422137, 0.011207, -0.00456757, 0.129273, 0.198511, 0.0782921, 0.042429, -0.0265204, 0.0657895, 0.000276892, -0.00125361, 0, 0, 0, 0, 0, 0, 0, 0, 0, 0.164787, 0.00185946, 0.0058256, 0.0015748, -0.0325086, -0.0447421, 0.000276892, 0.0381473, 0.0126727, 0, 0, 0, 0, 0, 0, 0, 0, 0, 0.0373233, 0.00169771, -0.00524254, -0.00122768, -0.0124185, -0.0127617, -0.00125361, 0.0126727, 0.00606647, 0, 0, 0, 0, 0, 0, 0, 0, 0, -3.80895e-05, 0.151718, -0.182703, 0.0769799, -0.0364838, -0.0305787, 0, 0, 0, 0.0663015, -0.000381081, -0.000310098, 0, 0, 0, 0, 0, 0, 0.165583, 0.00274368, 0.00400179, -0.000482274, -0.034467, 0.0412445, 0, 0, 0, -0.000381081, 0.0384974, 0.0128477, 0, 0, 0, 0, 0, 0, 0.0376725, 0.000704091, 0.00191952, -0.00035991, -0.0115818, 0.0113119, 0, 0, 0, -0.000310098, 0.0128477, 0.00606647, 0, 0, 0, 0, 0, 0, -0.00434646, 0.113222, 0.200886, 0.0747988, -0.0452166, 0.0272313, 0, 0, 0, 0, 0, 0, 0.0615946, 0.00380158, -0.00299763, 0, 0, 0, 0.155378, -0.00405408, 0.0300182, 0.0065421, -0.0352032, -0.044535, 0, 0, 0, 0, 0, 0, 0.00380158, 0.0351499, 0.011174, 0, 0, 0, 0.0351776, 0.00369424, -0.0131256, -0.00353226, -0.00666137, -0.0113416, 0, 0, 0, 0, 0, 0, -0.00299763, 0.011174, 0.00606647, 0, 0, 0, 0.000190244, 0.142206, -0.188896, 0.074378, 0.038836, 0.0284271, 0, 0, 0, 0, 0, 0, 0, 0, 0, 0.0651936, 0.00142059, 0.0022139, 0.164187, 0.00192599, -0.00316753, 0.00169611, -0.0317259, 0.0422137, 0, 0, 0, 0, 0, 0, 0, 0, 0, 0.00142059, 0.0378369, 0.0125175, 0.0364401, -0.000683013, -0.00974919, 0.00282955, -0.00900406, 0.011207, 0, 0, 0, 0, 0, 0, 0, 0, 0, 0.0022139, 0.0125175, 0.00606647, 45.9654, -600.078, 1633.54, 116.501, -193.074, -49.592, 36.2254, 2.97766, -3.36489, -15.6707, -0.0859555, 0.132358, 102.545, 30.3122, -21.8192, -48.3746, 15.2622, -0.846126, 1, -7.58942e-18, 6.93889e-17, 1, -3.03577e-18, -1.56125e-17, 1, -4.94396e-17, -3.98986e-17, 1, 4.33681e-19, -3.98986e-17, -2.1684e-18, 1, 8.32667e-17, -8.67362e-19, 1, 2.77556e-17, -2.32019e-17, 1, 0, -6.50521e-19, 1, 0, 7.11237e-17, 8.32667e-17, 1, -1.04083e-17, 0, 1, 1.9082e-17, -5.55112e-17, 1, 1.56125e-17, 0, 1, -4.33681e-18, 0.370019, 0.356532, 1.73472e-18, 0.388927, -0.320925, 3.38271e-17, 0.330926, 0.370259, 2.08167e-17, 0.364126, -0.331075, -0.370019, 3.46945e-18, 0.233465, -0.388927, 0, 0.190478, -0.330926, -6.93889e-18, -0.182224, -0.364126, 1.38778e-17, -0.163166, -0.356532, -0.233465, 1.73472e-17, 0.320925, -0.190478, 0, -0.370259, 0.182224, -5.55112e-17, 0.331075, 0.163166, -3.46945e-17, -0.00947871, 0.35924, 0.300621, 0, 0, 0, 0, 0, 0, 0, 0, 0, 0.410271, 0.0107388, -0.0169002, 0, 0, 0, 0, 0, 0, 0, 0, 0, 0.231095, 0.0105114, -0.0324587, 0, 0, 0, 0, 0, 0, 0, 0, 0, 0, 0, 0, -0.00286771, 0.394123, -0.25838, 0, 0, 0, 0, 0, 0, 0, 0, 0, 0.41306, 0.00722671, 0.0148137, 0, 0, 0, 0, 0, 0, 0, 0, 0, 0.233257, 0.00435965, 0.0118867, 0, 0, 0, 0, 0, 0, 0, 0, 0, 0, 0, 0, -0.00904196, 0.325476, 0.307832, 0, 0, 0, 0, 0, 0, 0, 0, 0, 0.386776, 0.0119815, -0.0206211, 0, 0, 0, 0, 0, 0, 0, 0, 0, 0.21781, 0.0228733, -0.0812684, 0, 0, 0, 0, 0, 0, 0, 0, 0, 0, 0, 0, -0.00234921, 0.373855, -0.274069, 0, 0, 0, 0, 0, 0, 0, 0, 0, 0.405201, -0.000561347, -0.0511107, 0, 0, 0, 0, 0, 0, 0, 0, 0, 0.225627, -0.00422882, -0.0603626, 124.496, -630.345, 1415.16, -19.3974, 38.1125, 452.026, 655.918, -1637.21, 3025.1, 448.01, 405.701, 1730.75, -0.106318, -0.0548854, 4.59827, -19.1111, -0.507828, 1.87906, 43.3569, 14.5198, -86.8316, 8.42191, 4.51712, -46.0457, 46.0091, 61.6558, -166.336, 3.04813, 6.97611, -93.1889, 1, 0, 0, 1, 45.2968, -24.0646, 8152.93, 611.289, 245.244, 26.1309, 0, 0, 0, -814981, 421495, 20859.3, -814263, 420746, 19469.8, 0, 0, 0, -623.06, -177.037, 1180.76, -120.415, -33.414, 596.506, -661.959, -850.197, 2318.23, -43.024, -69.6131, 1274.01, 0, 0, 50.2565, 0, 0, 0, 0, 0, 0, 0, 0, 50.2565, 100, 100, 100, 10000, 20, 1, 0.0001, 0.0001]
Input 2 (lbx): [-inf, -inf, -inf, -inf, -inf, -inf, -inf, -inf, -inf, -inf, -inf, -inf, -inf, -inf, -inf, -inf, -inf, -inf, -inf, -inf, -inf, -inf, -inf, -inf, -inf, -inf, -inf, -inf, -inf, -inf, -inf, -inf, -inf, -inf, -inf, -inf, -inf, -inf, -inf, -inf, -inf, -inf]
Input 3 (ubx): [inf, inf, inf, inf, inf, inf, inf, inf, inf, inf, inf, inf, inf, inf, inf, inf, inf, inf, inf, inf, inf, inf, inf, inf, inf, inf, inf, inf, inf, inf, inf, inf, inf, inf, inf, inf, inf, inf, inf, inf, inf, inf]
Input 4 (lbg): [0, 0, 0, 0, 0, 0, 0, 0, 0, 0, 0, 0, 0, 0, 0, 0, 0, 0, -100, -100, -100, -100, -100, -100, -100, -100, -100, -100, -100, -100, -inf, -inf, -inf, -inf, -inf, -inf, -inf, -inf, -inf, -inf, -inf, -inf, -inf, -inf, -inf, -inf, -inf, -inf, -inf, -inf, -inf, -inf, -inf, -inf]
Input 5 (ubg): [0, 0, 0, 0, 0, 0, 0, 0, 0, 0, 0, 0, 0, 0, 0, 0, 0, 0, 100, 100, 100, 100, 100, 100, 100, 100, 100, 100, 100, 100, 0, 0, 0, 0, 0, 0, 0, 0, 0, 0, 0, 0, 0, 0, 0, 0, 0, 0, 0, 0, 0, 0, 0, 0]
Input 6 (lam_x0): [0, 0, 0, 0, 0, 0, 0, 0, 0, 0, 0, 0, 0, 0, 0, 0, 0, 0, 0, 0, 0, 0, 0, 0, 0, 0, 0, 0, 0, 0, 0, 0, 0, 0, 0, 0, 0, 0, 0, 0, 0, 0]
Input 7 (lam_g0): [0, 0, 0, 0, 0, 0, 0, 0, 0, 0, 0, 0, 0, 0, 0, 0, 0, 0, 0, 0, 0, 0, 0, 0, 0, 0, 0, 0, 0, 0, 0, 0, 0, 0, 0, 0, 0, 0, 0, 0, 0, 0, 0, 0, 0, 0, 0, 0, 0, 0, 0, 0, 0, 0]
[wbc] QP failed, reusing last torques: Error in Function::call for 'wbc_qp' [MXFunction] at .../casadi/core/function.cpp:514:
Error in Function::operator() for 'solver' [MXFunction] at .../casadi/core/function.cpp:1736:
Error in Function::operator() for 'solver_qpsol' [QpoasesInterface] at .../casadi/core/function.cpp:1736:
.../casadi/core/conic.cpp:574: conic process failed. Set 'error_on_fail' option to false to ignore this error.
Function solver_qpsol (0x164e3700)
Input 0 (h): sparse: 42-by-42, 348 nnz
 (0, 0) -> 40600
 (1, 0) -> -1.01941e-12
 (2, 0) -> 2.651e-12
 (3, 0) -> 1.59943e-13
 (4, 0) -> -13801.1
 (5, 0) -> -578.993
 (6, 0) -> -214.043
 (7, 0) -> 8010.33
 (8, 0) -> 4435.36
 (9, 0) -> -0.905911
 (10, 0) -> 82.5246
 (11, 0) -> 46.5872
 (12, 0) -> -1.91168
 (13, 0) -> 70.8584
 (14, 0) -> 38.9305
 (15, 0) -> -70.0025
 (16, 0) -> 7784.19
 (17, 0) -> 4194.12
 (0, 1) -> -1.01941e-12
 (1, 1) -> 40600
 (2, 1) -> -1.68754e-12
 (3, 1) -> 13801.1
 (4, 1) -> 8.9349e-13
 (5, 1) -> -2950.66
 (6, 1) -> 6678.65
 (7, 1) -> 434.661
 (8, 1) -> 449.528
 (9, 1) -> 77.4946
 (10, 1) -> 1.34612
 (11, 1) -> 0.531487
 (12, 1) -> 55.6192
 (13, 1) -> 4.10638
 (14, 1) -> 7.95069
 (15, 1) -> 6948.76
 (16, 1) -> -150.548
 (17, 1) -> -248.106
 (0, 2) -> 2.651e-12
 (1, 2) -> -1.68754e-12
 (2, 2) -> 40600
 (3, 2) -> 578.993
 (4, 2) -> 2950.66
 (5, 2) -> -3.00276e-13
 (6, 2) -> 6319.93
 (7, 2) -> -1000.26
 (8, 2) -> -1397.53
 (9, 2) -> -53.4073
 (10, 2) -> -2.18498
 (11, 2) -> -3.48038
 (12, 2) -> 63.007
 (13, 2) -> -8.46149
 (14, 2) -> -24.5757
 (15, 2) -> -5690.91
 (16, 2) -> -1842.74
 (17, 2) -> -2043.39
 (0, 3) -> 1.59943e-13
 (1, 3) -> 13801.1
 (2, 3) -> 578.993
 (3, 3) -> 10030.9
 (4, 3) -> 2808.94
 (5, 3) -> -1057.99
 (6, 3) -> 4658.28
 (7, 3) -> -218.756
 (8, 3) -> -360.479
 (9, 3) -> 47.1077
 (10, 3) -> 1.23394
 (11, 3) -> 1.3526
 (12, 3) -> 39.7128
 (13, 3) -> -2.01759
 (14, 3) -> -6.99877
 (15, 3) -> 4275.47
 (16, 3) -> 578.314
 (17, 3) -> 614.03
 (0, 4) -> -13801.1
 (1, 4) -> 8.9349e-13
 (2, 4) -> 2950.66
 (3, 4) -> 2808.94
 (4, 4) -> 6690.33
 (5, 4) -> 275.072
 (6, 4) -> 1780.15
 (7, 4) -> -3054.35
 (8, 4) -> -1918.92
 (9, 4) -> -11.1262
 (10, 4) -> -31.8322
 (11, 4) -> -18.4527
 (12, 4) -> -9.36808
 (13, 4) -> -18.9642
 (14, 4) -> -7.28319
 (15, 4) -> 723.153
 (16, 4) -> -2387.33
 (17, 4) -> -1157.14
 (0, 5) -> -578.993
 (1, 5) -> -2950.66
 (2, 5) -> -3.00276e-13
 (3, 5) -> -1057.99
 (4, 5) -> 275.072
 (5, 5) -> 7087.31
 (6, 5) -> -1723.43
 (7, 5) -> -3079.13
 (8, 5) -> -1761.3
 (9, 5) -> -16.9434
 (10, 5) -> 26.9935
 (11, 5) -> 15.2875
 (12, 5) -> 9.47456
 (13, 5) -> -26.0991
 (14, 5) -> -13.443
 (15, 5) -> 830.399
 (16, 5) -> 2637.99
 (17, 5) -> 1400.82
 (0, 6) -> -214.043
 (1, 6) -> 6678.65
 (2, 6) -> 6319.93
 (3, 6) -> 4658.28
 (4, 6) -> 1780.15
 (5, 6) -> -1723.43
 (6, 6) -> 4231.58
 (7, 6) -> -256.657
 (8, 6) -> -338.969
 (9, 6) -> 0
 (10, 6) -> 0
 (11, 6) -> 0
 (12, 6) -> 0
 (13, 6) -> 0
 (14, 6) -> 0
 (15, 6) -> 0
 (16, 6) -> 0
 (17, 6) -> 0
 (0, 7) -> 8010.33
 (1, 7) -> 434.661
 (2, 7) -> -1000.26
 (3, 7) -> -218.756
 (4, 7) -> -3054.35
 (5, 7) -> -3079.13
 (6, 7) -> -256.657
 (7, 7) -> 3269.74
 (8, 7) -> 1856.1
 (9, 7) -> 0
 (10, 7) -> 0
 (11, 7) -> 0
 (12, 7) -> 0
 (13, 7) -> 0
 (14, 7) -> 0
 (15, 7) -> 0
 (16, 7) -> 0
 (17, 7) -> 0
 (0, 8) -> 4435.36
 (1, 8) -> 449.528
 (2, 8) -> -1397.53
 (3, 8) -> -360.479
 (4, 8) -> -1918.92
 (5, 8) -> -1761.3
 (6, 8) -> -338.969
 (7, 8) -> 1856.1
 (8, 8) -> 1093.38
 (9, 8) -> 0
 (10, 8) -> 0
 (11, 8) -> 0
 (12, 8) -> 0
 (13, 8) -> 0
 (14, 8) -> 0
 (15, 8) -> 0
 (16, 8) -> 0
 (17, 8) -> 0
 (0, 9) -> -0.905911
 (1, 9) -> 77.4946
 (2, 9) -> -53.4073
 (3, 9) -> 47.1077
 (4, 9) -> -11.1262
 (5, 9) -> -16.9434
 (6, 9) -> 0
 (7, 9) -> 0
 (8, 9) -> 0
 (9, 9) -> 46.2928
 (10, 9) -> 0.731256
 (11, 9) -> 0.924306
 (12, 9) -> 0
 (13, 9) -> 0
 (14, 9) -> 0
 (15, 9) -> 0
 (16, 9) -> 0
 (17, 9) -> 0
 (0, 10) -> 82.5246
 (1, 10) -> 1.34612
 (2, 10) -> -2.18498
 (3, 10) -> 1.23394
 (4, 10) -> -31.8322
 (5, 10) -> 26.9935
 (6, 10) -> 0
 (7, 10) -> 0
 (8, 10) -> 0
 (9, 10) -> 0.731256
 (10, 10) -> 36.0845
 (11, 10) -> 19.2645
 (12, 10) -> 0
 (13, 10) -> 0
 (14, 10) -> 0
 (15, 10) -> 0
 (16, 10) -> 0
 (17, 10) -> 0
 (0, 11) -> 46.5872
 (1, 11) -> 0.531487
 (2, 11) -> -3.48038
 (3, 11) -> 1.3526
 (4, 11) -> -18.4527
 (5, 11) -> 15.2875
 (6, 11) -> 0
 (7, 11) -> 0
 (8, 11) -> 0
 (9, 11) -> 0.924306
 (10, 11) -> 19.2645
 (11, 11) -> 12.9138
 (12, 11) -> 0
 (13, 11) -> 0
 (14, 11) -> 0
 (15, 11) -> 0
 (16, 11) -> 0
 (17, 11) -> 0
 (0, 12) -> -1.91168
 (1, 12) -> 55.6192
 (2, 12) -> 63.007
 (3, 12) -> 39.7128
 (4, 12) -> -9.36808
 (5, 12) -> 9.47456
 (6, 12) -> 0
 (7, 12) -> 0
 (8, 12) -> 0
 (9, 12) -> 0
 (10, 12) -> 0
 (11, 12) -> 0
 (12, 12) -> 37.3352
 (13, 12) -> -2.20099
 (14, 12) -> -5.90328
 (15, 12) -> 0
 (16, 12) -> 0
 (17, 12) -> 0
 (0, 13) -> 70.8584
 (1, 13) -> 4.10638
 (2, 13) -> -8.46149
 (3, 13) -> -2.01759
 (4, 13) -> -18.9642
 (5, 13) -> -26.0991
 (6, 13) -> 0
 (7, 13) -> 0
 (8, 13) -> 0
 (9, 13) -> 0
 (10, 13) -> 0
 (11, 13) -> 0
 (12, 13) -> -2.20099
 (13, 13) -> 27.5469
 (14, 13) -> 14.9957
 (15, 13) -> 0
 (16, 13) -> 0
 (17, 13) -> 0
 (0, 14) -> 38.9305
 (1, 14) -> 7.95069
 (2, 14) -> -24.5757
 (3, 14) -> -6.99877
 (4, 14) -> -7.28319
 (5, 14) -> -13.443
 (6, 14) -> 0
 (7, 14) -> 0
 (8, 14) -> 0
 (9, 14) -> 0
 (10, 14) -> 0
 (11, 14) -> 0
 (12, 14) -> -5.90328
 (13, 14) -> 14.9957
 (14, 14) -> 12.9138
 (15, 14) -> 0
 (16, 14) -> 0
 (17, 14) -> 0
 (0, 15) -> -70.0025
 (1, 15) -> 6948.76
 (2, 15) -> -5690.91
 (3, 15) -> 4275.47
 (4, 15) -> 723.153
 (5, 15) -> 830.399
 (6, 15) -> 0
 (7, 15) -> 0
 (8, 15) -> 0
 (9, 15) -> 0
 (10, 15) -> 0
 (11, 15) -> 0
 (12, 15) -> 0
 (13, 15) -> 0
 (14, 15) -> 0
 (15, 15) -> 4035.83
 (16, 15) -> 444.791
 (17, 15) -> 480.555
 (0, 16) -> 7784.19
 (1, 16) -> -150.548
 (2, 16) -> -1842.74
 (3, 16) -> 578.314
 (4, 16) -> -2387.33
 (5, 16) -> 2637.99
 (6, 16) -> 0
 (7, 16) -> 0
 (8, 16) -> 0
 (9, 16) -> 0
 (10, 16) -> 0
 (11, 16) -> 0
 (12, 16) -> 0
 (13, 16) -> 0
 (14, 16) -> 0
 (15, 16) -> 444.791
 (16, 16) -> 3202.6
 (17, 16) -> 1822.53
 (0, 17) -> 4194.12
 (1, 17) -> -248.106
 (2, 17) -> -2043.39
 (3, 17) -> 614.03
 (4, 17) -> -1157.14
 (5, 17) -> 1400.82
 (6, 17) -> 0
 (7, 17) -> 0
 (8, 17) -> 0
 (9, 17) -> 0
 (10, 17) -> 0
 (11, 17) -> 0
 (12, 17) -> 0
 (13, 17) -> 0
 (14, 17) -> 0
 (15, 17) -> 480.555
 (16, 17) -> 1822.53
 (17, 17) -> 1093.38
 (18, 18) -> 0.0002
 (19, 19) -> 0.0002
 (20, 20) -> 0.0002
 (21, 21) -> 0.0002
 (22, 22) -> 0.0002
 (23, 23) -> 0.0002
 (24, 24) -> 0.0002
 (25, 25) -> 0.0002
 (26, 26) -> 0.0002
 (27, 27) -> 0.0002
 (28, 28) -> 0.0002
 (29, 29) -> 0.0002
 (30, 30) -> 0.0002
 (31, 31) -> 0.0002
 (32, 32) -> 0.0002
 (33, 33) -> 0.0002
 (34, 34) -> 0.0002
 (35, 35) -> 0.0002
 (36, 36) -> 0.0002
 (37, 37) -> 0.0002
 (38, 38) -> 0.0002
 (39, 39) -> 0.0002
 (40, 40) -> 0.0002
 (41, 41) -> 0.0002
Input 1 (g): [2.12901e+08, -1.08372e+08, 8.62676e+07, -3.73028e+07, -6.58535e+07, 7.5378e+06, 7.34709e+06, -1.30772e+06, -2.70136e+06, -1.97443e+07, 4.04785e+07, 2.29332e+07, -1.58179e+07, 3.41267e+07, 1.74263e+07, -9.50938e+06, 42614.3, -2.64744e+06, -0, -0, -0.0100513, -0, -0, -0, -0, -0, -0, -0, -0, -0.0100513, 0, 0, 0, 0, 0, 0, 0, 0, 0, 0, 0, 0]
Input 2 (a): sparse: 54-by-42, 604 nnz
 (0, 0) -> 10.246
 (1, 0) -> -3.1225e-17
 (2, 0) -> 0
 (3, 0) -> 1.97325e-17
 (4, 0) -> -0.490092
 (5, 0) -> -0.0291004
 (6, 0) -> -0.00492118
 (7, 0) -> 0.162976
 (8, 0) -> 0.0358169
 (9, 0) -> -0.000672879
 (10, 0) -> 0.165448
 (11, 0) -> 0.0376206
 (12, 0) -> -0.00441596
 (13, 0) -> 0.145003
 (14, 0) -> 0.0314374
 (15, 0) -> -0.000283034
 (16, 0) -> 0.161566
 (17, 0) -> 0.0338687
 (0, 1) -> -5.55112e-17
 (1, 1) -> 10.246
 (2, 1) -> -6.66134e-16
 (3, 1) -> 0.490092
 (4, 1) -> -1.73472e-17
 (5, 1) -> 0.0316719
 (6, 1) -> 0.117291
 (7, 1) -> 0.00310133
 (8, 1) -> 0.00363014
 (9, 1) -> 0.147448
 (10, 1) -> 0.00332678
 (11, 1) -> 0.000429167
 (12, 1) -> 0.0928689
 (13, 1) -> -0.00725349
 (14, 1) -> 0.00642049
 (15, 1) -> 0.132739
 (16, 1) -> 0.00146654
 (17, 1) -> -0.00200358
 (0, 2) -> 2.77556e-17
 (1, 2) -> -6.66134e-16
 (2, 2) -> 10.246
 (3, 2) -> 0.0291004
 (4, 2) -> -0.0316719
 (5, 2) -> -4.33681e-18
 (6, 2) -> 0.204348
 (7, 2) -> 0.002845
 (8, 2) -> -0.0112857
 (9, 2) -> -0.186029
 (10, 2) -> 0.00179689
 (11, 2) -> -0.00281077
 (12, 2) -> 0.203528
 (13, 2) -> 0.0374716
 (14, 2) -> -0.0198459
 (15, 2) -> -0.193396
 (16, 2) -> -0.00936423
 (17, 2) -> -0.0165012
 (0, 3) -> -1.01915e-17
 (1, 3) -> 0.490092
 (2, 3) -> 0.0291004
 (3, 3) -> 0.377622
 (4, 3) -> -0.0108089
 (5, 3) -> -0.0143356
 (6, 3) -> 0.0772939
 (7, 3) -> 0.000700756
 (8, 3) -> -0.00283876
 (9, 3) -> 0.0768107
 (10, 3) -> 0.000402811
 (11, 3) -> 0.0010091
 (12, 3) -> 0.0705504
 (13, 3) -> 0.00792861
 (14, 3) -> -0.00547758
 (15, 3) -> 0.0723855
 (16, 3) -> 0.00352252
 (17, 3) -> 0.00471998
 (0, 4) -> -0.490092
 (1, 4) -> 2.60209e-18
 (2, 4) -> -0.0316719
 (3, 4) -> -0.0108089
 (4, 4) -> 0.432492
 (5, 4) -> 0.000522311
 (6, 4) -> 0.0451389
 (7, 4) -> -0.030965
 (8, 4) -> -0.0129253
 (9, 4) -> -0.0375421
 (10, 4) -> -0.0337091
 (11, 4) -> -0.0122128
 (12, 4) -> -0.0466632
 (13, 4) -> -0.0323002
 (14, 4) -> -0.00333406
 (15, 4) -> 0.0383476
 (16, 4) -> -0.0278529
 (17, 4) -> -0.00669582
 (0, 5) -> -0.0291004
 (1, 5) -> 0.0316719
 (2, 5) -> -5.29091e-17
 (3, 5) -> -0.0143356
 (4, 5) -> 0.000522311
 (5, 5) -> 0.606163
 (6, 5) -> -0.025193
 (7, 5) -> -0.0456933
 (8, 5) -> -0.0131668
 (9, 5) -> -0.0307449
 (10, 5) -> 0.0419798
 (11, 5) -> 0.0116415
 (12, 5) -> 0.0228691
 (13, 5) -> -0.0432282
 (14, 5) -> -0.00975554
 (15, 5) -> 0.0247869
 (16, 5) -> 0.0422129
 (17, 5) -> 0.0105007
 (0, 6) -> -0.00492118
 (1, 6) -> 0.117291
 (2, 6) -> 0.204348
 (3, 6) -> 0.0772939
 (4, 6) -> 0.0451389
 (5, 6) -> -0.025193
 (6, 6) -> 0.0645905
 (7, 6) -> -0.000541731
 (8, 6) -> -0.00259983
 (9, 6) -> 0
 (10, 6) -> 0
 (11, 6) -> 0
 (12, 6) -> 0
 (13, 6) -> 0
 (14, 6) -> 0
 (15, 6) -> 0
 (16, 6) -> 0
 (17, 6) -> 0
 (0, 7) -> 0.162976
 (1, 7) -> 0.00310133
 (2, 7) -> 0.002845
 (3, 7) -> 0.000700756
 (4, 7) -> -0.030965
 (5, 7) -> -0.0456933
 (6, 7) -> -0.000541731
 (7, 7) -> 0.0372855
 (8, 7) -> 0.0122418
 (9, 7) -> 0
 (10, 7) -> 0
 (11, 7) -> 0
 (12, 7) -> 0
 (13, 7) -> 0
 (14, 7) -> 0
 (15, 7) -> 0
 (16, 7) -> 0
 (17, 7) -> 0
 (0, 8) -> 0.0358169
 (1, 8) -> 0.00363014
 (2, 8) -> -0.0112857
 (3, 8) -> -0.00283876
 (4, 8) -> -0.0129253
 (5, 8) -> -0.0131668
 (6, 8) -> -0.00259983
 (7, 8) -> 0.0122418
 (8, 8) -> 0.00606647
 (9, 8) -> 0
 (10, 8) -> 0
 (11, 8) -> 0
 (12, 8) -> 0
 (13, 8) -> 0
 (14, 8) -> 0
 (15, 8) -> 0
 (16, 8) -> 0
 (17, 8) -> 0
 (0, 9) -> -0.000672879
 (1, 9) -> 0.147448
 (2, 9) -> -0.186029
 (3, 9) -> 0.0768107
 (4, 9) -> -0.0375421
 (5, 9) -> -0.0307449
 (6, 9) -> 0
 (7, 9) -> 0
 (8, 9) -> 0
 (9, 9) -> 0.0661541
 (10, 9) -> 0.00022627
 (11, 9) -> 0.000708967
 (12, 9) -> 0
 (13, 9) -> 0
 (14, 9) -> 0
 (15, 9) -> 0
 (16, 9) -> 0
 (17, 9) -> 0
 (0, 10) -> 0.165448
 (1, 10) -> 0.00332678
 (2, 10) -> 0.00179689
 (3, 10) -> 0.000402811
 (4, 10) -> -0.0337091
 (5, 10) -> 0.0419798
 (6, 10) -> 0
 (7, 10) -> 0
 (8, 10) -> 0
 (9, 10) -> 0.00022627
 (10, 10) -> 0.0384218
 (11, 10) -> 0.0128099
 (12, 10) -> 0
 (13, 10) -> 0
 (14, 10) -> 0
 (15, 10) -> 0
 (16, 10) -> 0
 (17, 10) -> 0
 (0, 11) -> 0.0376206
 (1, 11) -> 0.000429167
 (2, 11) -> -0.00281077
 (3, 11) -> 0.0010091
 (4, 11) -> -0.0122128
 (5, 11) -> 0.0116415
 (6, 11) -> 0
 (7, 11) -> 0
 (8, 11) -> 0
 (9, 11) -> 0.000708967
 (10, 11) -> 0.0128099
 (11, 11) -> 0.00606647
 (12, 11) -> 0
 (13, 11) -> 0
 (14, 11) -> 0
 (15, 11) -> 0
 (16, 11) -> 0
 (17, 11) -> 0
 (0, 12) -> -0.00441596
 (1, 12) -> 0.0928689
 (2, 12) -> 0.203528
 (3, 12) -> 0.0705504
 (4, 12) -> -0.0466632
 (5, 12) -> 0.0228691
 (6, 12) -> 0
 (7, 12) -> 0
 (8, 12) -> 0
 (9, 12) -> 0
 (10, 12) -> 0
 (11, 12) -> 0
 (12, 12) -> 0.0568851
 (13, 12) -> 0.00472943
 (14, 12) -> -0.00452767
 (15, 12) -> 0
 (16, 12) -> 0
 (17, 12) -> 0
 (0, 13) -> 0.145003
 (1, 13) -> -0.00725349
 (2, 13) -> 0.0374716
 (3, 13) -> 0.00792861
 (4, 13) -> -0.0323002
 (5, 13) -> -0.0432282
 (6, 13) -> 0
 (7, 13) -> 0
 (8, 13) -> 0
 (9, 13) -> 0
 (10, 13) -> 0
 (11, 13) -> 0
 (12, 13) -> 0.00472943
 (13, 13) -> 0.0315273
 (14, 13) -> 0.00936271
 (15, 13) -> 0
 (16, 13) -> 0
 (17, 13) -> 0
 (0, 14) -> 0.0314374
 (1, 14) -> 0.00642049
 (2, 14) -> -0.0198459
 (3, 14) -> -0.00547758
 (4, 14) -> -0.00333406
 (5, 14) -> -0.00975554
 (6, 14) -> 0
 (7, 14) -> 0
 (8, 14) -> 0
 (9, 14) -> 0
 (10, 14) -> 0
 (11, 14) -> 0
 (12, 14) -> -0.00452767
 (13, 14) -> 0.00936271
 (14, 14) -> 0.00606647
 (15, 14) -> 0
 (16, 14) -> 0
 (17, 14) -> 0
 (0, 15) -> -0.000283034
 (1, 15) -> 0.132739
 (2, 15) -> -0.193396
 (3, 15) -> 0.0723855
 (4, 15) -> 0.0383476
 (5, 15) -> 0.0247869
 (6, 15) -> 0
 (7, 15) -> 0
 (8, 15) -> 0
 (9, 15) -> 0
 (10, 15) -> 0
 (11, 15) -> 0
 (12, 15) -> 0
 (13, 15) -> 0
 (14, 15) -> 0
 (15, 15) -> 0.0633729
 (16, 15) -> 0.00279151
 (17, 15) -> 0.00368574
 (0, 16) -> 0.161566
 (1, 16) -> 0.00146654
 (2, 16) -> -0.00936423
 (3, 16) -> 0.00352252
 (4, 16) -> -0.0278529
 (5, 16) -> 0.0422129
 (6, 16) -> 0
 (7, 16) -> 0
 (8, 16) -> 0
 (9, 16) -> 0
 (10, 16) -> 0
 (11, 16) -> 0
 (12, 16) -> 0
 (13, 16) -> 0
 (14, 16) -> 0
 (15, 16) -> 0.00279151
 (16, 16) -> 0.0367433
 (17, 16) -> 0.0119707
 (0, 17) -> 0.0338687
 (1, 17) -> -0.00200358
 (2, 17) -> -0.0165012
 (3, 17) -> 0.00471998
 (4, 17) -> -0.00669582
 (5, 17) -> 0.0105007
 (6, 17) -> 0
 (7, 17) -> 0
 (8, 17) -> 0
 (9, 17) -> 0
 (10, 17) -> 0
 (11, 17) -> 0
 (12, 17) -> 0
 (13, 17) -> 0
 (14, 17) -> 0
 (15, 17) -> 0.00368574
 (16, 17) -> 0.0119707
 (17, 17) -> 0.00606647
 (0, 18) -> -1
 (1, 18) -> 2.55872e-17
 (2, 18) -> -8.32667e-17
 (3, 18) -> 1.04083e-17
 (4, 18) -> 0.347599
 (5, 18) -> 0.369749
 (6, 18) -> 0.0107021
 (7, 18) -> -0.400516
 (8, 18) -> -0.221768
 (9, 18) -> -0
 (10, 18) -> -0
 (11, 18) -> -0
 (12, 18) -> -0
 (13, 18) -> -0
 (14, 18) -> -0
 (15, 18) -> -0
 (16, 18) -> -0
 (17, 18) -> -0
 (32, 18) -> 1
 (33, 18) -> -1
 (0, 19) -> 3.51282e-17
 (1, 19) -> -1
 (2, 19) -> 2.77556e-17
 (3, 19) -> -0.347599
 (4, 19) -> -1.38778e-17
 (5, 19) -> 0.2699
 (6, 19) -> -0.333933
 (7, 19) -> -0.0217331
 (8, 19) -> -0.0224764
 (9, 19) -> -0
 (10, 19) -> -0
 (11, 19) -> -0
 (12, 19) -> -0
 (13, 19) -> -0
 (14, 19) -> -0
 (15, 19) -> -0
 (16, 19) -> -0
 (17, 19) -> -0
 (34, 19) -> 1
 (35, 19) -> -1
 (0, 20) -> -3.81639e-17
 (1, 20) -> -5.55112e-17
 (2, 20) -> -1
 (3, 20) -> -0.369749
 (4, 20) -> -0.2699
 (5, 20) -> -2.08167e-17
 (6, 20) -> -0.315996
 (7, 20) -> 0.0500128
 (8, 20) -> 0.0698763
 (9, 20) -> -0
 (10, 20) -> -0
 (11, 20) -> -0
 (12, 20) -> -0
 (13, 20) -> -0
 (14, 20) -> -0
 (15, 20) -> -0
 (16, 20) -> -0
 (17, 20) -> -0
 (30, 20) -> -1
 (31, 20) -> 1
 (32, 20) -> -0.6
 (33, 20) -> -0.6
 (34, 20) -> -0.6
 (35, 20) -> -0.6
 (0, 21) -> -1
 (1, 21) -> 2.60209e-18
 (2, 21) -> 3.29597e-17
 (3, 21) -> 3.46945e-18
 (4, 21) -> 0.380044
 (5, 21) -> -0.330599
 (6, 21) -> -0
 (7, 21) -> -0
 (8, 21) -> -0
 (9, 21) -> 0.00452956
 (10, 21) -> -0.412623
 (11, 21) -> -0.232936
 (12, 21) -> -0
 (13, 21) -> -0
 (14, 21) -> -0
 (15, 21) -> -0
 (16, 21) -> -0
 (17, 21) -> -0
 (38, 21) -> 1
 (39, 21) -> -1
 (0, 22) -> 7.80626e-18
 (1, 22) -> -1
 (2, 22) -> 2.77556e-17
 (3, 22) -> -0.380044
 (4, 22) -> 6.93889e-18
 (5, 22) -> 0.214775
 (6, 22) -> -0
 (7, 22) -> -0
 (8, 22) -> -0
 (9, 22) -> -0.387473
 (10, 22) -> -0.00673061
 (11, 22) -> -0.00265744
 (12, 22) -> -0
 (13, 22) -> -0
 (14, 22) -> -0
 (15, 22) -> -0
 (16, 22) -> -0
 (17, 22) -> -0
 (40, 22) -> 1
 (41, 22) -> -1
 (0, 23) -> 1.38778e-17
 (1, 23) -> 2.77556e-17
 (2, 23) -> -1
 (3, 23) -> 0.330599
 (4, 23) -> -0.214775
 (5, 23) -> -6.93889e-18
 (6, 23) -> -0
 (7, 23) -> -0
 (8, 23) -> -0
 (9, 23) -> 0.267036
 (10, 23) -> 0.0109249
 (11, 23) -> 0.0174019
 (12, 23) -> -0
 (13, 23) -> -0
 (14, 23) -> -0
 (15, 23) -> -0
 (16, 23) -> -0
 (17, 23) -> -0
 (36, 23) -> -1
 (37, 23) -> 1
 (38, 23) -> -0.6
 (39, 23) -> -0.6
 (40, 23) -> -0.6
 (41, 23) -> -0.6
 (0, 24) -> -1
 (1, 24) -> -2.64545e-17
 (2, 24) -> -7.28584e-17
 (3, 24) -> 2.08167e-17
 (4, 24) -> 0.286428
 (5, 24) -> 0.377448
 (6, 24) -> -0
 (7, 24) -> -0
 (8, 24) -> -0
 (9, 24) -> -0
 (10, 24) -> -0
 (11, 24) -> -0
 (12, 24) -> 0.00955842
 (13, 24) -> -0.354292
 (14, 24) -> -0.194652
 (15, 24) -> -0
 (16, 24) -> -0
 (17, 24) -> -0
 (44, 24) -> 1
 (45, 24) -> -1
 (0, 25) -> -4.77049e-17
 (1, 25) -> -1
 (2, 25) -> -0
 (3, 25) -> -0.286428
 (4, 25) -> 2.08167e-17
 (5, 25) -> -0.157374
 (6, 25) -> -0
 (7, 25) -> -0
 (8, 25) -> -0
 (9, 25) -> -0
 (10, 25) -> -0
 (11, 25) -> -0
 (12, 25) -> -0.278096
 (13, 25) -> -0.0205319
 (14, 25) -> -0.0397534
 (15, 25) -> -0
 (16, 25) -> -0
 (17, 25) -> -0
 (46, 25) -> 1
 (47, 25) -> -1
 (0, 26) -> -4.51028e-17
 (1, 26) -> 5.55112e-17
 (2, 26) -> -1
 (3, 26) -> -0.377448
 (4, 26) -> 0.157374
 (5, 26) -> 2.77556e-17
 (6, 26) -> -0
 (7, 26) -> -0
 (8, 26) -> -0
 (9, 26) -> -0
 (10, 26) -> -0
 (11, 26) -> -0
 (12, 26) -> -0.315035
 (13, 26) -> 0.0423075
 (14, 26) -> 0.122879
 (15, 26) -> -0
 (16, 26) -> -0
 (17, 26) -> -0
 (42, 26) -> -1
 (43, 26) -> 1
 (44, 26) -> -0.6
 (45, 26) -> -0.6
 (46, 26) -> -0.6
 (47, 26) -> -0.6
 (0, 27) -> -1
 (1, 27) -> -9.1073e-18
 (2, 27) -> -7.63278e-17
 (3, 27) -> 6.07153e-18
 (4, 27) -> 0.335793
 (5, 27) -> -0.341268
 (6, 27) -> -0
 (7, 27) -> -0
 (8, 27) -> -0
 (9, 27) -> -0
 (10, 27) -> -0
 (11, 27) -> -0
 (12, 27) -> -0
 (13, 27) -> -0
 (14, 27) -> -0
 (15, 27) -> 0.00350012
 (16, 27) -> -0.38921
 (17, 27) -> -0.209706
 (50, 27) -> 1
 (51, 27) -> -1
 (0, 28) -> -0
 (1, 28) -> -1
 (2, 28) -> 5.55112e-17
 (3, 28) -> -0.335793
 (4, 28) -> -3.46945e-18
 (5, 28) -> -0.122941
 (6, 28) -> -0
 (7, 28) -> -0
 (8, 28) -> -0
 (9, 28) -> -0
 (10, 28) -> -0
 (11, 28) -> -0
 (12, 28) -> -0
 (13, 28) -> -0
 (14, 28) -> -0
 (15, 28) -> -0.347438
 (16, 28) -> 0.00752738
 (17, 28) -> 0.0124053
 (52, 28) -> 1
 (53, 28) -> -1
 (0, 29) -> 6.59195e-17
 (1, 29) -> 5.55112e-17
 (2, 29) -> -1
 (3, 29) -> 0.341268
 (4, 29) -> 0.122941
 (5, 29) -> 3.1225e-17
 (6, 29) -> -0
 (7, 29) -> -0
 (8, 29) -> -0
 (9, 29) -> -0
 (10, 29) -> -0
 (11, 29) -> -0
 (12, 29) -> -0
 (13, 29) -> -0
 (14, 29) -> -0
 (15, 29) -> 0.284545
 (16, 29) -> 0.0921368
 (17, 29) -> 0.102169
 (48, 29) -> -1
 (49, 29) -> 1
 (50, 29) -> -0.6
 (51, 29) -> -0.6
 (52, 29) -> -0.6
 (53, 29) -> -0.6
 (6, 30) -> -1
 (18, 30) -> 1
 (7, 31) -> -1
 (19, 31) -> 1
 (8, 32) -> -1
 (20, 32) -> 1
 (9, 33) -> -1
 (21, 33) -> 1
 (10, 34) -> -1
 (22, 34) -> 1
 (11, 35) -> -1
 (23, 35) -> 1
 (12, 36) -> -1
 (24, 36) -> 1
 (13, 37) -> -1
 (25, 37) -> 1
 (14, 38) -> -1
 (26, 38) -> 1
 (15, 39) -> -1
 (27, 39) -> 1
 (16, 40) -> -1
 (28, 40) -> 1
 (17, 41) -> -1
 (29, 41) -> 1
Input 3 (lba): [-233.502, 706.485, -1756.65, -71.8526, 190.324, 57.126, -62.8424, -22.058, 54.0399, 28.2082, -8.12097, 36.7033, -109.642, -76.3222, 116.47, 47.7963, -32.4161, 51.543, -100, -100, -100, -100, -100, -100, -100, -100, -100, -100, -100, -100, -inf, -inf, -inf, -inf, -inf, -inf, -inf, -inf, -inf, -inf, -inf, -inf, -inf, -inf, -inf, -inf, -inf, -inf, -inf, -inf, -inf, -inf, -inf, -inf]
Input 4 (uba): [-233.502, 706.485, -1756.65, -71.8526, 190.324, 57.126, -62.8424, -22.058, 54.0399, 28.2082, -8.12097, 36.7033, -109.642, -76.3222, 116.47, 47.7963, -32.4161, 51.543, 100, 100, 100, 100, 100, 100, 100, 100, 100, 100, 100, 100, 0, 400, 0, 0, 0, 0, 0, 0, 0, 0, 0, 0, 0, 0, 0, 0, 0, 0, 0, 400, 0, 0, 0, 0]
Input 5 (lbx): [-inf, -inf, -inf, -inf, -inf, -inf, -inf, -inf, -inf, -inf, -inf, -inf, -inf, -inf, -inf, -inf, -inf, -inf, -inf, -inf, -inf, -inf, -inf, -inf, -inf, -inf, -inf, -inf, -inf, -inf, -inf, -inf, -inf, -inf, -inf, -inf, -inf, -inf, -inf, -inf, -inf, -inf]
Input 6 (ubx): [inf, inf, inf, inf, inf, inf, inf, inf, inf, inf, inf, inf, inf, inf, inf, inf, inf, inf, inf, inf, inf, inf, inf, inf, inf, inf, inf, inf, inf, inf, inf, inf, inf, inf, inf, inf, inf, inf, inf, inf, inf, inf]
Input 7 (x0): [0, 0, 0, 0, 0, 0, 0, 0, 0, 0, 0, 0, 0, 0, 0, 0, 0, 0, 0, 0, 0, 0, 0, 0, 0, 0, 0, 0, 0, 0, 0, 0, 0, 0, 0, 0, 0, 0, 0, 0, 0, 0]
Input 8 (lam_x0): [0, 0, 0, 0, 0, 0, 0, 0, 0, 0, 0, 0, 0, 0, 0, 0, 0, 0, 0, 0, 0, 0, 0, 0, 0, 0, 0, 0, 0, 0, 0, 0, 0, 0, 0, 0, 0, 0, 0, 0, 0, 0]
Input 9 (lam_a0): [0, 0, 0, 0, 0, 0, 0, 0, 0, 0, 0, 0, 0, 0, 0, 0, 0, 0, 0, 0, 0, 0, 0, 0, 0, 0, 0, 0, 0, 0, 0, 0, 0, 0, 0, 0, 0, 0, 0, 0, 0, 0, 0, 0, 0, 0, 0, 0, 0, 0, 0, 0, 0, 0]
Input 10 (q): 0x42
Input 11 (p): 0x0
Function solver (0x16524590)
Input 0 (x0): [0, 0, 0, 0, 0, 0, 0, 0, 0, 0, 0, 0, 0, 0, 0, 0, 0, 0, 0, 0, 0, 0, 0, 0, 0, 0, 0, 0, 0, 0, 0, 0, 0, 0, 0, 0, 0, 0, 0, 0, 0, 0]
Input 1 (p): [10.246, -3.1225e-17, 0, 1.97325e-17, -0.490092, -0.0291004, -0.00492118, 0.162976, 0.0358169, -0.000672879, 0.165448, 0.0376206, -0.00441596, 0.145003, 0.0314374, -0.000283034, 0.161566, 0.0338687, -5.55112e-17, 10.246, -6.66134e-16, 0.490092, -1.73472e-17, 0.0316719, 0.117291, 0.00310133, 0.00363014, 0.147448, 0.00332678, 0.000429167, 0.0928689, -0.00725349, 0.00642049, 0.132739, 0.00146654, -0.00200358, 2.77556e-17, -6.66134e-16, 10.246, 0.0291004, -0.0316719, -4.33681e-18, 0.204348, 0.002845, -0.0112857, -0.186029, 0.00179689, -0.00281077, 0.203528, 0.0374716, -0.0198459, -0.193396, -0.00936423, -0.0165012, -1.01915e-17, 0.490092, 0.0291004, 0.377622, -0.0108089, -0.0143356, 0.0772939, 0.000700756, -0.00283876, 0.0768107, 0.000402811, 0.0010091, 0.0705504, 0.00792861, -0.00547758, 0.0723855, 0.00352252, 0.00471998, -0.490092, 2.60209e-18, -0.0316719, -0.0108089, 0.432492, 0.000522311, 0.0451389, -0.030965, -0.0129253, -0.0375421, -0.0337091, -0.0122128, -0.0466632, -0.0323002, -0.00333406, 0.0383476, -0.0278529, -0.00669582, -0.0291004, 0.0316719, -5.29091e-17, -0.0143356, 0.000522311, 0.606163, -0.025193, -0.0456933, -0.0131668, -0.0307449, 0.0419798, 0.0116415, 0.0228691, -0.0432282, -0.00975554, 0.0247869, 0.0422129, 0.0105007, -0.00492118, 0.117291, 0.204348, 0.0772939, 0.0451389, -0.025193, 0.0645905, -0.000541731, -0.00259983, 0, 0, 0, 0, 0, 0, 0, 0, 0, 0.162976, 0.00310133, 0.002845, 0.000700756, -0.030965, -0.0456933, -0.000541731, 0.0372855, 0.0122418, 0, 0, 0, 0, 0, 0, 0, 0, 0, 0.0358169, 0.00363014, -0.0112857, -0.00283876, -0.0129253, -0.0131668, -0.00259983, 0.0122418, 0.00606647, 0, 0, 0, 0, 0, 0, 0, 0, 0, -0.000672879, 0.147448, -0.186029, 0.0768107, -0.0375421, -0.0307449, 0, 0, 0, 0.0661541, 0.00022627, 0.000708967, 0, 0, 0, 0, 0, 0, 0.165448, 0.00332678, 0.00179689, 0.000402811, -0.0337091, 0.0419798, 0, 0, 0, 0.00022627, 0.0384218, 0.0128099, 0, 0, 0, 0, 0, 0, 0.0376206, 0.000429167, -0.00281077, 0.0010091, -0.0122128, 0.0116415, 0, 0, 0, 0.000708967, 0.0128099, 0.00606647, 0, 0, 0, 0, 0, 0, -0.00441596, 0.0928689, 0.203528, 0.0705504, -0.0466632, 0.0228691, 0, 0, 0, 0, 0, 0, 0.0568851, 0.00472943, -0.00452767, 0, 0, 0, 0.145003, -0.00725349, 0.0374716, 0.00792861, -0.0323002, -0.0432282, 0, 0, 0, 0, 0, 0, 0.00472943, 0.0315273, 0.00936271, 0, 0, 0, 0.0314374, 0.00642049, -0.0198459, -0.00547758, -0.00333406, -0.00975554, 0, 0, 0, 0, 0, 0, -0.00452767, 0.00936271, 0.00606647, 0, 0, 0, -0.000283034, 0.132739, -0.193396, 0.0723855, 0.0383476, 0.0247869, 0, 0, 0, 0, 0, 0, 0, 0, 0, 0.0633729, 0.00279151, 0.00368574, 0.161566, 0.00146654, -0.00936423, 0.00352252, -0.0278529, 0.0422129, 0, 0, 0, 0, 0, 0, 0, 0, 0, 0.00279151, 0.0367433, 0.0119707, 0.0338687, -0.00200358, -0.0165012, 0.00471998, -0.00669582, 0.0105007, 0, 0, 0, 0, 0, 0, 0, 0, 0, 0.00368574, 0.0119707, 0.00606647, 233.502, -706.485, 1756.65, 71.8526, -190.324, -57.126, 39.6838, 15.5576, -4.79012, -33.159, 3.06772, -0.229671, 86.4047, 43.4653, -30.2365, -49.4572, 31.1766, -1.52542, 1, -3.51282e-17, 3.81639e-17, 1, -7.80626e-18, -1.38778e-17, 1, 4.77049e-17, 4.51028e-17, 1, 0, -6.59195e-17, -2.55872e-17, 1, 5.55112e-17, -2.60209e-18, 1, -2.77556e-17, 2.64545e-17, 1, -5.55112e-17, 9.1073e-18, 1, -5.55112e-17, 8.32667e-17, -2.77556e-17, 1, -3.29597e-17, -2.77556e-17, 1, 7.28584e-17, 0, 1, 7.63278e-17, -5.55112e-17, 1, -1.04083e-17, 0.347599, 0.369749, -3.46945e-18, 0.380044, -0.330599, -2.08167e-17, 0.286428, 0.377448, -6.07153e-18, 0.335793, -0.341268, -0.347599, 1.38778e-17, 0.2699, -0.380044, -6.93889e-18, 0.214775, -0.286428, -2.08167e-17, -0.157374, -0.335793, 3.46945e-18, -0.122941, -0.369749, -0.2699, 2.08167e-17, 0.330599, -0.214775, 6.93889e-18, -0.377448, 0.157374, -2.77556e-17, 0.341268, 0.122941, -3.1225e-17, -0.0107021, 0.333933, 0.315996, 0, 0, 0, 0, 0, 0, 0, 0, 0, 0.400516, 0.0217331, -0.0500128, 0, 0, 0, 0, 0, 0, 0, 0, 0, 0.221768, 0.0224764, -0.0698763, 0, 0, 0, 0, 0, 0, 0, 0, 0, 0, 0, 0, -0.00452956, 0.387473, -0.267036, 0, 0, 0, 0, 0, 0, 0, 0, 0, 0.412623, 0.00673061, -0.0109249, 0, 0, 0, 0, 0, 0, 0, 0, 0, 0.232936, 0.00265744, -0.0174019, 0, 0, 0, 0, 0, 0, 0, 0, 0, 0, 0, 0, -0.00955842, 0.278096, 0.315035, 0, 0, 0, 0, 0, 0, 0, 0, 0, 0.354292, 0.0205319, -0.0423075, 0, 0, 0, 0, 0, 0, 0, 0, 0, 0.194652, 0.0397534, -0.122879, 0, 0, 0, 0, 0, 0, 0, 0, 0, 0, 0, 0, -0.00350012, 0.347438, -0.284545, 0, 0, 0, 0, 0, 0, 0, 0, 0, 0.38921, -0.00752738, -0.0921368, 0, 0, 0, 0, 0, 0, 0, 0, 0, 0.209706, -0.0124053, -0.102169, 504.833, -1016.68, 1763.87, 67.3687, 128.649, 990.558, 1130.47, -1997.4, 2715.48, 978.893, 719.292, 2020.08, 0.0693624, 0.209236, 4.66037, -21.0626, -0.200032, 2.03232, 46.3173, 13.0007, -98.4996, 9.90146, 10.1065, -72.9473, 46.4739, 65.7139, -172.467, 3.3218, 2.4791, -100.035, 1, 0, 0, 1, 24.4909, -25.8426, 5117.25, 796.689, 175.867, -22.661, 0, 0, 0, -494320, 256977, 12367.4, -494518, 256576, 10493.1, 0, 0, 0, -669.138, -157.07, 1353.96, -142.119, -112.676, 980.424, -673.113, -913.581, 2421.31, -47.1876, -6.90291, 1379.86, 0, 0, 50.2565, 0, 0, 0, 0, 0, 0, 0, 0, 50.2565, 100, 100, 100, 10000, 20, 1, 0.0001, 0.0001]
Input 2 (lbx): [-inf, -inf, -inf, -inf, -inf, -inf, -inf, -inf, -inf, -inf, -inf, -inf, -inf, -inf, -inf, -inf, -inf, -inf, -inf, -inf, -inf, -inf, -inf, -inf, -inf, -inf, -inf, -inf, -inf, -inf, -inf, -inf, -inf, -inf, -inf, -inf, -inf, -inf, -inf, -inf, -inf, -inf]
Input 3 (ubx): [inf, inf, inf, inf, inf, inf, inf, inf, inf, inf, inf, inf, inf, inf, inf, inf, inf, inf, inf, inf, inf, inf, inf, inf, inf, inf, inf, inf, inf, inf, inf, inf, inf, inf, inf, inf, inf, inf, inf, inf, inf, inf]
Input 4 (lbg): [0, 0, 0, 0, 0, 0, 0, 0, 0, 0, 0, 0, 0, 0, 0, 0, 0, 0, -100, -100, -100, -100, -100, -100, -100, -100, -100, -100, -100, -100, -inf, -inf, -inf, -inf, -inf, -inf, -inf, -inf, -inf, -inf, -inf, -inf, -inf, -inf, -inf, -inf, -inf, -inf, -inf, -inf, -inf, -inf, -inf, -inf]
Input 5 (ubg): [0, 0, 0, 0, 0, 0, 0, 0, 0, 0, 0, 0, 0, 0, 0, 0, 0, 0, 100, 100, 100, 100, 100, 100, 100, 100, 100, 100, 100, 100, 0, 0, 0, 0, 0, 0, 0, 0, 0, 0, 0, 0, 0, 0, 0, 0, 0, 0, 0, 0, 0, 0, 0, 0]
Input 6 (lam_x0): [0, 0, 0, 0, 0, 0, 0, 0, 0, 0, 0, 0, 0, 0, 0, 0, 0, 0, 0, 0, 0, 0, 0, 0, 0, 0, 0, 0, 0, 0, 0, 0, 0, 0, 0, 0, 0, 0, 0, 0, 0, 0]
Input 7 (lam_g0): [0, 0, 0, 0, 0, 0, 0, 0, 0, 0, 0, 0, 0, 0, 0, 0, 0, 0, 0, 0, 0, 0, 0, 0, 0, 0, 0, 0, 0, 0, 0, 0, 0, 0, 0, 0, 0, 0, 0, 0, 0, 0, 0, 0, 0, 0, 0, 0, 0, 0, 0, 0, 0, 0]
[wbc] QP failed, reusing last torques: Error in Function::call for 'wbc_qp' [MXFunction] at .../casadi/core/function.cpp:514:
Error in Function::operator() for 'solver' [MXFunction] at .../casadi/core/function.cpp:1736:
Error in Function::operator() for 'solver_qpsol' [QpoasesInterface] at .../casadi/core/function.cpp:1736:
.../casadi/core/conic.cpp:574: conic process failed. Set 'error_on_fail' option to false to ignore this error.
Function solver_qpsol (0x164e3700)
Input 0 (h): sparse: 42-by-42, 348 nnz
 (0, 0) -> 40600
 (1, 0) -> 1.98105e-12
 (2, 0) -> -4.76563e-12
 (3, 0) -> 3.12052e-13
 (4, 0) -> -12349.2
 (5, 0) -> -587.967
 (6, 0) -> -230.774
 (7, 0) -> 7643.58
 (8, 0) -> 4073.89
 (9, 0) -> -1.34118
 (10, 0) -> 81.2956
 (11, 0) -> 45.4111
 (12, 0) -> -1.86933
 (13, 0) -> 62.216
 (14, 0) -> 32.6893
 (15, 0) -> -94.9058
 (16, 0) -> 7259.49
 (17, 0) -> 3667.75
 (0, 1) -> 1.98105e-12
 (1, 1) -> 40600
 (2, 1) -> 3.90799e-12
 (3, 1) -> 12349.2
 (4, 1) -> -5.40352e-14
 (5, 1) -> -4613.46
 (6, 1) -> 5986.37
 (7, 1) -> 746.714
 (8, 1) -> 775.588
 (9, 1) -> 75.1822
 (10, 1) -> 0.95312
 (11, 1) -> -0.198855
 (12, 1) -> 44.207
 (13, 1) -> 5.82021
 (14, 1) -> 11.6607
 (15, 1) -> 6186.07
 (16, 1) -> -367.369
 (17, 1) -> -484.062
 (0, 2) -> -4.76563e-12
 (1, 2) -> 3.90799e-12
 (2, 2) -> 40600
 (3, 2) -> 587.967
 (4, 2) -> 4613.46
 (5, 2) -> -1.15737e-12
 (6, 2) -> 6558.12
 (7, 2) -> -1710.24
 (8, 2) -> -2151.63
 (9, 2) -> -54.6752
 (10, 2) -> -8.78369
 (11, 2) -> -10.9795
 (12, 2) -> 62.9648
 (13, 2) -> -11.581
 (14, 2) -> -31.2762
 (15, 2) -> -5858.31
 (16, 2) -> -2697.88
 (17, 2) -> -2853.23
 (0, 3) -> 3.12052e-13
 (1, 3) -> 12349.2
 (2, 3) -> 587.967
 (3, 3) -> 9342.56
 (4, 3) -> 2887.35
 (5, 3) -> -1493.53
 (6, 3) -> 4372.78
 (7, 3) -> -411.723
 (8, 3) -> -569.712
 (9, 3) -> 46.0356
 (10, 3) -> 3.3227
 (11, 3) -> 3.64437
 (12, 3) -> 34.0197
 (13, 3) -> -3.01628
 (14, 3) -> -9.0885
 (15, 3) -> 3877.52
 (16, 3) -> 834.453
 (17, 3) -> 854.245
 (0, 4) -> -12349.2
 (1, 4) -> -5.40352e-14
 (2, 4) -> 4613.46
 (3, 4) -> 2887.35
 (4, 4) -> 6053.23
 (5, 4) -> 315.401
 (6, 4) -> 2108.14
 (7, 4) -> -2943.95
 (8, 4) -> -1953.93
 (9, 4) -> -12.9586
 (10, 4) -> -31.9239
 (11, 4) -> -19.3264
 (12, 4) -> -8.25044
 (13, 4) -> -12.8557
 (14, 4) -> -3.27997
 (15, 4) -> 501.142
 (16, 4) -> -1929.24
 (17, 4) -> -854.381
 (0, 5) -> -587.967
 (1, 5) -> -4613.46
 (2, 5) -> -1.15737e-12
 (3, 5) -> -1493.53
 (4, 5) -> 315.401
 (5, 5) -> 7634.54
 (6, 5) -> -1770.47
 (7, 5) -> -3125.49
 (8, 5) -> -1783.01
 (9, 5) -> -18.9482
 (10, 5) -> 27.2885
 (11, 5) -> 15.4231
 (12, 5) -> 6.80256
 (13, 5) -> -22.665
 (14, 5) -> -10.722
 (15, 5) -> 466.363
 (16, 5) -> 2508.06
 (17, 5) -> 1243.06
 (0, 6) -> -230.774
 (1, 6) -> 5986.37
 (2, 6) -> 6558.12
 (3, 6) -> 4372.78
 (4, 6) -> 2108.14
 (5, 6) -> -1770.47
 (6, 6) -> 3946.94
 (7, 6) -> -425.489
 (8, 6) -> -520.393
 (9, 6) -> 0
 (10, 6) -> 0
 (11, 6) -> 0
 (12, 6) -> 0
 (13, 6) -> 0
 (14, 6) -> 0
 (15, 6) -> 0
 (16, 6) -> 0
 (17, 6) -> 0
 (0, 7) -> 7643.58
 (1, 7) -> 746.714
 (2, 7) -> -1710.24
 (3, 7) -> -411.723
 (4, 7) -> -2943.95
 (5, 7) -> -3125.49
 (6, 7) -> -425.489
 (7, 7) -> 3097.34
 (8, 7) -> 1769.9
 (9, 7) -> 0
 (10, 7) -> 0
 (11, 7) -> 0
 (12, 7) -> 0
 (13, 7) -> 0
 (14, 7) -> 0
 (15, 7) -> 0
 (16, 7) -> 0
 (17, 7) -> 0
 (0, 8) -> 4073.89
 (1, 8) -> 775.588
 (2, 8) -> -2151.63
 (3, 8) -> -569.712
 (4, 8) -> -1953.93
 (5, 8) -> -1783.01
 (6, 8) -> -520.393
 (7, 8) -> 1769.9
 (8, 8) -> 1093.38
 (9, 8) -> 0
 (10, 8) -> 0
 (11, 8) -> 0
 (12, 8) -> 0
 (13, 8) -> 0
 (14, 8) -> 0
 (15, 8) -> 0
 (16, 8) -> 0
 (17, 8) -> 0
 (0, 9) -> -1.34118
 (1, 9) -> 75.1822
 (2, 9) -> -54.6752
 (3, 9) -> 46.0356
 (4, 9) -> -12.9586
 (5, 9) -> -18.9482
 (6, 9) -> 0
 (7, 9) -> 0
 (8, 9) -> 0
 (9, 9) -> 45.2177
 (10, 9) -> 2.21438
 (11, 9) -> 2.62227
 (12, 9) -> 0
 (13, 9) -> 0
 (14, 9) -> 0
 (15, 9) -> 0
 (16, 9) -> 0
 (17, 9) -> 0
 (0, 10) -> 81.2956
 (1, 10) -> 0.95312
 (2, 10) -> -8.78369
 (3, 10) -> 3.3227
 (4, 10) -> -31.9239
 (5, 10) -> 27.2885
 (6, 10) -> 0
 (7, 10) -> 0
 (8, 10) -> 0
 (9, 10) -> 2.21438
 (10, 10) -> 35.4351
 (11, 10) -> 18.9399
 (12, 10) -> 0
 (13, 10) -> 0
 (14, 10) -> 0
 (15, 10) -> 0
 (16, 10) -> 0
 (17, 10) -> 0
 (0, 11) -> 45.4111
 (1, 11) -> -0.198855
 (2, 11) -> -10.9795
 (3, 11) -> 3.64437
 (4, 11) -> -19.3264
 (5, 11) -> 15.4231
 (6, 11) -> 0
 (7, 11) -> 0
 (8, 11) -> 0
 (9, 11) -> 2.62227
 (10, 11) -> 18.9399
 (11, 11) -> 12.9138
 (12, 11) -> 0
 (13, 11) -> 0
 (14, 11) -> 0
 (15, 11) -> 0
 (16, 11) -> 0
 (17, 11) -> 0
 (0, 12) -> -1.86933
 (1, 12) -> 44.207
 (2, 12) -> 62.9648
 (3, 12) -> 34.0197
 (4, 12) -> -8.25044
 (5, 12) -> 6.80256
 (6, 12) -> 0
 (7, 12) -> 0
 (8, 12) -> 0
 (9, 12) -> 0
 (10, 12) -> 0
 (11, 12) -> 0
 (12, 12) -> 31.6116
 (13, 12) -> -2.94102
 (14, 12) -> -7.57461
 (15, 12) -> 0
 (16, 12) -> 0
 (17, 12) -> 0
 (0, 13) -> 62.216
 (1, 13) -> 5.82021
 (2, 13) -> -11.581
 (3, 13) -> -3.01628
 (4, 13) -> -12.8557
 (5, 13) -> -22.665
 (6, 13) -> 0
 (7, 13) -> 0
 (8, 13) -> 0
 (9, 13) -> 0
 (10, 13) -> 0
 (11, 13) -> 0
 (12, 13) -> -2.94102
 (13, 13) -> 22.1942
 (14, 13) -> 12.3194
 (15, 13) -> 0
 (16, 13) -> 0
 (17, 13) -> 0
 (0, 14) -> 32.6893
 (1, 14) -> 11.6607
 (2, 14) -> -31.2762
 (3, 14) -> -9.0885
 (4, 14) -> -3.27997
 (5, 14) -> -10.722
 (6, 14) -> 0
 (7, 14) -> 0
 (8, 14) -> 0
 (9, 14) -> 0
 (10, 14) -> 0
 (11, 14) -> 0
 (12, 14) -> -7.57461
 (13, 14) -> 12.3194
 (14, 14) -> 12.9138
 (15, 14) -> 0
 (16, 14) -> 0
 (17, 14) -> 0
 (0, 15) -> -94.9058
 (1, 15) -> 6186.07
 (2, 15) -> -5858.31
 (3, 15) -> 3877.52
 (4, 15) -> 501.142
 (5, 15) -> 466.363
 (6, 15) -> 0
 (7, 15) -> 0
 (8, 15) -> 0
 (9, 15) -> 0
 (10, 15) -> 0
 (11, 15) -> 0
 (12, 15) -> 0
 (13, 15) -> 0
 (14, 15) -> 0
 (15, 15) -> 3631.81
 (16, 15) -> 642.175
 (17, 15) -> 668.63
 (0, 16) -> 7259.49
 (1, 16) -> -367.369
 (2, 16) -> -2697.88
 (3, 16) -> 834.453
 (4, 16) -> -1929.24
 (5, 16) -> 2508.06
 (6, 16) -> 0
 (7, 16) -> 0
 (8, 16) -> 0
 (9, 16) -> 0
 (10, 16) -> 0
 (11, 16) -> 0
 (12, 16) -> 0
 (13, 16) -> 0
 (14, 16) -> 0
 (15, 16) -> 642.175
 (16, 16) -> 3007.69
 (17, 16) -> 1725.07
 (0, 17) -> 3667.75
 (1, 17) -> -484.062
 (2, 17) -> -2853.23
 (3, 17) -> 854.245
 (4, 17) -> -854.381
 (5, 17) -> 1243.06
 (6, 17) -> 0
 (7, 17) -> 0
 (8, 17) -> 0
 (9, 17) -> 0
 (10, 17) -> 0
 (11, 17) -> 0
 (12, 17) -> 0
 (13, 17) -> 0
 (14, 17) -> 0
 (15, 17) -> 668.63
 (16, 17) -> 1725.07
 (17, 17) -> 1093.38
 (18, 18) -> 0.0002
 (19, 19) -> 0.0002
 (20, 20) -> 0.0002
 (21, 21) -> 0.0002
 (22, 22) -> 0.0002
 (23, 23) -> 0.0002
 (24, 24) -> 0.0002
 (25, 25) -> 0.0002
 (26, 26) -> 0.0002
 (27, 27) -> 0.0002
 (28, 28) -> 0.0002
 (29, 29) -> 0.0002
 (30, 30) -> 0.0002
 (31, 31) -> 0.0002
 (32, 32) -> 0.0002
 (33, 33) -> 0.0002
 (34, 34) -> 0.0002
 (35, 35) -> 0.0002
 (36, 36) -> 0.0002
 (37, 37) -> 0.0002
 (38, 38) -> 0.0002
 (39, 39) -> 0.0002
 (40, 40) -> 0.0002
 (41, 41) -> 0.0002
Input 1 (g): [1.66446e+08, -7.34838e+07, 9.45811e+07, -2.32822e+07, -4.01481e+07, 1.48864e+07, 6.7415e+06, -54490.4, -3.36549e+06, -1.26434e+07, 2.59885e+07, 1.46725e+07, -8.30425e+06, 1.9145e+07, 8.68515e+06, -8.84901e+06, 1.7337e+06, -3.27875e+06, -0, -0, -0.0100513, -0, -0, -0, -0, -0, -0, -0, -0, -0.0100513, 0, 0, 0, 0, 0, 0, 0, 0, 0, 0, 0, 0]
Input 2 (a): sparse: 54-by-42, 604 nnz
 (0, 0) -> 10.246
 (1, 0) -> 2.77556e-17
 (2, 0) -> 2.77556e-17
 (3, 0) -> 3.46945e-18
 (4, 0) -> -0.436199
 (5, 0) -> -0.0272478
 (6, 0) -> -0.00507625
 (7, 0) -> 0.15987
 (8, 0) -> 0.0328978
 (9, 0) -> -0.00158519
 (10, 0) -> 0.16431
 (11, 0) -> 0.0366709
 (12, 0) -> -0.00412599
 (13, 0) -> 0.131422
 (14, 0) -> 0.0263974
 (15, 0) -> -0.00090322
 (16, 0) -> 0.157375
 (17, 0) -> 0.029618
 (0, 1) -> 4.85723e-17
 (1, 1) -> 10.246
 (2, 1) -> 8.88178e-16
 (3, 1) -> 0.436199
 (4, 1) -> 2.0383e-17
 (5, 1) -> 0.023735
 (6, 1) -> 0.103341
 (7, 1) -> 0.00523616
 (8, 1) -> 0.00626318
 (9, 1) -> 0.142824
 (10, 1) -> 0.0039369
 (11, 1) -> -0.000160613
 (12, 1) -> 0.069464
 (13, 1) -> -0.0113578
 (14, 1) -> 0.00941642
 (15, 1) -> 0.120664
 (16, 1) -> 0.000241701
 (17, 1) -> -0.003909
 (0, 2) -> 0
 (1, 2) -> 8.88178e-16
 (2, 2) -> 10.246
 (3, 2) -> 0.0272478
 (4, 2) -> -0.023735
 (5, 2) -> 1.56125e-17
 (6, 2) -> 0.20936
 (7, 2) -> -0.00167519
 (8, 2) -> -0.0173753
 (9, 2) -> -0.188589
 (10, 2) -> -0.00105603
 (11, 2) -> -0.00886658
 (12, 2) -> 0.20355
 (13, 2) -> 0.044798
 (14, 2) -> -0.0252567
 (15, 2) -> -0.197703
 (16, 2) -> -0.0175152
 (17, 2) -> -0.023041
 (0, 3) -> -4.33681e-18
 (1, 3) -> 0.436199
 (2, 3) -> 0.0272478
 (3, 3) -> 0.366576
 (4, 3) -> -0.0134127
 (5, 3) -> -0.0213259
 (6, 3) -> 0.0752279
 (7, 3) -> -0.000523615
 (8, 3) -> -0.00446852
 (9, 3) -> 0.0759719
 (10, 3) -> 0.00154219
 (11, 3) -> 0.00277524
 (12, 3) -> 0.0651585
 (13, 3) -> 0.00935057
 (14, 3) -> -0.00711076
 (15, 3) -> 0.0695061
 (16, 3) -> 0.00578006
 (17, 3) -> 0.00656849
 (0, 4) -> -0.436199
 (1, 4) -> -8.23994e-18
 (2, 4) -> -0.023735
 (3, 4) -> -0.0134127
 (4, 4) -> 0.422219
 (5, 4) -> -0.00261875
 (6, 4) -> 0.0481441
 (7, 4) -> -0.0291868
 (8, 4) -> -0.0132554
 (9, 4) -> -0.0385891
 (10, 4) -> -0.0327415
 (11, 4) -> -0.0129328
 (12, 4) -> -0.0476904
 (13, 4) -> -0.0290418
 (14, 4) -> -0.000139144
 (15, 4) -> 0.0374242
 (16, 4) -> -0.0230505
 (17, 4) -> -0.00427906
 (0, 5) -> -0.0272478
 (1, 5) -> 0.023735
 (2, 5) -> -1.04083e-17
 (3, 5) -> -0.0213259
 (4, 5) -> -0.00261875
 (5, 5) -> 0.617764
 (6, 5) -> -0.0234689
 (7, 5) -> -0.0461845
 (8, 5) -> -0.0132386
 (9, 5) -> -0.0310853
 (10, 5) -> 0.0422545
 (11, 5) -> 0.0117123
 (12, 5) -> 0.0177243
 (13, 5) -> -0.0407333
 (14, 5) -> -0.0074838
 (15, 5) -> 0.0207267
 (16, 5) -> 0.0414986
 (17, 5) -> 0.00916944
 (0, 6) -> -0.00507625
 (1, 6) -> 0.103341
 (2, 6) -> 0.20936
 (3, 6) -> 0.0752279
 (4, 6) -> 0.0481441
 (5, 6) -> -0.0234689
 (6, 6) -> 0.0625919
 (7, 6) -> -0.00161834
 (8, 6) -> -0.00399129
 (9, 6) -> 0
 (10, 6) -> 0
 (11, 6) -> 0
 (12, 6) -> 0
 (13, 6) -> 0
 (14, 6) -> 0
 (15, 6) -> 0
 (16, 6) -> 0
 (17, 6) -> 0
 (0, 7) -> 0.15987
 (1, 7) -> 0.00523616
 (2, 7) -> -0.00167519
 (3, 7) -> -0.000523615
 (4, 7) -> -0.0291868
 (5, 7) -> -0.0461845
 (6, 7) -> -0.00161834
 (7, 7) -> 0.0358934
 (8, 7) -> 0.0115457
 (9, 7) -> 0
 (10, 7) -> 0
 (11, 7) -> 0
 (12, 7) -> 0
 (13, 7) -> 0
 (14, 7) -> 0
 (15, 7) -> 0
 (16, 7) -> 0
 (17, 7) -> 0
 (0, 8) -> 0.0328978
 (1, 8) -> 0.00626318
 (2, 8) -> -0.0173753
 (3, 8) -> -0.00446852
 (4, 8) -> -0.0132554
 (5, 8) -> -0.0132386
 (6, 8) -> -0.00399129
 (7, 8) -> 0.0115457
 (8, 8) -> 0.00606647
 (9, 8) -> 0
 (10, 8) -> 0
 (11, 8) -> 0
 (12, 8) -> 0
 (13, 8) -> 0
 (14, 8) -> 0
 (15, 8) -> 0
 (16, 8) -> 0
 (17, 8) -> 0
 (0, 9) -> -0.00158519
 (1, 9) -> 0.142824
 (2, 9) -> -0.188589
 (3, 9) -> 0.0759719
 (4, 9) -> -0.0385891
 (5, 9) -> -0.0310853
 (6, 9) -> 0
 (7, 9) -> 0
 (8, 9) -> 0
 (9, 9) -> 0.0653471
 (10, 9) -> 0.000991364
 (11, 9) -> 0.00201125
 (12, 9) -> 0
 (13, 9) -> 0
 (14, 9) -> 0
 (15, 9) -> 0
 (16, 9) -> 0
 (17, 9) -> 0
 (0, 10) -> 0.16431
 (1, 10) -> 0.0039369
 (2, 10) -> -0.00105603
 (3, 10) -> 0.00154219
 (4, 10) -> -0.0327415
 (5, 10) -> 0.0422545
 (6, 10) -> 0
 (7, 10) -> 0
 (8, 10) -> 0
 (9, 10) -> 0.000991364
 (10, 10) -> 0.0378974
 (11, 10) -> 0.0125478
 (12, 10) -> 0
 (13, 10) -> 0
 (14, 10) -> 0
 (15, 10) -> 0
 (16, 10) -> 0
 (17, 10) -> 0
 (0, 11) -> 0.0366709
 (1, 11) -> -0.000160613
 (2, 11) -> -0.00886658
 (3, 11) -> 0.00277524
 (4, 11) -> -0.0129328
 (5, 11) -> 0.0117123
 (6, 11) -> 0
 (7, 11) -> 0
 (8, 11) -> 0
 (9, 11) -> 0.00201125
 (10, 11) -> 0.0125478
 (11, 11) -> 0.00606647
 (12, 11) -> 0
 (13, 11) -> 0
 (14, 11) -> 0
 (15, 11) -> 0
 (16, 11) -> 0
 (17, 11) -> 0
 (0, 12) -> -0.00412599
 (1, 12) -> 0.069464
 (2, 12) -> 0.20355
 (3, 12) -> 0.0651585
 (4, 12) -> -0.0476904
 (5, 12) -> 0.0177243
 (6, 12) -> 0
 (7, 12) -> 0
 (8, 12) -> 0
 (9, 12) -> 0
 (10, 12) -> 0
 (11, 12) -> 0
 (12, 12) -> 0.0512672
 (13, 12) -> 0.00577618
 (14, 12) -> -0.00580951
 (15, 12) -> 0
 (16, 12) -> 0
 (17, 12) -> 0
 (0, 13) -> 0.131422
 (1, 13) -> -0.0113578
 (2, 13) -> 0.044798
 (3, 13) -> 0.00935057
 (4, 13) -> -0.0290418
 (5, 13) -> -0.0407333
 (6, 13) -> 0
 (7, 13) -> 0
 (8, 13) -> 0
 (9, 13) -> 0
 (10, 13) -> 0
 (11, 13) -> 0
 (12, 13) -> 0.00577618
 (13, 13) -> 0.0272049
 (14, 13) -> 0.00720146
 (15, 13) -> 0
 (16, 13) -> 0
 (17, 13) -> 0
 (0, 14) -> 0.0263974
 (1, 14) -> 0.00941642
 (2, 14) -> -0.0252567
 (3, 14) -> -0.00711076
 (4, 14) -> -0.000139144
 (5, 14) -> -0.0074838
 (6, 14) -> 0
 (7, 14) -> 0
 (8, 14) -> 0
 (9, 14) -> 0
 (10, 14) -> 0
 (11, 14) -> 0
 (12, 14) -> -0.00580951
 (13, 14) -> 0.00720146
 (14, 14) -> 0.00606647
 (15, 14) -> 0
 (16, 14) -> 0
 (17, 14) -> 0
 (0, 15) -> -0.00090322
 (1, 15) -> 0.120664
 (2, 15) -> -0.197703
 (3, 15) -> 0.0695061
 (4, 15) -> 0.0374242
 (5, 15) -> 0.0207267
 (6, 15) -> 0
 (7, 15) -> 0
 (8, 15) -> 0
 (9, 15) -> 0
 (10, 15) -> 0
 (11, 15) -> 0
 (12, 15) -> 0
 (13, 15) -> 0
 (14, 15) -> 0
 (15, 15) -> 0.0606383
 (16, 15) -> 0.00446674
 (17, 15) -> 0.00512821
 (0, 16) -> 0.157375
 (1, 16) -> 0.000241701
 (2, 16) -> -0.0175152
 (3, 16) -> 0.00578006
 (4, 16) -> -0.0230505
 (5, 16) -> 0.0414986
 (6, 16) -> 0
 (7, 16) -> 0
 (8, 16) -> 0
 (9, 16) -> 0
 (10, 16) -> 0
 (11, 16) -> 0
 (12, 16) -> 0
 (13, 16) -> 0
 (14, 16) -> 0
 (15, 16) -> 0.00446674
 (16, 16) -> 0.0351694
 (17, 16) -> 0.0111837
 (0, 17) -> 0.029618
 (1, 17) -> -0.003909
 (2, 17) -> -0.023041
 (3, 17) -> 0.00656849
 (4, 17) -> -0.00427906
 (5, 17) -> 0.00916944
 (6, 17) -> 0
 (7, 17) -> 0
 (8, 17) -> 0
 (9, 17) -> 0
 (10, 17) -> 0
 (11, 17) -> 0
 (12, 17) -> 0
 (13, 17) -> 0
 (14, 17) -> 0
 (15, 17) -> 0.00512821
 (16, 17) -> 0.0111837
 (17, 17) -> 0.00606647
 (0, 18) -> -1
 (1, 18) -> -4.55365e-17
 (2, 18) -> 4.16334e-17
 (3, 18) -> 1.38778e-17
 (4, 18) -> 0.315713
 (5, 18) -> 0.378585
 (6, 18) -> 0.0115387
 (7, 18) -> -0.382179
 (8, 18) -> -0.203694
 (9, 18) -> -0
 (10, 18) -> -0
 (11, 18) -> -0
 (12, 18) -> -0
 (13, 18) -> -0
 (14, 18) -> -0
 (15, 18) -> -0
 (16, 18) -> -0
 (17, 18) -> -0
 (32, 18) -> 1
 (33, 18) -> -1
 (0, 19) -> -2.77556e-17
 (1, 19) -> -1
 (2, 19) -> -5.55112e-17
 (3, 19) -> -0.315713
 (4, 19) -> -1.38778e-17
 (5, 19) -> 0.310345
 (6, 19) -> -0.299318
 (7, 19) -> -0.0373357
 (8, 19) -> -0.0387794
 (9, 19) -> -0
 (10, 19) -> -0
 (11, 19) -> -0
 (12, 19) -> -0
 (13, 19) -> -0
 (14, 19) -> -0
 (15, 19) -> -0
 (16, 19) -> -0
 (17, 19) -> -0
 (34, 19) -> 1
 (35, 19) -> -1
 (0, 20) -> 5.55112e-17
 (1, 20) -> -2.77556e-17
 (2, 20) -> -1
 (3, 20) -> -0.378585
 (4, 20) -> -0.310345
 (5, 20) -> 2.08167e-17
 (6, 20) -> -0.327906
 (7, 20) -> 0.0855119
 (8, 20) -> 0.107582
 (9, 20) -> -0
 (10, 20) -> -0
 (11, 20) -> -0
 (12, 20) -> -0
 (13, 20) -> -0
 (14, 20) -> -0
 (15, 20) -> -0
 (16, 20) -> -0
 (17, 20) -> -0
 (30, 20) -> -1
 (31, 20) -> 1
 (32, 20) -> -0.6
 (33, 20) -> -0.6
 (34, 20) -> -0.6
 (35, 20) -> -0.6
 (0, 21) -> -1
 (1, 21) -> -4.33681e-19
 (2, 21) -> 2.77556e-17
 (3, 21) -> -1.12757e-17
 (4, 21) -> 0.366111
 (5, 21) -> -0.338554
 (6, 21) -> -0
 (7, 21) -> -0
 (8, 21) -> -0
 (9, 21) -> 0.00670591
 (10, 21) -> -0.406478
 (11, 21) -> -0.227056
 (12, 21) -> -0
 (13, 21) -> -0
 (14, 21) -> -0
 (15, 21) -> -0
 (16, 21) -> -0
 (17, 21) -> -0
 (38, 21) -> 1
 (39, 21) -> -1
 (0, 22) -> 5.63785e-18
 (1, 22) -> -1
 (2, 22) -> -0
 (3, 22) -> -0.366111
 (4, 22) -> -0
 (5, 22) -> 0.24599
 (6, 22) -> -0
 (7, 22) -> -0
 (8, 22) -> -0
 (9, 22) -> -0.375911
 (10, 22) -> -0.0047656
 (11, 22) -> 0.000994274
 (12, 22) -> -0
 (13, 22) -> -0
 (14, 22) -> -0
 (15, 22) -> -0
 (16, 22) -> -0
 (17, 22) -> -0
 (40, 22) -> 1
 (41, 22) -> -1
 (0, 23) -> 5.20417e-17
 (1, 23) -> -0
 (2, 23) -> -1
 (3, 23) -> 0.338554
 (4, 23) -> -0.24599
 (5, 23) -> 1.38778e-17
 (6, 23) -> -0
 (7, 23) -> -0
 (8, 23) -> -0
 (9, 23) -> 0.273376
 (10, 23) -> 0.0439184
 (11, 23) -> 0.0548977
 (12, 23) -> -0
 (13, 23) -> -0
 (14, 23) -> -0
 (15, 23) -> -0
 (16, 23) -> -0
 (17, 23) -> -0
 (36, 23) -> -1
 (37, 23) -> 1
 (38, 23) -> -0.6
 (39, 23) -> -0.6
 (40, 23) -> -0.6
 (41, 23) -> -0.6
 (0, 24) -> -1
 (1, 24) -> -6.1149e-17
 (2, 24) -> 1.04083e-16
 (3, 24) -> -5.20417e-18
 (4, 24) -> 0.232305
 (5, 24) -> 0.377198
 (6, 24) -> -0
 (7, 24) -> -0
 (8, 24) -> -0
 (9, 24) -> -0
 (10, 24) -> -0
 (11, 24) -> -0
 (12, 24) -> 0.00934667
 (13, 24) -> -0.31108
 (14, 24) -> -0.163446
 (15, 24) -> -0
 (16, 24) -> -0
 (17, 24) -> -0
 (44, 24) -> 1
 (45, 24) -> -1
 (0, 25) -> -4.77049e-18
 (1, 25) -> -1
 (2, 25) -> -2.77556e-17
 (3, 25) -> -0.232305
 (4, 25) -> 3.46945e-18
 (5, 25) -> -0.137929
 (6, 25) -> -0
 (7, 25) -> -0
 (8, 25) -> -0
 (9, 25) -> -0
 (10, 25) -> -0
 (11, 25) -> -0
 (12, 25) -> -0.221035
 (13, 25) -> -0.0291011
 (14, 25) -> -0.0583034
 (15, 25) -> -0
 (16, 25) -> -0
 (17, 25) -> -0
 (46, 25) -> 1
 (47, 25) -> -1
 (0, 26) -> 5.20417e-17
 (1, 26) -> -8.32667e-17
 (2, 26) -> -1
 (3, 26) -> -0.377198
 (4, 26) -> 0.137929
 (5, 26) -> -1.38778e-17
 (6, 26) -> -0
 (7, 26) -> -0
 (8, 26) -> -0
 (9, 26) -> -0
 (10, 26) -> -0
 (11, 26) -> -0
 (12, 26) -> -0.314824
 (13, 26) -> 0.0579051
 (14, 26) -> 0.156381
 (15, 26) -> -0
 (16, 26) -> -0
 (17, 26) -> -0
 (42, 26) -> -1
 (43, 26) -> 1
 (44, 26) -> -0.6
 (45, 26) -> -0.6
 (46, 26) -> -0.6
 (47, 26) -> -0.6
 (0, 27) -> -1
 (1, 27) -> 3.03577e-18
 (2, 27) -> 3.1225e-17
 (3, 27) -> 4.33681e-18
 (4, 27) -> 0.295764
 (5, 27) -> -0.349573
 (6, 27) -> -0
 (7, 27) -> -0
 (8, 27) -> -0
 (9, 27) -> -0
 (10, 27) -> -0
 (11, 27) -> -0
 (12, 27) -> -0
 (13, 27) -> -0
 (14, 27) -> -0
 (15, 27) -> 0.00474529
 (16, 27) -> -0.362975
 (17, 27) -> -0.183387
 (50, 27) -> 1
 (51, 27) -> -1
 (0, 28) -> -2.81893e-17
 (1, 28) -> -1
 (2, 28) -> -5.55112e-17
 (3, 28) -> -0.295764
 (4, 28) -> 6.93889e-18
 (5, 28) -> -0.0807524
 (6, 28) -> -0
 (7, 28) -> -0
 (8, 28) -> -0
 (9, 28) -> -0
 (10, 28) -> -0
 (11, 28) -> -0
 (12, 28) -> -0
 (13, 28) -> -0
 (14, 28) -> -0
 (15, 28) -> -0.309303
 (16, 28) -> 0.0183685
 (17, 28) -> 0.0242031
 (52, 28) -> 1
 (53, 28) -> -1
 (0, 29) -> 1.07553e-16
 (1, 29) -> -5.55112e-17
 (2, 29) -> -1
 (3, 29) -> 0.349573
 (4, 29) -> 0.0807524
 (5, 29) -> 2.94903e-17
 (6, 29) -> -0
 (7, 29) -> -0
 (8, 29) -> -0
 (9, 29) -> -0
 (10, 29) -> -0
 (11, 29) -> -0
 (12, 29) -> -0
 (13, 29) -> -0
 (14, 29) -> -0
 (15, 29) -> 0.292916
 (16, 29) -> 0.134894
 (17, 29) -> 0.142662
 (48, 29) -> -1
 (49, 29) -> 1
 (50, 29) -> -0.6
 (51, 29) -> -0.6
 (52, 29) -> -0.6
 (53, 29) -> -0.6
 (6, 30) -> -1
 (18, 30) -> 1
 (7, 31) -> -1
 (19, 31) -> 1
 (8, 32) -> -1
 (20, 32) -> 1
 (9, 33) -> -1
 (21, 33) -> 1
 (10, 34) -> -1
 (22, 34) -> 1
 (11, 35) -> -1
 (23, 35) -> 1
 (12, 36) -> -1
 (24, 36) -> 1
 (13, 37) -> -1
 (25, 37) -> 1
 (14, 38) -> -1
 (26, 38) -> 1
 (15, 39) -> -1
 (27, 39) -> 1
 (16, 40) -> -1
 (28, 40) -> 1
 (17, 41) -> -1
 (29, 41) -> 1
Input 3 (lba): [-475.942, 766.095, -1692.99, -2.01679, 162.987, 36.78, -57.7151, -34.3298, 57.1314, 47.0278, -19.3806, 48.2047, -81.593, -79.1124, 118.672, 41.9292, -46.2607, 52.9215, -100, -100, -100, -100, -100, -100, -100, -100, -100, -100, -100, -100, -inf, -inf, -inf, -inf, -inf, -inf, -inf, -inf, -inf, -inf, -inf, -inf, -inf, -inf, -inf, -inf, -inf, -inf, -inf, -inf, -inf, -inf, -inf, -inf]
Input 4 (uba): [-475.942, 766.095, -1692.99, -2.01679, 162.987, 36.78, -57.7151, -34.3298, 57.1314, 47.0278, -19.3806, 48.2047, -81.593, -79.1124, 118.672, 41.9292, -46.2607, 52.9215, 100, 100, 100, 100, 100, 100, 100, 100, 100, 100, 100, 100, 0, 400, 0, 0, 0, 0, 0, 0, 0, 0, 0, 0, 0, 0, 0, 0, 0, 0, 0, 400, 0, 0, 0, 0]
Input 5 (lbx): [-inf, -inf, -inf, -inf, -inf, -inf, -inf, -inf, -inf, -inf, -inf, -inf, -inf, -inf, -inf, -inf, -inf, -inf, -inf, -inf, -inf, -inf, -inf, -inf, -inf, -inf, -inf, -inf, -inf, -inf, -inf, -inf, -inf, -inf, -inf, -inf, -inf, -inf, -inf, -inf, -inf, -inf]
Input 6 (ubx): [inf, inf, inf, inf, inf, inf, inf, inf, inf, inf, inf, inf, inf, inf, inf, inf, inf, inf, inf, inf, inf, inf, inf, inf, inf, inf, inf, inf, inf, inf, inf, inf, inf, inf, inf, inf, inf, inf, inf, inf, inf, inf]
Input 7 (x0): [0, 0, 0, 0, 0, 0, 0, 0, 0, 0, 0, 0, 0, 0, 0, 0, 0, 0, 0, 0, 0, 0, 0, 0, 0, 0, 0, 0, 0, 0, 0, 0, 0, 0, 0, 0, 0, 0, 0, 0, 0, 0]
Input 8 (lam_x0): [0, 0, 0, 0, 0, 0, 0, 0, 0, 0, 0, 0, 0, 0, 0, 0, 0, 0, 0, 0, 0, 0, 0, 0, 0, 0, 0, 0, 0, 0, 0, 0, 0, 0, 0, 0, 0, 0, 0, 0, 0, 0]
Input 9 (lam_a0): [0, 0, 0, 0, 0, 0, 0, 0, 0, 0, 0, 0, 0, 0, 0, 0, 0, 0, 0, 0, 0, 0, 0, 0, 0, 0, 0, 0, 0, 0, 0, 0, 0, 0, 0, 0, 0, 0, 0, 0, 0, 0, 0, 0, 0, 0, 0, 0, 0, 0, 0, 0, 0, 0]
Input 10 (q): 0x42
Input 11 (p): 0x0
Function solver (0x16524590)
Input 0 (x0): [0, 0, 0, 0, 0, 0, 0, 0, 0, 0, 0, 0, 0, 0, 0, 0, 0, 0, 0, 0, 0, 0, 0, 0, 0, 0, 0, 0, 0, 0, 0, 0, 0, 0, 0, 0, 0, 0, 0, 0, 0, 0]
Input 1 (p): [10.246, 2.77556e-17, 2.77556e-17, 3.46945e-18, -0.436199, -0.0272478, -0.00507625, 0.15987, 0.0328978, -0.00158519, 0.16431, 0.0366709, -0.00412599, 0.131422, 0.0263974, -0.00090322, 0.157375, 0.029618, 4.85723e-17, 10.246, 8.88178e-16, 0.436199, 2.0383e-17, 0.023735, 0.103341, 0.00523616, 0.00626318, 0.142824, 0.0039369, -0.000160613, 0.069464, -0.0113578, 0.00941642, 0.120664, 0.000241701, -0.003909, 0, 8.88178e-16, 10.246, 0.0272478, -0.023735, 1.56125e-17, 0.20936, -0.00167519, -0.0173753, -0.188589, -0.00105603, -0.00886658, 0.20355, 0.044798, -0.0252567, -0.197703, -0.0175152, -0.023041, -4.33681e-18, 0.436199, 0.0272478, 0.366576, -0.0134127, -0.0213259, 0.0752279, -0.000523615, -0.00446852, 0.0759719, 0.00154219, 0.00277524, 0.0651585, 0.00935057, -0.00711076, 0.0695061, 0.00578006, 0.00656849, -0.436199, -8.23994e-18, -0.023735, -0.0134127, 0.422219, -0.00261875, 0.0481441, -0.0291868, -0.0132554, -0.0385891, -0.0327415, -0.0129328, -0.0476904, -0.0290418, -0.000139144, 0.0374242, -0.0230505, -0.00427906, -0.0272478, 0.023735, -1.04083e-17, -0.0213259, -0.00261875, 0.617764, -0.0234689, -0.0461845, -0.0132386, -0.0310853, 0.0422545, 0.0117123, 0.0177243, -0.0407333, -0.0074838, 0.0207267, 0.0414986, 0.00916944, -0.00507625, 0.103341, 0.20936, 0.0752279, 0.0481441, -0.0234689, 0.0625919, -0.00161834, -0.00399129, 0, 0, 0, 0, 0, 0, 0, 0, 0, 0.15987, 0.00523616, -0.00167519, -0.000523615, -0.0291868, -0.0461845, -0.00161834, 0.0358934, 0.0115457, 0, 0, 0, 0, 0, 0, 0, 0, 0, 0.0328978, 0.00626318, -0.0173753, -0.00446852, -0.0132554, -0.0132386, -0.00399129, 0.0115457, 0.00606647, 0, 0, 0, 0, 0, 0, 0, 0, 0, -0.00158519, 0.142824, -0.188589, 0.0759719, -0.0385891, -0.0310853, 0, 0, 0, 0.0653471, 0.000991364, 0.00201125, 0, 0, 0, 0, 0, 0, 0.16431, 0.0039369, -0.00105603, 0.00154219, -0.0327415, 0.0422545, 0, 0, 0, 0.000991364, 0.0378974, 0.0125478, 0, 0, 0, 0, 0, 0, 0.0366709, -0.000160613, -0.00886658, 0.00277524, -0.0129328, 0.0117123, 0, 0, 0, 0.00201125, 0.0125478, 0.00606647, 0, 0, 0, 0, 0, 0, -0.00412599, 0.069464, 0.20355, 0.0651585, -0.0476904, 0.0177243, 0, 0, 0, 0, 0, 0, 0.0512672, 0.00577618, -0.00580951, 0, 0, 0, 0.131422, -0.0113578, 0.044798, 0.00935057, -0.0290418, -0.0407333, 0, 0, 0, 0, 0, 0, 0.00577618, 0.0272049, 0.00720146, 0, 0, 0, 0.0263974, 0.00941642, -0.0252567, -0.00711076, -0.000139144, -0.0074838, 0, 0, 0, 0, 0, 0, -0.00580951, 0.00720146, 0.00606647, 0, 0, 0, -0.00090322, 0.120664, -0.197703, 0.0695061, 0.0374242, 0.0207267, 0, 0, 0, 0, 0, 0, 0, 0, 0, 0.0606383, 0.00446674, 0.00512821, 0.157375, 0.000241701, -0.0175152, 0.00578006, -0.0230505, 0.0414986, 0, 0, 0, 0, 0, 0, 0, 0, 0, 0.00446674, 0.0351694, 0.0111837, 0.029618, -0.003909, -0.023041, 0.00656849, -0.00427906, 0.00916944, 0, 0, 0, 0, 0, 0, 0, 0, 0, 0.00512821, 0.0111837, 0.00606647, 475.942, -766.095, 1692.99, 2.01679, -162.987, -36.78, 33.7309, 30.4428, -6.23228, -53.1766, 12.7834, -0.868909, 58.1549, 45.8025, -33.8716, -42.7034, 49.1193, -2.64178, 1, 2.77556e-17, -5.55112e-17, 1, -5.63785e-18, -5.20417e-17, 1, 4.77049e-18, -5.20417e-17, 1, 2.81893e-17, -1.07553e-16, 4.55365e-17, 1, 2.77556e-17, 4.33681e-19, 1, 0, 6.1149e-17, 1, 8.32667e-17, -3.03577e-18, 1, 5.55112e-17, -4.16334e-17, 5.55112e-17, 1, -2.77556e-17, 0, 1, -1.04083e-16, 2.77556e-17, 1, -3.1225e-17, 5.55112e-17, 1, -1.38778e-17, 0.315713, 0.378585, 1.12757e-17, 0.366111, -0.338554, 5.20417e-18, 0.232305, 0.377198, -4.33681e-18, 0.295764, -0.349573, -0.315713, 1.38778e-17, 0.310345, -0.366111, 0, 0.24599, -0.232305, -3.46945e-18, -0.137929, -0.295764, -6.93889e-18, -0.0807524, -0.378585, -0.310345, -2.08167e-17, 0.338554, -0.24599, -1.38778e-17, -0.377198, 0.137929, 1.38778e-17, 0.349573, 0.0807524, -2.94903e-17, -0.0115387, 0.299318, 0.327906, 0, 0, 0, 0, 0, 0, 0, 0, 0, 0.382179, 0.0373357, -0.0855119, 0, 0, 0, 0, 0, 0, 0, 0, 0, 0.203694, 0.0387794, -0.107582, 0, 0, 0, 0, 0, 0, 0, 0, 0, 0, 0, 0, -0.00670591, 0.375911, -0.273376, 0, 0, 0, 0, 0, 0, 0, 0, 0, 0.406478, 0.0047656, -0.0439184, 0, 0, 0, 0, 0, 0, 0, 0, 0, 0.227056, -0.000994274, -0.0548977, 0, 0, 0, 0, 0, 0, 0, 0, 0, 0, 0, 0, -0.00934667, 0.221035, 0.314824, 0, 0, 0, 0, 0, 0, 0, 0, 0, 0.31108, 0.0291011, -0.0579051, 0, 0, 0, 0, 0, 0, 0, 0, 0, 0.163446, 0.0583034, -0.156381, 0, 0, 0, 0, 0, 0, 0, 0, 0, 0, 0, 0, -0.00474529, 0.309303, -0.292916, 0, 0, 0, 0, 0, 0, 0, 0, 0, 0.362975, -0.0183685, -0.134894, 0, 0, 0, 0, 0, 0, 0, 0, 0, 0.183387, -0.0242031, -0.142662, 1014.92, -1415.21, 1829.71, 359.416, 243.828, 1577.49, 1392.14, -2164.63, 2028.28, 1635.95, 1086.32, 2044.49, 0.296801, 0.408486, 4.56287, -21.5524, 0.0439188, 2.65812, 47.9684, 7.77403, -101.798, 12.2976, 13.1945, -94.6715, 46.8761, 66.6197, -169.601, 1.54848, -5.71731, -100.559, 1, 0, 0, 1, 10.739, -26.1918, 3435.01, 840.902, 127.301, -91.044, 0, 0, 0, -320626, 167035, 7547.91, -321480, 167092, 5517.71, 0, 0, 0, -697.05, -84.674, 1410.32, -176.895, -157.227, 1294.03, -683.432, -932.924, 2398.15, -22.516, 108.419, 1397.26, 0, 0, 50.2565, 0, 0, 0, 0, 0, 0, 0, 0, 50.2565, 100, 100, 100, 10000, 20, 1, 0.0001, 0.0001]
Input 2 (lbx): [-inf, -inf, -inf, -inf, -inf, -inf, -inf, -inf, -inf, -inf, -inf, -inf, -inf, -inf, -inf, -inf, -inf, -inf, -inf, -inf, -inf, -inf, -inf, -inf, -inf, -inf, -inf, -inf, -inf, -inf, -inf, -inf, -inf, -inf, -inf, -inf, -inf, -inf, -inf, -inf, -inf, -inf]
Input 3 (ubx): [inf, inf, inf, inf, inf, inf, inf, inf, inf, inf, inf, inf, inf, inf, inf, inf, inf, inf, inf, inf, inf, inf, inf, inf, inf, inf, inf, inf, inf, inf, inf, inf, inf, inf, inf, inf, inf, inf, inf, inf, inf, inf]
Input 4 (lbg): [0, 0, 0, 0, 0, 0, 0, 0, 0, 0, 0, 0, 0, 0, 0, 0, 0, 0, -100, -100, -100, -100, -100, -100, -100, -100, -100, -100, -100, -100, -inf, -inf, -inf, -inf, -inf, -inf, -inf, -inf, -inf, -inf, -inf, -inf, -inf, -inf, -inf, -inf, -inf, -inf, -inf, -inf, -inf, -inf, -inf, -inf]
Input 5 (ubg): [0, 0, 0, 0, 0, 0, 0, 0, 0, 0, 0, 0, 0, 0, 0, 0, 0, 0, 100, 100, 100, 100, 100, 100, 100, 100, 100, 100, 100, 100, 0, 0, 0, 0, 0, 0, 0, 0, 0, 0, 0, 0, 0, 0, 0, 0, 0, 0, 0, 0, 0, 0, 0, 0]
Input 6 (lam_x0): [0, 0, 0, 0, 0, 0, 0, 0, 0, 0, 0, 0, 0, 0, 0, 0, 0, 0, 0, 0, 0, 0, 0, 0, 0, 0, 0, 0, 0, 0, 0, 0, 0, 0, 0, 0, 0, 0, 0, 0, 0, 0]
Input 7 (lam_g0): [0, 0, 0, 0, 0, 0, 0, 0, 0, 0, 0, 0, 0, 0, 0, 0, 0, 0, 0, 0, 0, 0, 0, 0, 0, 0, 0, 0, 0, 0, 0, 0, 0, 0, 0, 0, 0, 0, 0, 0, 0, 0, 0, 0, 0, 0, 0, 0, 0, 0, 0, 0, 0, 0]
[wbc] QP failed, reusing last torques: Error in Function::call for 'wbc_qp' [MXFunction] at .../casadi/core/function.cpp:514:
Error in Function::operator() for 'solver' [MXFunction] at .../casadi/core/function.cpp:1736:
Error in Function::operator() for 'solver_qpsol' [QpoasesInterface] at .../casadi/core/function.cpp:1736:
.../casadi/core/conic.cpp:574: conic process failed. Set 'error_on_fail' option to false to ignore this error.
Function solver_qpsol (0x164e3700)
Input 0 (h): sparse: 42-by-42, 348 nnz
 (0, 0) -> 40600
 (1, 0) -> -3.21097e-13
 (2, 0) -> -1.86795e-12
 (3, 0) -> -2.43214e-13
 (4, 0) -> -10453.7
 (5, 0) -> -545.455
 (6, 0) -> -235.466
 (7, 0) -> 7090.19
 (8, 0) -> 3518.94
 (9, 0) -> -1.84438
 (10, 0) -> 78.2452
 (11, 0) -> 42.433
 (12, 0) -> -1.64733
 (13, 0) -> 52.0609
 (14, 0) -> 25.3933
 (15, 0) -> -114.994
 (16, 0) -> 6518.95
 (17, 0) -> 2924.12
 (0, 1) -> -3.21097e-13
 (1, 1) -> 40600
 (2, 1) -> -3.39173e-12
 (3, 1) -> 10453.7
 (4, 1) -> 8.73992e-13
 (5, 1) -> -6289.23
 (6, 1) -> 5102.83
 (7, 1) -> 1146.65
 (8, 1) -> 1172.02
 (9, 1) -> 71.3661
 (10, 1) -> 0.309547
 (11, 1) -> -1.23726
 (12, 1) -> 31.4319
 (13, 1) -> 7.30386
 (14, 1) -> 15.4554
 (15, 1) -> 5180.57
 (16, 1) -> -670.027
 (17, 1) -> -789.846
 (0, 2) -> -1.86795e-12
 (1, 2) -> -3.39173e-12
 (2, 2) -> 40600
 (3, 2) -> 545.455
 (4, 2) -> 6289.23
 (5, 2) -> -8.79498e-13
 (6, 2) -> 6696.74
 (7, 2) -> -2412.11
 (8, 2) -> -2840.96
 (9, 2) -> -55.1996
 (10, 2) -> -16.5213
 (11, 2) -> -19.5107
 (12, 2) -> 61.4846
 (13, 2) -> -13.3218
 (14, 2) -> -36.0426
 (15, 2) -> -5948.15
 (16, 2) -> -3522.75
 (17, 2) -> -3557.15
 (0, 3) -> -2.43214e-13
 (1, 3) -> 10453.7
 (2, 3) -> 545.455
 (3, 3) -> 8387.46
 (4, 3) -> 2939.08
 (5, 3) -> -1753.68
 (6, 3) -> 3951.76
 (7, 3) -> -605.674
 (8, 3) -> -762.259
 (9, 3) -> 43.5584
 (10, 3) -> 5.7842
 (11, 3) -> 6.27857
 (12, 3) -> 28.123
 (13, 3) -> -3.6758
 (14, 3) -> -10.6825
 (15, 3) -> 3369.32
 (16, 3) -> 1085.02
 (17, 3) -> 1068.02
 (0, 4) -> -10453.7
 (1, 4) -> 8.73992e-13
 (2, 4) -> 6289.23
 (3, 4) -> 2939.08
 (4, 4) -> 5451.27
 (5, 4) -> 352.583
 (6, 4) -> 2424.46
 (7, 4) -> -2792.56
 (8, 4) -> -1965.26
 (9, 4) -> -14.9599
 (10, 4) -> -31.6269
 (11, 4) -> -20.1325
 (12, 4) -> -7.39561
 (13, 4) -> -7.25384
 (14, 4) -> 0.151198
 (15, 4) -> 263.067
 (16, 4) -> -1448.49
 (17, 4) -> -571.601
 (0, 5) -> -545.455
 (1, 5) -> -6289.23
 (2, 5) -> -8.79498e-13
 (3, 5) -> -1753.68
 (4, 5) -> 352.583
 (5, 5) -> 8204.34
 (6, 5) -> -1708.46
 (7, 5) -> -3107.83
 (8, 5) -> -1754.92
 (9, 5) -> -20.7966
 (10, 5) -> 26.8015
 (11, 5) -> 14.9317
 (12, 5) -> 4.53423
 (13, 5) -> -18.3418
 (14, 5) -> -7.46134
 (15, 5) -> 163.981
 (16, 5) -> 2283.36
 (17, 5) -> 1004.88
 (0, 6) -> -235.466
 (1, 6) -> 5102.83
 (2, 6) -> 6696.74
 (3, 6) -> 3951.76
 (4, 6) -> 2424.46
 (5, 6) -> -1708.46
 (6, 6) -> 3549.04
 (7, 6) -> -598.581
 (8, 6) -> -693.657
 (9, 6) -> 0
 (10, 6) -> 0
 (11, 6) -> 0
 (12, 6) -> 0
 (13, 6) -> 0
 (14, 6) -> 0
 (15, 6) -> 0
 (16, 6) -> 0
 (17, 6) -> 0
 (0, 7) -> 7090.19
 (1, 7) -> 1146.65
 (2, 7) -> -2412.11
 (3, 7) -> -605.674
 (4, 7) -> -2792.56
 (5, 7) -> -3107.83
 (6, 7) -> -598.581
 (7, 7) -> 2872.19
 (8, 7) -> 1657.33
 (9, 7) -> 0
 (10, 7) -> 0
 (11, 7) -> 0
 (12, 7) -> 0
 (13, 7) -> 0
 (14, 7) -> 0
 (15, 7) -> 0
 (16, 7) -> 0
 (17, 7) -> 0
 (0, 8) -> 3518.94
 (1, 8) -> 1172.02
 (2, 8) -> -2840.96
 (3, 8) -> -762.259
 (4, 8) -> -1965.26
 (5, 8) -> -1754.92
 (6, 8) -> -693.657
 (7, 8) -> 1657.33
 (8, 8) -> 1093.38
 (9, 8) -> 0
 (10, 8) -> 0
 (11, 8) -> 0
 (12, 8) -> 0
 (13, 8) -> 0
 (14, 8) -> 0
 (15, 8) -> 0
 (16, 8) -> 0
 (17, 8) -> 0
 (0, 9) -> -1.84438
 (1, 9) -> 71.3661
 (2, 9) -> -55.1996
 (3, 9) -> 43.5584
 (4, 9) -> -14.9599
 (5, 9) -> -20.7966
 (6, 9) -> 0
 (7, 9) -> 0
 (8, 9) -> 0
 (9, 9) -> 42.7176
 (10, 9) -> 3.94873
 (11, 9) -> 4.55211
 (12, 9) -> 0
 (13, 9) -> 0
 (14, 9) -> 0
 (15, 9) -> 0
 (16, 9) -> 0
 (17, 9) -> 0
 (0, 10) -> 78.2452
 (1, 10) -> 0.309547
 (2, 10) -> -16.5213
 (3, 10) -> 5.7842
 (4, 10) -> -31.6269
 (5, 10) -> 26.8015
 (6, 10) -> 0
 (7, 10) -> 0
 (8, 10) -> 0
 (9, 10) -> 3.94873
 (10, 10) -> 33.9768
 (11, 10) -> 18.2107
 (12, 10) -> 0
 (13, 10) -> 0
 (14, 10) -> 0
 (15, 10) -> 0
 (16, 10) -> 0
 (17, 10) -> 0
 (0, 11) -> 42.433
 (1, 11) -> -1.23726
 (2, 11) -> -19.5107
 (3, 11) -> 6.27857
 (4, 11) -> -20.1325
 (5, 11) -> 14.9317
 (6, 11) -> 0
 (7, 11) -> 0
 (8, 11) -> 0
 (9, 11) -> 4.55211
 (10, 11) -> 18.2107
 (11, 11) -> 12.9138
 (12, 11) -> 0
 (13, 11) -> 0
 (14, 11) -> 0
 (15, 11) -> 0
 (16, 11) -> 0
 (17, 11) -> 0
 (0, 12) -> -1.64733
 (1, 12) -> 31.4319
 (2, 12) -> 61.4846
 (3, 12) -> 28.123
 (4, 12) -> -7.39561
 (5, 12) -> 4.53423
 (6, 12) -> 0
 (7, 12) -> 0
 (8, 12) -> 0
 (9, 12) -> 0
 (10, 12) -> 0
 (11, 12) -> 0
 (12, 12) -> 25.8552
 (13, 12) -> -3.37638
 (14, 12) -> -8.86053
 (15, 12) -> 0
 (16, 12) -> 0
 (17, 12) -> 0
 (0, 13) -> 52.0609
 (1, 13) -> 7.30386
 (2, 13) -> -13.3218
 (3, 13) -> -3.6758
 (4, 13) -> -7.25384
 (5, 13) -> -18.3418
 (6, 13) -> 0
 (7, 13) -> 0
 (8, 13) -> 0
 (9, 13) -> 0
 (10, 13) -> 0
 (11, 13) -> 0
 (12, 13) -> -3.37638
 (13, 13) -> 16.7058
 (14, 13) -> 9.57519
 (15, 13) -> 0
 (16, 13) -> 0
 (17, 13) -> 0
 (0, 14) -> 25.3933
 (1, 14) -> 15.4554
 (2, 14) -> -36.0426
 (3, 14) -> -10.6825
 (4, 14) -> 0.151198
 (5, 14) -> -7.46134
 (6, 14) -> 0
 (7, 14) -> 0
 (8, 14) -> 0
 (9, 14) -> 0
 (10, 14) -> 0
 (11, 14) -> 0
 (12, 14) -> -8.86053
 (13, 14) -> 9.57519
 (14, 14) -> 12.9138
 (15, 14) -> 0
 (16, 14) -> 0
 (17, 14) -> 0
 (0, 15) -> -114.994
 (1, 15) -> 5180.57
 (2, 15) -> -5948.15
 (3, 15) -> 3369.32
 (4, 15) -> 263.067
 (5, 15) -> 163.981
 (6, 15) -> 0
 (7, 15) -> 0
 (8, 15) -> 0
 (9, 15) -> 0
 (10, 15) -> 0
 (11, 15) -> 0
 (12, 15) -> 0
 (13, 15) -> 0
 (14, 15) -> 0
 (15, 15) -> 3113.6
 (16, 15) -> 836.654
 (17, 15) -> 836.517
 (0, 16) -> 6518.95
 (1, 16) -> -670.027
 (2, 16) -> -3522.75
 (3, 16) -> 1085.02
 (4, 16) -> -1448.49
 (5, 16) -> 2283.36
 (6, 16) -> 0
 (7, 16) -> 0
 (8, 16) -> 0
 (9, 16) -> 0
 (10, 16) -> 0
 (11, 16) -> 0
 (12, 16) -> 0
 (13, 16) -> 0
 (14, 16) -> 0
 (15, 16) -> 836.654
 (16, 16) -> 2769.77
 (17, 16) -> 1606.12
 (0, 17) -> 2924.12
 (1, 17) -> -789.846
 (2, 17) -> -3557.15
 (3, 17) -> 1068.02
 (4, 17) -> -571.601
 (5, 17) -> 1004.88
 (6, 17) -> 0
 (7, 17) -> 0
 (8, 17) -> 0
 (9, 17) -> 0
 (10, 17) -> 0
 (11, 17) -> 0
 (12, 17) -> 0
 (13, 17) -> 0
 (14, 17) -> 0
 (15, 17) -> 836.517
 (16, 17) -> 1606.12
 (17, 17) -> 1093.38
 (18, 18) -> 0.0002
 (19, 19) -> 0.0002
 (20, 20) -> 0.0002
 (21, 21) -> 0.0002
 (22, 22) -> 0.0002
 (23, 23) -> 0.0002
 (24, 24) -> 0.0002
 (25, 25) -> 0.0002
 (26, 26) -> 0.0002
 (27, 27) -> 0.0002
 (28, 28) -> 0.0002
 (29, 29) -> 0.0002
 (30, 30) -> 0.0002
 (31, 31) -> 0.0002
 (32, 32) -> 0.0002
 (33, 33) -> 0.0002
 (34, 34) -> 0.0002
 (35, 35) -> 0.0002
 (36, 36) -> 0.0002
 (37, 37) -> 0.0002
 (38, 38) -> 0.0002
 (39, 39) -> 0.0002
 (40, 40) -> 0.0002
 (41, 41) -> 0.0002
Input 1 (g): [1.52337e+08, -5.19633e+07, 9.16986e+07, -1.5054e+07, -2.56551e+07, 2.07508e+07, 5.34838e+06, 1.36137e+06, -4.00927e+06, -8.38304e+06, 1.71118e+07, 9.46153e+06, -4.11133e+06, 1.06499e+07, 3.83746e+06, -7.11075e+06, 3.40026e+06, -4.04582e+06, -0, -0, -0.0100513, -0, -0, -0, -0, -0, -0, -0, -0, -0.0100513, 0, 0, 0, 0, 0, 0, 0, 0, 0, 0, 0, 0]
Input 2 (a): sparse: 54-by-42, 604 nnz
 (0, 0) -> 10.246
 (1, 0) -> -2.08167e-17
 (2, 0) -> 0
 (3, 0) -> -2.1684e-18
 (4, 0) -> -0.374337
 (5, 0) -> -0.0231
 (6, 0) -> -0.00499172
 (7, 0) -> 0.155444
 (8, 0) -> 0.0284163
 (9, 0) -> -0.00274824
 (10, 0) -> 0.161648
 (11, 0) -> 0.0342659
 (12, 0) -> -0.00340054
 (13, 0) -> 0.115361
 (14, 0) -> 0.0205057
 (15, 0) -> -0.00156888
 (16, 0) -> 0.151479
 (17, 0) -> 0.023613
 (0, 1) -> -2.77556e-17
 (1, 1) -> 10.246
 (2, 1) -> -4.44089e-16
 (3, 1) -> 0.374337
 (4, 1) -> 2.92735e-17
 (5, 1) -> 0.0110097
 (6, 1) -> 0.08737
 (7, 1) -> 0.00856214
 (8, 1) -> 0.00946451
 (9, 1) -> 0.137767
 (10, 1) -> 0.00450275
 (11, 1) -> -0.000999161
 (12, 1) -> 0.0433137
 (13, 1) -> -0.0165138
 (14, 1) -> 0.0124808
 (15, 1) -> 0.105767
 (16, 1) -> -0.00211638
 (17, 1) -> -0.0063783
 (0, 2) -> 0
 (1, 2) -> -4.44089e-16
 (2, 2) -> 10.246
 (3, 2) -> 0.0231
 (4, 2) -> -0.0110097
 (5, 2) -> -6.76542e-17
 (6, 2) -> 0.213312
 (7, 2) -> -0.0076879
 (8, 2) -> -0.0229419
 (9, 2) -> -0.190012
 (10, 2) -> -0.00512257
 (11, 2) -> -0.0157557
 (12, 2) -> 0.200884
 (13, 2) -> 0.0517108
 (14, 2) -> -0.0291057
 (15, 2) -> -0.201465
 (16, 2) -> -0.0275018
 (17, 2) -> -0.0287252
 (0, 3) -> -8.67362e-19
 (1, 3) -> 0.374337
 (2, 3) -> 0.0231
 (3, 3) -> 0.351852
 (4, 3) -> -0.0162324
 (5, 3) -> -0.0282488
 (6, 3) -> 0.0721381
 (7, 3) -> -0.00206586
 (8, 3) -> -0.00596877
 (9, 3) -> 0.074173
 (10, 3) -> 0.00303383
 (11, 3) -> 0.00480381
 (12, 3) -> 0.0593022
 (13, 3) -> 0.0107758
 (14, 3) -> -0.0083614
 (15, 3) -> 0.0658699
 (16, 3) -> 0.0084112
 (17, 3) -> 0.00820759
 (0, 4) -> -0.374337
 (1, 4) -> 5.85469e-18
 (2, 4) -> -0.0110097
 (3, 4) -> -0.0162324
 (4, 4) -> 0.412935
 (5, 4) -> -0.00635152
 (6, 4) -> 0.0513326
 (7, 4) -> -0.0273123
 (8, 4) -> -0.0133951
 (9, 4) -> -0.0396086
 (10, 4) -> -0.0316059
 (11, 4) -> -0.0135934
 (12, 4) -> -0.0482202
 (13, 4) -> -0.0258877
 (14, 4) -> 0.00259309
 (15, 4) -> 0.0360581
 (16, 4) -> -0.0175282
 (17, 4) -> -0.00202502
 (0, 5) -> -0.0231
 (1, 5) -> 0.0110097
 (2, 5) -> -4.25007e-17
 (3, 5) -> -0.0282488
 (4, 5) -> -0.00635152
 (5, 5) -> 0.627591
 (6, 5) -> -0.0210994
 (7, 5) -> -0.046244
 (8, 5) -> -0.0129191
 (9, 5) -> -0.0315066
 (10, 5) -> 0.0418335
 (11, 5) -> 0.0113095
 (12, 5) -> 0.0117346
 (13, 5) -> -0.0374585
 (14, 5) -> -0.00477888
 (15, 5) -> 0.0165198
 (16, 5) -> 0.0399223
 (17, 5) -> 0.00719651
 (0, 6) -> -0.00499172
 (1, 6) -> 0.08737
 (2, 6) -> 0.213312
 (3, 6) -> 0.0721381
 (4, 6) -> 0.0513326
 (5, 6) -> -0.0210994
 (6, 6) -> 0.0598876
 (7, 6) -> -0.00294289
 (8, 6) -> -0.00532017
 (9, 6) -> 0
 (10, 6) -> 0
 (11, 6) -> 0
 (12, 6) -> 0
 (13, 6) -> 0
 (14, 6) -> 0
 (15, 6) -> 0
 (16, 6) -> 0
 (17, 6) -> 0
 (0, 7) -> 0.155444
 (1, 7) -> 0.00856214
 (2, 7) -> -0.0076879
 (3, 7) -> -0.00206586
 (4, 7) -> -0.0273123
 (5, 7) -> -0.046244
 (6, 7) -> -0.00294289
 (7, 7) -> 0.0340752
 (8, 7) -> 0.0106366
 (9, 7) -> 0
 (10, 7) -> 0
 (11, 7) -> 0
 (12, 7) -> 0
 (13, 7) -> 0
 (14, 7) -> 0
 (15, 7) -> 0
 (16, 7) -> 0
 (17, 7) -> 0
 (0, 8) -> 0.0284163
 (1, 8) -> 0.00946451
 (2, 8) -> -0.0229419
 (3, 8) -> -0.00596877
 (4, 8) -> -0.0133951
 (5, 8) -> -0.0129191
 (6, 8) -> -0.00532017
 (7, 8) -> 0.0106366
 (8, 8) -> 0.00606647
 (9, 8) -> 0
 (10, 8) -> 0
 (11, 8) -> 0
 (12, 8) -> 0
 (13, 8) -> 0
 (14, 8) -> 0
 (15, 8) -> 0
 (16, 8) -> 0
 (17, 8) -> 0
 (0, 9) -> -0.00274824
 (1, 9) -> 0.137767
 (2, 9) -> -0.190012
 (3, 9) -> 0.074173
 (4, 9) -> -0.0396086
 (5, 9) -> -0.0315066
 (6, 9) -> 0
 (7, 9) -> 0
 (8, 9) -> 0
 (9, 9) -> 0.0635782
 (10, 9) -> 0.00198269
 (11, 9) -> 0.00349136
 (12, 9) -> 0
 (13, 9) -> 0
 (14, 9) -> 0
 (15, 9) -> 0
 (16, 9) -> 0
 (17, 9) -> 0
 (0, 10) -> 0.161648
 (1, 10) -> 0.00450275
 (2, 10) -> -0.00512257
 (3, 10) -> 0.00303383
 (4, 10) -> -0.0316059
 (5, 10) -> 0.0418335
 (6, 10) -> 0
 (7, 10) -> 0
 (8, 10) -> 0
 (9, 10) -> 0.00198269
 (10, 10) -> 0.0367198
 (11, 10) -> 0.0119589
 (12, 10) -> 0
 (13, 10) -> 0
 (14, 10) -> 0
 (15, 10) -> 0
 (16, 10) -> 0
 (17, 10) -> 0
 (0, 11) -> 0.0342659
 (1, 11) -> -0.000999161
 (2, 11) -> -0.0157557
 (3, 11) -> 0.00480381
 (4, 11) -> -0.0135934
 (5, 11) -> 0.0113095
 (6, 11) -> 0
 (7, 11) -> 0
 (8, 11) -> 0
 (9, 11) -> 0.00349136
 (10, 11) -> 0.0119589
 (11, 11) -> 0.00606647
 (12, 11) -> 0
 (13, 11) -> 0
 (14, 11) -> 0
 (15, 11) -> 0
 (16, 11) -> 0
 (17, 11) -> 0
 (0, 12) -> -0.00340054
 (1, 12) -> 0.0433137
 (2, 12) -> 0.200884
 (3, 12) -> 0.0593022
 (4, 12) -> -0.0482202
 (5, 12) -> 0.0117346
 (6, 12) -> 0
 (7, 12) -> 0
 (8, 12) -> 0
 (9, 12) -> 0
 (10, 12) -> 0
 (11, 12) -> 0
 (12, 12) -> 0.0454528
 (13, 12) -> 0.00691665
 (14, 12) -> -0.00679576
 (15, 12) -> 0
 (16, 12) -> 0
 (17, 12) -> 0
 (0, 13) -> 0.115361
 (1, 13) -> -0.0165138
 (2, 13) -> 0.0517108
 (3, 13) -> 0.0107758
 (4, 13) -> -0.0258877
 (5, 13) -> -0.0374585
 (6, 13) -> 0
 (7, 13) -> 0
 (8, 13) -> 0
 (9, 13) -> 0
 (10, 13) -> 0
 (11, 13) -> 0
 (12, 13) -> 0.00691665
 (13, 13) -> 0.0227728
 (14, 13) -> 0.00498544
 (15, 13) -> 0
 (16, 13) -> 0
 (17, 13) -> 0
 (0, 14) -> 0.0205057
 (1, 14) -> 0.0124808
 (2, 14) -> -0.0291057
 (3, 14) -> -0.0083614
 (4, 14) -> 0.00259309
 (5, 14) -> -0.00477888
 (6, 14) -> 0
 (7, 14) -> 0
 (8, 14) -> 0
 (9, 14) -> 0
 (10, 14) -> 0
 (11, 14) -> 0
 (12, 14) -> -0.00679576
 (13, 14) -> 0.00498544
 (14, 14) -> 0.00606647
 (15, 14) -> 0
 (16, 14) -> 0
 (17, 14) -> 0
 (0, 15) -> -0.00156888
 (1, 15) -> 0.105767
 (2, 15) -> -0.201465
 (3, 15) -> 0.0658699
 (4, 15) -> 0.0360581
 (5, 15) -> 0.0165198
 (6, 15) -> 0
 (7, 15) -> 0
 (8, 15) -> 0
 (9, 15) -> 0
 (10, 15) -> 0
 (11, 15) -> 0
 (12, 15) -> 0
 (13, 15) -> 0
 (14, 15) -> 0
 (15, 15) -> 0.0571174
 (16, 15) -> 0.00641928
 (17, 15) -> 0.00641584
 (0, 16) -> 0.151479
 (1, 16) -> -0.00211638
 (2, 16) -> -0.0275018
 (3, 16) -> 0.0084112
 (4, 16) -> -0.0175282
 (5, 16) -> 0.0399223
 (6, 16) -> 0
 (7, 16) -> 0
 (8, 16) -> 0
 (9, 16) -> 0
 (10, 16) -> 0
 (11, 16) -> 0
 (12, 16) -> 0
 (13, 16) -> 0
 (14, 16) -> 0
 (15, 16) -> 0.00641928
 (16, 16) -> 0.0332481
 (17, 16) -> 0.0102231
 (0, 17) -> 0.023613
 (1, 17) -> -0.0063783
 (2, 17) -> -0.0287252
 (3, 17) -> 0.00820759
 (4, 17) -> -0.00202502
 (5, 17) -> 0.00719651
 (6, 17) -> 0
 (7, 17) -> 0
 (8, 17) -> 0
 (9, 17) -> 0
 (10, 17) -> 0
 (11, 17) -> 0
 (12, 17) -> 0
 (13, 17) -> 0
 (14, 17) -> 0
 (15, 17) -> 0.00641584
 (16, 17) -> 0.0102231
 (17, 17) -> 0.00606647
 (0, 18) -> -1
 (1, 18) -> 3.46945e-17
 (2, 18) -> -6.245e-17
 (3, 18) -> -2.94903e-17
 (4, 18) -> 0.273974
 (5, 18) -> 0.381337
 (6, 18) -> 0.0117733
 (7, 18) -> -0.354509
 (8, 18) -> -0.175947
 (9, 18) -> -0
 (10, 18) -> -0
 (11, 18) -> -0
 (12, 18) -> -0
 (13, 18) -> -0
 (14, 18) -> -0
 (15, 18) -> -0
 (16, 18) -> -0
 (17, 18) -> -0
 (32, 18) -> 1
 (33, 18) -> -1
 (0, 19) -> -4.25007e-17
 (1, 19) -> -1
 (2, 19) -> 5.55112e-17
 (3, 19) -> -0.273974
 (4, 19) -> -2.77556e-17
 (5, 19) -> 0.352403
 (6, 19) -> -0.255142
 (7, 19) -> -0.0573327
 (8, 19) -> -0.0586011
 (9, 19) -> -0
 (10, 19) -> -0
 (11, 19) -> -0
 (12, 19) -> -0
 (13, 19) -> -0
 (14, 19) -> -0
 (15, 19) -> -0
 (16, 19) -> -0
 (17, 19) -> -0
 (34, 19) -> 1
 (35, 19) -> -1
 (0, 20) -> 1.07553e-16
 (1, 20) -> -0
 (2, 20) -> -1
 (3, 20) -> -0.381337
 (4, 20) -> -0.352403
 (5, 20) -> 1.38778e-17
 (6, 20) -> -0.334837
 (7, 20) -> 0.120606
 (8, 20) -> 0.142048
 (9, 20) -> -0
 (10, 20) -> -0
 (11, 20) -> -0
 (12, 20) -> -0
 (13, 20) -> -0
 (14, 20) -> -0
 (15, 20) -> -0
 (16, 20) -> -0
 (17, 20) -> -0
 (30, 20) -> -1
 (31, 20) -> 1
 (32, 20) -> -0.6
 (33, 20) -> -0.6
 (34, 20) -> -0.6
 (35, 20) -> -0.6
 (0, 21) -> -1
 (1, 21) -> 2.1684e-17
 (2, 21) -> 1.63064e-16
 (3, 21) -> -4.68375e-17
 (4, 21) -> 0.344547
 (5, 21) -> -0.34365
 (6, 21) -> -0
 (7, 21) -> -0
 (8, 21) -> -0
 (9, 21) -> 0.0092219
 (10, 21) -> -0.391226
 (11, 21) -> -0.212165
 (12, 21) -> -0
 (13, 21) -> -0
 (14, 21) -> -0
 (15, 21) -> -0
 (16, 21) -> -0
 (17, 21) -> -0
 (38, 21) -> 1
 (39, 21) -> -1
 (0, 22) -> 2.68882e-17
 (1, 22) -> -1
 (2, 22) -> 5.55112e-17
 (3, 22) -> -0.344547
 (4, 22) -> 1.38778e-17
 (5, 22) -> 0.282526
 (6, 22) -> -0
 (7, 22) -> -0
 (8, 22) -> -0
 (9, 22) -> -0.356831
 (10, 22) -> -0.00154774
 (11, 22) -> 0.0061863
 (12, 22) -> -0
 (13, 22) -> -0
 (14, 22) -> -0
 (15, 22) -> -0
 (16, 22) -> -0
 (17, 22) -> -0
 (40, 22) -> 1
 (41, 22) -> -1
 (0, 23) -> 4.85723e-17
 (1, 23) -> 5.55112e-17
 (2, 23) -> -1
 (3, 23) -> 0.34365
 (4, 23) -> -0.282526
 (5, 23) -> -1.38778e-17
 (6, 23) -> -0
 (7, 23) -> -0
 (8, 23) -> -0
 (9, 23) -> 0.275998
 (10, 23) -> 0.0826065
 (11, 23) -> 0.0975535
 (12, 23) -> -0
 (13, 23) -> -0
 (14, 23) -> -0
 (15, 23) -> -0
 (16, 23) -> -0
 (17, 23) -> -0
 (36, 23) -> -1
 (37, 23) -> 1
 (38, 23) -> -0.6
 (39, 23) -> -0.6
 (40, 23) -> -0.6
 (41, 23) -> -0.6
 (0, 24) -> -1
 (1, 24) -> -6.93889e-18
 (2, 24) -> 5.55112e-17
 (3, 24) -> 6.07153e-18
 (4, 24) -> 0.171287
 (5, 24) -> 0.369834
 (6, 24) -> -0
 (7, 24) -> -0
 (8, 24) -> -0
 (9, 24) -> -0
 (10, 24) -> -0
 (11, 24) -> -0
 (12, 24) -> 0.00823664
 (13, 24) -> -0.260304
 (14, 24) -> -0.126967
 (15, 24) -> -0
 (16, 24) -> -0
 (17, 24) -> -0
 (44, 24) -> 1
 (45, 24) -> -1
 (0, 25) -> 2.60209e-18
 (1, 25) -> -1
 (2, 25) -> 8.32667e-17
 (3, 25) -> -0.171287
 (4, 25) -> -6.93889e-18
 (5, 25) -> -0.124873
 (6, 25) -> -0
 (7, 25) -> -0
 (8, 25) -> -0
 (9, 25) -> -0
 (10, 25) -> -0
 (11, 25) -> -0
 (12, 25) -> -0.157159
 (13, 25) -> -0.0365193
 (14, 25) -> -0.0772771
 (15, 25) -> -0
 (16, 25) -> -0
 (17, 25) -> -0
 (46, 25) -> 1
 (47, 25) -> -1
 (0, 26) -> 5.20417e-17
 (1, 26) -> 1.11022e-16
 (2, 26) -> -1
 (3, 26) -> -0.369834
 (4, 26) -> 0.124873
 (5, 26) -> 2.77556e-17
 (6, 26) -> -0
 (7, 26) -> -0
 (8, 26) -> -0
 (9, 26) -> -0
 (10, 26) -> -0
 (11, 26) -> -0
 (12, 26) -> -0.307423
 (13, 26) -> 0.0666092
 (14, 26) -> 0.180213
 (15, 26) -> -0
 (16, 26) -> -0
 (17, 26) -> -0
 (42, 26) -> -1
 (43, 26) -> 1
 (44, 26) -> -0.6
 (45, 26) -> -0.6
 (46, 26) -> -0.6
 (47, 26) -> -0.6
 (0, 27) -> -1
 (1, 27) -> 1.04083e-17
 (2, 27) -> 5.20417e-17
 (3, 27) -> 6.93889e-18
 (4, 27) -> 0.243552
 (5, 27) -> -0.354326
 (6, 27) -> -0
 (7, 27) -> -0
 (8, 27) -> -0
 (9, 27) -> -0
 (10, 27) -> -0
 (11, 27) -> -0
 (12, 27) -> -0
 (13, 27) -> -0
 (14, 27) -> -0
 (15, 27) -> 0.00574971
 (16, 27) -> -0.325948
 (17, 27) -> -0.146206
 (50, 27) -> 1
 (51, 27) -> -1
 (0, 28) -> 1.30104e-17
 (1, 28) -> -1
 (2, 28) -> 5.55112e-17
 (3, 28) -> -0.243552
 (4, 28) -> -1.73472e-18
 (5, 28) -> -0.0395182
 (6, 28) -> -0
 (7, 28) -> -0
 (8, 28) -> -0
 (9, 28) -> -0
 (10, 28) -> -0
 (11, 28) -> -0
 (12, 28) -> -0
 (13, 28) -> -0
 (14, 28) -> -0
 (15, 28) -> -0.259028
 (16, 28) -> 0.0335013
 (17, 28) -> 0.0394923
 (52, 28) -> 1
 (53, 28) -> -1
 (0, 29) -> -6.93889e-18
 (1, 29) -> 5.55112e-17
 (2, 29) -> -1
 (3, 29) -> 0.354326
 (4, 29) -> 0.0395182
 (5, 29) -> 4.77049e-18
 (6, 29) -> -0
 (7, 29) -> -0
 (8, 29) -> -0
 (9, 29) -> -0
 (10, 29) -> -0
 (11, 29) -> -0
 (12, 29) -> -0
 (13, 29) -> -0
 (14, 29) -> -0
 (15, 29) -> 0.297407
 (16, 29) -> 0.176138
 (17, 29) -> 0.177857
 (48, 29) -> -1
 (49, 29) -> 1
 (50, 29) -> -0.6
 (51, 29) -> -0.6
 (52, 29) -> -0.6
 (53, 29) -> -0.6
 (6, 30) -> -1
 (18, 30) -> 1
 (7, 31) -> -1
 (19, 31) -> 1
 (8, 32) -> -1
 (20, 32) -> 1
 (9, 33) -> -1
 (21, 33) -> 1
 (10, 34) -> -1
 (22, 34) -> 1
 (11, 35) -> -1
 (23, 35) -> 1
 (12, 36) -> -1
 (24, 36) -> 1
 (13, 37) -> -1
 (25, 37) -> 1
 (14, 38) -> -1
 (26, 38) -> 1
 (15, 39) -> -1
 (27, 39) -> 1
 (16, 40) -> -1
 (28, 40) -> 1
 (17, 41) -> -1
 (29, 41) -> 1
Input 3 (lba): [-766.158, 819.955, -1513.15, 67.1642, 131.601, -6.48607, -47.5876, -45.6516, 58.0869, 62.6928, -36.4316, 55.952, -53.933, -74.4969, 115.639, 31.593, -57.9147, 53.8768, -100, -100, -100, -100, -100, -100, -100, -100, -100, -100, -100, -100, -inf, -inf, -inf, -inf, -inf, -inf, -inf, -inf, -inf, -inf, -inf, -inf, -inf, -inf, -inf, -inf, -inf, -inf, -inf, -inf, -inf, -inf, -inf, -inf]
Input 4 (uba): [-766.158, 819.955, -1513.15, 67.1642, 131.601, -6.48607, -47.5876, -45.6516, 58.0869, 62.6928, -36.4316, 55.952, -53.933, -74.4969, 115.639, 31.593, -57.9147, 53.8768, 100, 100, 100, 100, 100, 100, 100, 100, 100, 100, 100, 100, 0, 400, 0, 0, 0, 0, 0, 0, 0, 0, 0, 0, 0, 0, 0, 0, 0, 0, 0, 400, 0, 0, 0, 0]
Input 5 (lbx): [-inf, -inf, -inf, -inf, -inf, -inf, -inf, -inf, -inf, -inf, -inf, -inf, -inf, -inf, -inf, -inf, -inf, -inf, -inf, -inf, -inf, -inf, -inf, -inf, -inf, -inf, -inf, -inf, -inf, -inf, -inf, -inf, -inf, -inf, -inf, -inf, -inf, -inf, -inf, -inf, -inf, -inf]
Input 6 (ubx): [inf, inf, inf, inf, inf, inf, inf, inf, inf, inf, inf, inf, inf, inf, inf, inf, inf, inf, inf, inf, inf, inf, inf, inf, inf, inf, inf, inf, inf, inf, inf, inf, inf, inf, inf, inf, inf, inf, inf, inf, inf, inf]
Input 7 (x0): [0, 0, 0, 0, 0, 0, 0, 0, 0, 0, 0, 0, 0, 0, 0, 0, 0, 0, 0, 0, 0, 0, 0, 0, 0, 0, 0, 0, 0, 0, 0, 0, 0, 0, 0, 0, 0, 0, 0, 0, 0, 0]
Input 8 (lam_x0): [0, 0, 0, 0, 0, 0, 0, 0, 0, 0, 0, 0, 0, 0, 0, 0, 0, 0, 0, 0, 0, 0, 0, 0, 0, 0, 0, 0, 0, 0, 0, 0, 0, 0, 0, 0, 0, 0, 0, 0, 0, 0]
Input 9 (lam_a0): [0, 0, 0, 0, 0, 0, 0, 0, 0, 0, 0, 0, 0, 0, 0, 0, 0, 0, 0, 0, 0, 0, 0, 0, 0, 0, 0, 0, 0, 0, 0, 0, 0, 0, 0, 0, 0, 0, 0, 0, 0, 0, 0, 0, 0, 0, 0, 0, 0, 0, 0, 0, 0, 0]
Input 10 (q): 0x42
Input 11 (p): 0x0
Function solver (0x16524590)
Input 0 (x0): [0, 0, 0, 0, 0, 0, 0, 0, 0, 0, 0, 0, 0, 0, 0, 0, 0, 0, 0, 0, 0, 0, 0, 0, 0, 0, 0, 0, 0, 0, 0, 0, 0, 0, 0, 0, 0, 0, 0, 0, 0, 0]
Input 1 (p): [10.246, -2.08167e-17, 0, -2.1684e-18, -0.374337, -0.0231, -0.00499172, 0.155444, 0.0284163, -0.00274824, 0.161648, 0.0342659, -0.00340054, 0.115361, 0.0205057, -0.00156888, 0.151479, 0.023613, -2.77556e-17, 10.246, -4.44089e-16, 0.374337, 2.92735e-17, 0.0110097, 0.08737, 0.00856214, 0.00946451, 0.137767, 0.00450275, -0.000999161, 0.0433137, -0.0165138, 0.0124808, 0.105767, -0.00211638, -0.0063783, 0, -4.44089e-16, 10.246, 0.0231, -0.0110097, -6.76542e-17, 0.213312, -0.0076879, -0.0229419, -0.190012, -0.00512257, -0.0157557, 0.200884, 0.0517108, -0.0291057, -0.201465, -0.0275018, -0.0287252, -8.67362e-19, 0.374337, 0.0231, 0.351852, -0.0162324, -0.0282488, 0.0721381, -0.00206586, -0.00596877, 0.074173, 0.00303383, 0.00480381, 0.0593022, 0.0107758, -0.0083614, 0.0658699, 0.0084112, 0.00820759, -0.374337, 5.85469e-18, -0.0110097, -0.0162324, 0.412935, -0.00635152, 0.0513326, -0.0273123, -0.0133951, -0.0396086, -0.0316059, -0.0135934, -0.0482202, -0.0258877, 0.00259309, 0.0360581, -0.0175282, -0.00202502, -0.0231, 0.0110097, -4.25007e-17, -0.0282488, -0.00635152, 0.627591, -0.0210994, -0.046244, -0.0129191, -0.0315066, 0.0418335, 0.0113095, 0.0117346, -0.0374585, -0.00477888, 0.0165198, 0.0399223, 0.00719651, -0.00499172, 0.08737, 0.213312, 0.0721381, 0.0513326, -0.0210994, 0.0598876, -0.00294289, -0.00532017, 0, 0, 0, 0, 0, 0, 0, 0, 0, 0.155444, 0.00856214, -0.0076879, -0.00206586, -0.0273123, -0.046244, -0.00294289, 0.0340752, 0.0106366, 0, 0, 0, 0, 0, 0, 0, 0, 0, 0.0284163, 0.00946451, -0.0229419, -0.00596877, -0.0133951, -0.0129191, -0.00532017, 0.0106366, 0.00606647, 0, 0, 0, 0, 0, 0, 0, 0, 0, -0.00274824, 0.137767, -0.190012, 0.074173, -0.0396086, -0.0315066, 0, 0, 0, 0.0635782, 0.00198269, 0.00349136, 0, 0, 0, 0, 0, 0, 0.161648, 0.00450275, -0.00512257, 0.00303383, -0.0316059, 0.0418335, 0, 0, 0, 0.00198269, 0.0367198, 0.0119589, 0, 0, 0, 0, 0, 0, 0.0342659, -0.000999161, -0.0157557, 0.00480381, -0.0135934, 0.0113095, 0, 0, 0, 0.00349136, 0.0119589, 0.00606647, 0, 0, 0, 0, 0, 0, -0.00340054, 0.0433137, 0.200884, 0.0593022, -0.0482202, 0.0117346, 0, 0, 0, 0, 0, 0, 0.0454528, 0.00691665, -0.00679576, 0, 0, 0, 0.115361, -0.0165138, 0.0517108, 0.0107758, -0.0258877, -0.0374585, 0, 0, 0, 0, 0, 0, 0.00691665, 0.0227728, 0.00498544, 0, 0, 0, 0.0205057, 0.0124808, -0.0291057, -0.0083614, 0.00259309, -0.00477888, 0, 0, 0, 0, 0, 0, -0.00679576, 0.00498544, 0.00606647, 0, 0, 0, -0.00156888, 0.105767, -0.201465, 0.0658699, 0.0360581, 0.0165198, 0, 0, 0, 0, 0, 0, 0, 0, 0, 0.0571174, 0.00641928, 0.00641584, 0.151479, -0.00211638, -0.0275018, 0.0084112, -0.0175282, 0.0399223, 0, 0, 0, 0, 0, 0, 0, 0, 0, 0.00641928, 0.0332481, 0.0102231, 0.023613, -0.0063783, -0.0287252, 0.00820759, -0.00202502, 0.00719651, 0, 0, 0, 0, 0, 0, 0, 0, 0, 0.00641584, 0.0102231, 0.00606647, 766.158, -819.955, 1513.15, -67.1642, -131.601, 6.48607, 22.8927, 45.5982, -7.85163, -70.2863, 30.4214, -1.37415, 29.8297, 41.1291, -33.6241, -31.0945, 66.0761, -5.1155, 1, 4.25007e-17, -1.07553e-16, 1, -2.68882e-17, -4.85723e-17, 1, -2.60209e-18, -5.20417e-17, 1, -1.30104e-17, 6.93889e-18, -3.46945e-17, 1, 0, -2.1684e-17, 1, -5.55112e-17, 6.93889e-18, 1, -1.11022e-16, -1.04083e-17, 1, -5.55112e-17, 6.245e-17, -5.55112e-17, 1, -1.63064e-16, -5.55112e-17, 1, -5.55112e-17, -8.32667e-17, 1, -5.20417e-17, -5.55112e-17, 1, 2.94903e-17, 0.273974, 0.381337, 4.68375e-17, 0.344547, -0.34365, -6.07153e-18, 0.171287, 0.369834, -6.93889e-18, 0.243552, -0.354326, -0.273974, 2.77556e-17, 0.352403, -0.344547, -1.38778e-17, 0.282526, -0.171287, 6.93889e-18, -0.124873, -0.243552, 1.73472e-18, -0.0395182, -0.381337, -0.352403, -1.38778e-17, 0.34365, -0.282526, 1.38778e-17, -0.369834, 0.124873, -2.77556e-17, 0.354326, 0.0395182, -4.77049e-18, -0.0117733, 0.255142, 0.334837, 0, 0, 0, 0, 0, 0, 0, 0, 0, 0.354509, 0.0573327, -0.120606, 0, 0, 0, 0, 0, 0, 0, 0, 0, 0.175947, 0.0586011, -0.142048, 0, 0, 0, 0, 0, 0, 0, 0, 0, 0, 0, 0, -0.0092219, 0.356831, -0.275998, 0, 0, 0, 0, 0, 0, 0, 0, 0, 0.391226, 0.00154774, -0.0826065, 0, 0, 0, 0, 0, 0, 0, 0, 0, 0.212165, -0.0061863, -0.0975535, 0, 0, 0, 0, 0, 0, 0, 0, 0, 0, 0, 0, -0.00823664, 0.157159, 0.307423, 0, 0, 0, 0, 0, 0, 0, 0, 0, 0.260304, 0.0365193, -0.0666092, 0, 0, 0, 0, 0, 0, 0, 0, 0, 0.126967, 0.0772771, -0.180213, 0, 0, 0, 0, 0, 0, 0, 0, 0, 0, 0, 0, -0.00574971, 0.259028, -0.297407, 0, 0, 0, 0, 0, 0, 0, 0, 0, 0.325948, -0.0335013, -0.176138, 0, 0, 0, 0, 0, 0, 0, 0, 0, 0.146206, -0.0394923, -0.177857, 1607.32, -1782.42, 1654.02, 914.08, 332.889, 2052.58, 1470.38, -2253.14, 1259.75, 2355.24, 1491.32, 1798.28, 0.537955, 0.589189, 4.43885, -21.465, 0.177615, 3.40477, 49.3899, 0.106815, -100.471, 15.1871, 12.0205, -109.156, 48.2066, 66.7356, -164.03, -0.997044, -16.3228, -97.5225, 1, 0, 0, 1, -0.149975, -27.4292, 2420.12, 849.901, 97.8504, -149.56, 0, 0, 0, -217724, 113995, 4432.53, -219122, 114548, 2529.58, 0, 0, 0, -721.89, 22.6563, 1401.78, -218.866, -141.994, 1507.72, -706.88, -941.221, 2336.56, 13.2211, 258.528, 1364.49, 0, 0, 50.2565, 0, 0, 0, 0, 0, 0, 0, 0, 50.2565, 100, 100, 100, 10000, 20, 1, 0.0001, 0.0001]
Input 2 (lbx): [-inf, -inf, -inf, -inf, -inf, -inf, -inf, -inf, -inf, -inf, -inf, -inf, -inf, -inf, -inf, -inf, -inf, -inf, -inf, -inf, -inf, -inf, -inf, -inf, -inf, -inf, -inf, -inf, -inf, -inf, -inf, -inf, -inf, -inf, -inf, -inf, -inf, -inf, -inf, -inf, -inf, -inf]
Input 3 (ubx): [inf, inf, inf, inf, inf, inf, inf, inf, inf, inf, inf, inf, inf, inf, inf, inf, inf, inf, inf, inf, inf, inf, inf, inf, inf, inf, inf, inf, inf, inf, inf, inf, inf, inf, inf, inf, inf, inf, inf, inf, inf, inf]
Input 4 (lbg): [0, 0, 0, 0, 0, 0, 0, 0, 0, 0, 0, 0, 0, 0, 0, 0, 0, 0, -100, -100, -100, -100, -100, -100, -100, -100, -100, -100, -100, -100, -inf, -inf, -inf, -inf, -inf, -inf, -inf, -inf, -inf, -inf, -inf, -inf, -inf, -inf, -inf, -inf, -inf, -inf, -inf, -inf, -inf, -inf, -inf, -inf]
Input 5 (ubg): [0, 0, 0, 0, 0, 0, 0, 0, 0, 0, 0, 0, 0, 0, 0, 0, 0, 0, 100, 100, 100, 100, 100, 100, 100, 100, 100, 100, 100, 100, 0, 0, 0, 0, 0, 0, 0, 0, 0, 0, 0, 0, 0, 0, 0, 0, 0, 0, 0, 0, 0, 0, 0, 0]
Input 6 (lam_x0): [0, 0, 0, 0, 0, 0, 0, 0, 0, 0, 0, 0, 0, 0, 0, 0, 0, 0, 0, 0, 0, 0, 0, 0, 0, 0, 0, 0, 0, 0, 0, 0, 0, 0, 0, 0, 0, 0, 0, 0, 0, 0]
Input 7 (lam_g0): [0, 0, 0, 0, 0, 0, 0, 0, 0, 0, 0, 0, 0, 0, 0, 0, 0, 0, 0, 0, 0, 0, 0, 0, 0, 0, 0, 0, 0, 0, 0, 0, 0, 0, 0, 0, 0, 0, 0, 0, 0, 0, 0, 0, 0, 0, 0, 0, 0, 0, 0, 0, 0, 0]
[wbc] QP failed, reusing last torques: Error in Function::call for 'wbc_qp' [MXFunction] at .../casadi/core/function.cpp:514:
Error in Function::operator() for 'solver' [MXFunction] at .../casadi/core/function.cpp:1736:
Error in Function::operator() for 'solver_qpsol' [QpoasesInterface] at .../casadi/core/function.cpp:1736:
.../casadi/core/conic.cpp:574: conic process failed. Set 'error_on_fail' option to false to ignore this error.
Function solver_qpsol (0x164e3700)
Input 0 (h): sparse: 42-by-42, 348 nnz
 (0, 0) -> 40600
 (1, 0) -> -4.02976e-13
 (2, 0) -> 1.79787e-12
 (3, 0) -> -2.13993e-13
 (4, 0) -> -8127.44
 (5, 0) -> -457.7
 (6, 0) -> -220.233
 (7, 0) -> 6344.99
 (8, 0) -> 2765.2
 (9, 0) -> -2.347
 (10, 0) -> 72.816
 (11, 0) -> 37.0576
 (12, 0) -> -1.1902
 (13, 0) -> 40.9733
 (14, 0) -> 17.5669
 (15, 0) -> -120.973
 (16, 0) -> 5564.48
 (17, 0) -> 1972.65
 (0, 1) -> -4.02976e-13
 (1, 1) -> 40600
 (2, 1) -> 4.44089e-12
 (3, 1) -> 8127.44
 (4, 1) -> 6.68887e-13
 (5, 1) -> -7866.36
 (6, 1) -> 4036.78
 (7, 1) -> 1619.44
 (8, 1) -> 1610.49
 (9, 1) -> 65.6646
 (10, 1) -> -0.446442
 (11, 1) -> -2.37746
 (12, 1) -> 17.8071
 (13, 1) -> 8.37316
 (14, 1) -> 19.19
 (15, 1) -> 3940.51
 (16, 1) -> -1059.52
 (17, 1) -> -1151.14
 (0, 2) -> 1.79787e-12
 (1, 2) -> 4.44089e-12
 (2, 2) -> 40600
 (3, 2) -> 457.7
 (4, 2) -> 7866.36
 (5, 2) -> -8.86668e-13
 (6, 2) -> 6703.35
 (7, 2) -> -3052.69
 (8, 2) -> -3404.06
 (9, 2) -> -54.7466
 (10, 2) -> -24.9678
 (11, 2) -> -28.3521
 (12, 2) -> 58.5637
 (13, 2) -> -13.7266
 (14, 2) -> -38.806
 (15, 2) -> -5919.56
 (16, 2) -> -4245.32
 (17, 2) -> -4075.68
 (0, 3) -> -2.13993e-13
 (1, 3) -> 8127.44
 (2, 3) -> 457.7
 (3, 3) -> 7239.23
 (4, 3) -> 2948.41
 (5, 3) -> -1761.92
 (6, 3) -> 3421.34
 (7, 3) -> -788.261
 (8, 3) -> -922.479
 (9, 3) -> 39.4634
 (10, 3) -> 8.47195
 (11, 3) -> 9.03406
 (12, 3) -> 22.7018
 (13, 3) -> -3.99274
 (14, 3) -> -11.7622
 (15, 3) -> 2800.33
 (16, 3) -> 1310.67
 (17, 3) -> 1234.24
 (0, 4) -> -8127.44
 (1, 4) -> 6.68887e-13
 (2, 4) -> 7866.36
 (3, 4) -> 2948.41
 (4, 4) -> 4980.26
 (5, 4) -> 391.966
 (6, 4) -> 2687.57
 (7, 4) -> -2614.18
 (8, 4) -> -1955.51
 (9, 4) -> -16.9049
 (10, 4) -> -30.8667
 (11, 4) -> -20.75
 (12, 4) -> -6.80357
 (13, 4) -> -2.71336
 (14, 4) -> 2.73204
 (15, 4) -> 35.5495
 (16, 4) -> -989.175
 (17, 4) -> -344.664
 (0, 5) -> -457.7
 (1, 5) -> -7866.36
 (2, 5) -> -8.86668e-13
 (3, 5) -> -1761.92
 (4, 5) -> 391.966
 (5, 5) -> 8703.63
 (6, 5) -> -1506.06
 (7, 5) -> -3025.2
 (8, 5) -> -1674.52
 (9, 5) -> -21.968
 (10, 5) -> 25.2595
 (11, 5) -> 13.548
 (12, 5) -> 2.53009
 (13, 5) -> -13.5733
 (14, 5) -> -3.97354
 (15, 5) -> -33.5634
 (16, 5) -> 1964.81
 (17, 5) -> 694.727
 (0, 6) -> -220.233
 (1, 6) -> 4036.78
 (2, 6) -> 6703.35
 (3, 6) -> 3421.34
 (4, 6) -> 2687.57
 (5, 6) -> -1506.06
 (6, 6) -> 3065.95
 (7, 6) -> -766.167
 (8, 6) -> -846.319
 (9, 6) -> 0
 (10, 6) -> 0
 (11, 6) -> 0
 (12, 6) -> 0
 (13, 6) -> 0
 (14, 6) -> 0
 (15, 6) -> 0
 (16, 6) -> 0
 (17, 6) -> 0
 (0, 7) -> 6344.99
 (1, 7) -> 1619.44
 (2, 7) -> -3052.69
 (3, 7) -> -788.261
 (4, 7) -> -2614.18
 (5, 7) -> -3025.2
 (6, 7) -> -766.167
 (7, 7) -> 2612.02
 (8, 7) -> 1527.24
 (9, 7) -> 0
 (10, 7) -> 0
 (11, 7) -> 0
 (12, 7) -> 0
 (13, 7) -> 0
 (14, 7) -> 0
 (15, 7) -> 0
 (16, 7) -> 0
 (17, 7) -> 0
 (0, 8) -> 2765.2
 (1, 8) -> 1610.49
 (2, 8) -> -3404.06
 (3, 8) -> -922.479
 (4, 8) -> -1955.51
 (5, 8) -> -1674.52
 (6, 8) -> -846.319
 (7, 8) -> 1527.24
 (8, 8) -> 1093.38
 (9, 8) -> 0
 (10, 8) -> 0
 (11, 8) -> 0
 (12, 8) -> 0
 (13, 8) -> 0
 (14, 8) -> 0
 (15, 8) -> 0
 (16, 8) -> 0
 (17, 8) -> 0
 (0, 9) -> -2.347
 (1, 9) -> 65.6646
 (2, 9) -> -54.7466
 (3, 9) -> 39.4634
 (4, 9) -> -16.9049
 (5, 9) -> -21.968
 (6, 9) -> 0
 (7, 9) -> 0
 (8, 9) -> 0
 (9, 9) -> 38.5727
 (10, 9) -> 5.83342
 (11, 9) -> 6.54545
 (12, 9) -> 0
 (13, 9) -> 0
 (14, 9) -> 0
 (15, 9) -> 0
 (16, 9) -> 0
 (17, 9) -> 0
 (0, 10) -> 72.816
 (1, 10) -> -0.446442
 (2, 10) -> -24.9678
 (3, 10) -> 8.47195
 (4, 10) -> -30.8667
 (5, 10) -> 25.2595
 (6, 10) -> 0
 (7, 10) -> 0
 (8, 10) -> 0
 (9, 10) -> 5.83342
 (10, 10) -> 31.6288
 (11, 10) -> 17.0367
 (12, 10) -> 0
 (13, 10) -> 0
 (14, 10) -> 0
 (15, 10) -> 0
 (16, 10) -> 0
 (17, 10) -> 0
 (0, 11) -> 37.0576
 (1, 11) -> -2.37746
 (2, 11) -> -28.3521
 (3, 11) -> 9.03406
 (4, 11) -> -20.75
 (5, 11) -> 13.548
 (6, 11) -> 0
 (7, 11) -> 0
 (8, 11) -> 0
 (9, 11) -> 6.54545
 (10, 11) -> 17.0367
 (11, 11) -> 12.9138
 (12, 11) -> 0
 (13, 11) -> 0
 (14, 11) -> 0
 (15, 11) -> 0
 (16, 11) -> 0
 (17, 11) -> 0
 (0, 12) -> -1.1902
 (1, 12) -> 17.8071
 (2, 12) -> 58.5637
 (3, 12) -> 22.7018
 (4, 12) -> -6.80357
 (5, 12) -> 2.53009
 (6, 12) -> 0
 (7, 12) -> 0
 (8, 12) -> 0
 (9, 12) -> 0
 (10, 12) -> 0
 (11, 12) -> 0
 (12, 12) -> 20.7411
 (13, 12) -> -3.51772
 (14, 12) -> -9.75908
 (15, 12) -> 0
 (16, 12) -> 0
 (17, 12) -> 0
 (0, 13) -> 40.9733
 (1, 13) -> 8.37316
 (2, 13) -> -13.7266
 (3, 13) -> -3.99274
 (4, 13) -> -2.71336
 (5, 13) -> -13.5733
 (6, 13) -> 0
 (7, 13) -> 0
 (8, 13) -> 0
 (9, 13) -> 0
 (10, 13) -> 0
 (11, 13) -> 0
 (12, 13) -> -3.51772
 (13, 13) -> 11.6867
 (14, 13) -> 7.06564
 (15, 13) -> 0
 (16, 13) -> 0
 (17, 13) -> 0
 (0, 14) -> 17.5669
 (1, 14) -> 19.19
 (2, 14) -> -38.806
 (3, 14) -> -11.7622
 (4, 14) -> 2.73204
 (5, 14) -> -3.97354
 (6, 14) -> 0
 (7, 14) -> 0
 (8, 14) -> 0
 (9, 14) -> 0
 (10, 14) -> 0
 (11, 14) -> 0
 (12, 14) -> -9.75908
 (13, 14) -> 7.06564
 (14, 14) -> 12.9138
 (15, 14) -> 0
 (16, 14) -> 0
 (17, 14) -> 0
 (0, 15) -> -120.973
 (1, 15) -> 3940.51
 (2, 15) -> -5919.56
 (3, 15) -> 2800.33
 (4, 15) -> 35.5495
 (5, 15) -> -33.5634
 (6, 15) -> 0
 (7, 15) -> 0
 (8, 15) -> 0
 (9, 15) -> 0
 (10, 15) -> 0
 (11, 15) -> 0
 (12, 15) -> 0
 (13, 15) -> 0
 (14, 15) -> 0
 (15, 15) -> 2531.17
 (16, 15) -> 1014.11
 (17, 15) -> 967.574
 (0, 16) -> 5564.48
 (1, 16) -> -1059.52
 (2, 16) -> -4245.32
 (3, 16) -> 1310.67
 (4, 16) -> -989.175
 (5, 16) -> 1964.81
 (6, 16) -> 0
 (7, 16) -> 0
 (8, 16) -> 0
 (9, 16) -> 0
 (10, 16) -> 0
 (11, 16) -> 0
 (12, 16) -> 0
 (13, 16) -> 0
 (14, 16) -> 0
 (15, 16) -> 1014.11
 (16, 16) -> 2507.44
 (17, 16) -> 1474.95
 (0, 17) -> 1972.65
 (1, 17) -> -1151.14
 (2, 17) -> -4075.68
 (3, 17) -> 1234.24
 (4, 17) -> -344.664
 (5, 17) -> 694.727
 (6, 17) -> 0
 (7, 17) -> 0
 (8, 17) -> 0
 (9, 17) -> 0
 (10, 17) -> 0
 (11, 17) -> 0
 (12, 17) -> 0
 (13, 17) -> 0
 (14, 17) -> 0
 (15, 17) -> 967.574
 (16, 17) -> 1474.95
 (17, 17) -> 1093.38
 (18, 18) -> 0.0002
 (19, 19) -> 0.0002
 (20, 20) -> 0.0002
 (21, 21) -> 0.0002
 (22, 22) -> 0.0002
 (23, 23) -> 0.0002
 (24, 24) -> 0.0002
 (25, 25) -> 0.0002
 (26, 26) -> 0.0002
 (27, 27) -> 0.0002
 (28, 28) -> 0.0002
 (29, 29) -> 0.0002
 (30, 30) -> 0.0002
 (31, 31) -> 0.0002
 (32, 32) -> 0.0002
 (33, 33) -> 0.0002
 (34, 34) -> 0.0002
 (35, 35) -> 0.0002
 (36, 36) -> 0.0002
 (37, 37) -> 0.0002
 (38, 38) -> 0.0002
 (39, 39) -> 0.0002
 (40, 40) -> 0.0002
 (41, 41) -> 0.0002
Input 1 (g): [1.56037e+08, -3.66631e+07, 7.81394e+07, -9.56937e+06, -1.66528e+07, 2.52772e+07, 3.58479e+06, 2.78793e+06, -4.6796e+06, -5.62441e+06, 1.12992e+07, 5.9176e+06, -1.68184e+06, 5.69974e+06, 1.1348e+06, -4.58517e+06, 4.83233e+06, -5.02228e+06, -0, -0, -0.0100513, -0, -0, -0, -0, -0, -0, -0, -0, -0.0100513, 0, 0, 0, 0, 0, 0, 0, 0, 0, 0, 0, 0]
Input 2 (a): sparse: 54-by-42, 604 nnz
 (0, 0) -> 10.246
 (1, 0) -> -9.71445e-17
 (2, 0) -> 1.38778e-16
 (3, 0) -> 1.0842e-17
 (4, 0) -> -0.304527
 (5, 0) -> -0.0167176
 (6, 0) -> -0.00454368
 (7, 0) -> 0.149661
 (8, 0) -> 0.0223297
 (9, 0) -> -0.0041332
 (10, 0) -> 0.157115
 (11, 0) -> 0.0299251
 (12, 0) -> -0.00208729
 (13, 0) -> 0.0974407
 (14, 0) -> 0.0141856
 (15, 0) -> -0.00214973
 (16, 0) -> 0.143689
 (17, 0) -> 0.0159295
 (0, 1) -> 4.16334e-17
 (1, 1) -> 10.246
 (2, 1) -> 0
 (3, 1) -> 0.304527
 (4, 1) -> -3.42608e-17
 (5, 1) -> -0.00673902
 (6, 1) -> 0.0693535
 (7, 1) -> 0.0133234
 (8, 1) -> 0.0130053
 (9, 1) -> 0.132428
 (10, 1) -> 0.00494862
 (11, 1) -> -0.00191991
 (12, 1) -> 0.0146232
 (13, 1) -> -0.0229783
 (14, 1) -> 0.0154966
 (15, 1) -> 0.0877937
 (16, 1) -> -0.00603713
 (17, 1) -> -0.00929587
 (0, 2) -> -8.32667e-17
 (1, 2) -> 0
 (2, 2) -> 10.246
 (3, 2) -> 0.0167176
 (4, 2) -> 0.00673902
 (5, 2) -> 1.69136e-17
 (6, 2) -> 0.215921
 (7, 2) -> -0.0149911
 (8, 2) -> -0.027489
 (9, 2) -> -0.189965
 (10, 2) -> -0.0108576
 (11, 2) -> -0.0228954
 (12, 2) -> 0.195237
 (13, 2) -> 0.057869
 (14, 2) -> -0.0313372
 (15, 2) -> -0.204208
 (16, 2) -> -0.0389466
 (17, 2) -> -0.0329125
 (0, 3) -> -9.1073e-18
 (1, 3) -> 0.304527
 (2, 3) -> 0.0167176
 (3, 3) -> 0.334185
 (4, 3) -> -0.0192783
 (5, 3) -> -0.0346024
 (6, 3) -> 0.0681646
 (7, 3) -> -0.00387454
 (8, 3) -> -0.00721782
 (9, 3) -> 0.0712888
 (10, 3) -> 0.00493703
 (11, 3) -> 0.00692305
 (12, 3) -> 0.053503
 (13, 3) -> 0.0121598
 (14, 3) -> -0.00921411
 (15, 3) -> 0.061709
 (16, 3) -> 0.0113083
 (17, 3) -> 0.00947368
 (0, 4) -> -0.304527
 (1, 4) -> 4.33681e-19
 (2, 4) -> 0.00673902
 (3, 4) -> -0.0192783
 (4, 4) -> 0.40614
 (5, 4) -> -0.0102993
 (6, 4) -> 0.0545018
 (7, 4) -> -0.0254831
 (8, 4) -> -0.0133645
 (9, 4) -> -0.0405559
 (10, 4) -> -0.0304459
 (11, 4) -> -0.0140942
 (12, 4) -> -0.048088
 (13, 4) -> -0.0231937
 (14, 4) -> 0.00463196
 (15, 4) -> 0.0342901
 (16, 4) -> -0.0115912
 (17, 4) -> -0.000221973
 (0, 5) -> -0.0167176
 (1, 5) -> -0.00673902
 (2, 5) -> -5.13912e-17
 (3, 5) -> -0.0346024
 (4, 5) -> -0.0102993
 (5, 5) -> 0.635031
 (6, 5) -> -0.0178597
 (7, 5) -> -0.0459395
 (8, 5) -> -0.012186
 (9, 5) -> -0.0318909
 (10, 5) -> 0.0405445
 (11, 5) -> 0.0102305
 (12, 5) -> 0.00477224
 (13, 5) -> -0.0338298
 (14, 5) -> -0.00188045
 (15, 5) -> 0.0124145
 (16, 5) -> 0.037353
 (17, 5) -> 0.00464793
 (0, 6) -> -0.00454368
 (1, 6) -> 0.0693535
 (2, 6) -> 0.215921
 (3, 6) -> 0.0681646
 (4, 6) -> 0.0545018
 (5, 6) -> -0.0178597
 (6, 6) -> 0.0566479
 (7, 6) -> -0.00448692
 (8, 6) -> -0.00649102
 (9, 6) -> 0
 (10, 6) -> 0
 (11, 6) -> 0
 (12, 6) -> 0
 (13, 6) -> 0
 (14, 6) -> 0
 (15, 6) -> 0
 (16, 6) -> 0
 (17, 6) -> 0
 (0, 7) -> 0.149661
 (1, 7) -> 0.0133234
 (2, 7) -> -0.0149911
 (3, 7) -> -0.00387454
 (4, 7) -> -0.0254831
 (5, 7) -> -0.0459395
 (6, 7) -> -0.00448692
 (7, 7) -> 0.0319742
 (8, 7) -> 0.00958612
 (9, 7) -> 0
 (10, 7) -> 0
 (11, 7) -> 0
 (12, 7) -> 0
 (13, 7) -> 0
 (14, 7) -> 0
 (15, 7) -> 0
 (16, 7) -> 0
 (17, 7) -> 0
 (0, 8) -> 0.0223297
 (1, 8) -> 0.0130053
 (2, 8) -> -0.027489
 (3, 8) -> -0.00721782
 (4, 8) -> -0.0133645
 (5, 8) -> -0.012186
 (6, 8) -> -0.00649102
 (7, 8) -> 0.00958612
 (8, 8) -> 0.00606647
 (9, 8) -> 0
 (10, 8) -> 0
 (11, 8) -> 0
 (12, 8) -> 0
 (13, 8) -> 0
 (14, 8) -> 0
 (15, 8) -> 0
 (16, 8) -> 0
 (17, 8) -> 0
 (0, 9) -> -0.0041332
 (1, 9) -> 0.132428
 (2, 9) -> -0.189965
 (3, 9) -> 0.0712888
 (4, 9) -> -0.0405559
 (5, 9) -> -0.0318909
 (6, 9) -> 0
 (7, 9) -> 0
 (8, 9) -> 0
 (9, 9) -> 0.0607263
 (10, 9) -> 0.00323986
 (11, 9) -> 0.00502019
 (12, 9) -> 0
 (13, 9) -> 0
 (14, 9) -> 0
 (15, 9) -> 0
 (16, 9) -> 0
 (17, 9) -> 0
 (0, 10) -> 0.157115
 (1, 10) -> 0.00494862
 (2, 10) -> -0.0108576
 (3, 10) -> 0.00493703
 (4, 10) -> -0.0304459
 (5, 10) -> 0.0405445
 (6, 10) -> 0
 (7, 10) -> 0
 (8, 10) -> 0
 (9, 10) -> 0.00323986
 (10, 10) -> 0.0348236
 (11, 10) -> 0.0110109
 (12, 10) -> 0
 (13, 10) -> 0
 (14, 10) -> 0
 (15, 10) -> 0
 (16, 10) -> 0
 (17, 10) -> 0
 (0, 11) -> 0.0299251
 (1, 11) -> -0.00191991
 (2, 11) -> -0.0228954
 (3, 11) -> 0.00692305
 (4, 11) -> -0.0140942
 (5, 11) -> 0.0102305
 (6, 11) -> 0
 (7, 11) -> 0
 (8, 11) -> 0
 (9, 11) -> 0.00502019
 (10, 11) -> 0.0110109
 (11, 11) -> 0.00606647
 (12, 11) -> 0
 (13, 11) -> 0
 (14, 11) -> 0
 (15, 11) -> 0
 (16, 11) -> 0
 (17, 11) -> 0
 (0, 12) -> -0.00208729
 (1, 12) -> 0.0146232
 (2, 12) -> 0.195237
 (3, 12) -> 0.053503
 (4, 12) -> -0.048088
 (5, 12) -> 0.00477224
 (6, 12) -> 0
 (7, 12) -> 0
 (8, 12) -> 0
 (9, 12) -> 0
 (10, 12) -> 0
 (11, 12) -> 0
 (12, 12) -> 0.0400156
 (13, 12) -> 0.0081208
 (14, 12) -> -0.00748491
 (15, 12) -> 0
 (16, 12) -> 0
 (17, 12) -> 0
 (0, 13) -> 0.0974407
 (1, 13) -> -0.0229783
 (2, 13) -> 0.057869
 (3, 13) -> 0.0121598
 (4, 13) -> -0.0231937
 (5, 13) -> -0.0338298
 (6, 13) -> 0
 (7, 13) -> 0
 (8, 13) -> 0
 (9, 13) -> 0
 (10, 13) -> 0
 (11, 13) -> 0
 (12, 13) -> 0.0081208
 (13, 13) -> 0.0187198
 (14, 13) -> 0.00295891
 (15, 13) -> 0
 (16, 13) -> 0
 (17, 13) -> 0
 (0, 14) -> 0.0141856
 (1, 14) -> 0.0154966
 (2, 14) -> -0.0313372
 (3, 14) -> -0.00921411
 (4, 14) -> 0.00463196
 (5, 14) -> -0.00188045
 (6, 14) -> 0
 (7, 14) -> 0
 (8, 14) -> 0
 (9, 14) -> 0
 (10, 14) -> 0
 (11, 14) -> 0
 (12, 14) -> -0.00748491
 (13, 14) -> 0.00295891
 (14, 14) -> 0.00606647
 (15, 14) -> 0
 (16, 14) -> 0
 (17, 14) -> 0
 (0, 15) -> -0.00214973
 (1, 15) -> 0.0877937
 (2, 15) -> -0.204208
 (3, 15) -> 0.061709
 (4, 15) -> 0.0342901
 (5, 15) -> 0.0124145
 (6, 15) -> 0
 (7, 15) -> 0
 (8, 15) -> 0
 (9, 15) -> 0
 (10, 15) -> 0
 (11, 15) -> 0
 (12, 15) -> 0
 (13, 15) -> 0
 (14, 15) -> 0
 (15, 15) -> 0.0530264
 (16, 15) -> 0.00858456
 (17, 15) -> 0.007421
 (0, 16) -> 0.143689
 (1, 16) -> -0.00603713
 (2, 16) -> -0.0389466
 (3, 16) -> 0.0113083
 (4, 16) -> -0.0115912
 (5, 16) -> 0.037353
 (6, 16) -> 0
 (7, 16) -> 0
 (8, 16) -> 0
 (9, 16) -> 0
 (10, 16) -> 0
 (11, 16) -> 0
 (12, 16) -> 0
 (13, 16) -> 0
 (14, 16) -> 0
 (15, 16) -> 0.00858456
 (16, 16) -> 0.0311296
 (17, 16) -> 0.00916386
 (0, 17) -> 0.0159295
 (1, 17) -> -0.00929587
 (2, 17) -> -0.0329125
 (3, 17) -> 0.00947368
 (4, 17) -> -0.000221973
 (5, 17) -> 0.00464793
 (6, 17) -> 0
 (7, 17) -> 0
 (8, 17) -> 0
 (9, 17) -> 0
 (10, 17) -> 0
 (11, 17) -> 0
 (12, 17) -> 0
 (13, 17) -> 0
 (14, 17) -> 0
 (15, 17) -> 0.007421
 (16, 17) -> 0.00916386
 (17, 17) -> 0.00606647
 (0, 18) -> -1
 (1, 18) -> 2.77556e-17
 (2, 18) -> 3.46945e-18
 (3, 18) -> -2.08167e-17
 (4, 18) -> 0.222631
 (5, 18) -> 0.376323
 (6, 18) -> 0.0110117
 (7, 18) -> -0.317249
 (8, 18) -> -0.13826
 (9, 18) -> -0
 (10, 18) -> -0
 (11, 18) -> -0
 (12, 18) -> -0
 (13, 18) -> -0
 (14, 18) -> -0
 (15, 18) -> -0
 (16, 18) -> -0
 (17, 18) -> -0
 (32, 18) -> 1
 (33, 18) -> -1
 (0, 19) -> 3.72966e-17
 (1, 19) -> -1
 (2, 19) -> -0
 (3, 19) -> -0.222631
 (4, 19) -> 1.38778e-17
 (5, 19) -> 0.393615
 (6, 19) -> -0.201839
 (7, 19) -> -0.0809718
 (8, 19) -> -0.0805245
 (9, 19) -> -0
 (10, 19) -> -0
 (11, 19) -> -0
 (12, 19) -> -0
 (13, 19) -> -0
 (14, 19) -> -0
 (15, 19) -> -0
 (16, 19) -> -0
 (17, 19) -> -0
 (34, 19) -> 1
 (35, 19) -> -1
 (0, 20) -> 1.38778e-17
 (1, 20) -> -1.11022e-16
 (2, 20) -> -1
 (3, 20) -> -0.376323
 (4, 20) -> -0.393615
 (5, 20) -> 6.93889e-17
 (6, 20) -> -0.335168
 (7, 20) -> 0.152635
 (8, 20) -> 0.170203
 (9, 20) -> -0
 (10, 20) -> -0
 (11, 20) -> -0
 (12, 20) -> -0
 (13, 20) -> -0
 (14, 20) -> -0
 (15, 20) -> -0
 (16, 20) -> -0
 (17, 20) -> -0
 (30, 20) -> -1
 (31, 20) -> 1
 (32, 20) -> -0.6
 (33, 20) -> -0.6
 (34, 20) -> -0.6
 (35, 20) -> -0.6
 (0, 21) -> -1
 (1, 21) -> 1.38778e-17
 (2, 21) -> 6.93889e-18
 (3, 21) -> 1.21431e-17
 (4, 21) -> 0.313414
 (5, 21) -> -0.34492
 (6, 21) -> -0
 (7, 21) -> -0
 (8, 21) -> -0
 (9, 21) -> 0.011735
 (10, 21) -> -0.36408
 (11, 21) -> -0.185288
 (12, 21) -> -0
 (13, 21) -> -0
 (14, 21) -> -0
 (15, 21) -> -0
 (16, 21) -> -0
 (17, 21) -> -0
 (38, 21) -> 1
 (39, 21) -> -1
 (0, 22) -> 2.34188e-17
 (1, 22) -> -1
 (2, 22) -> -5.55112e-17
 (3, 22) -> -0.313414
 (4, 22) -> -1.38778e-17
 (5, 22) -> 0.322221
 (6, 22) -> -0
 (7, 22) -> -0
 (8, 22) -> -0
 (9, 22) -> -0.328323
 (10, 22) -> 0.00223221
 (11, 22) -> 0.0118873
 (12, 22) -> -0
 (13, 22) -> -0
 (14, 22) -> -0
 (15, 22) -> -0
 (16, 22) -> -0
 (17, 22) -> -0
 (40, 22) -> 1
 (41, 22) -> -1
 (0, 23) -> 1.38778e-17
 (1, 23) -> -5.55112e-17
 (2, 23) -> -1
 (3, 23) -> 0.34492
 (4, 23) -> -0.322221
 (5, 23) -> 2.77556e-17
 (6, 23) -> -0
 (7, 23) -> -0
 (8, 23) -> -0
 (9, 23) -> 0.273733
 (10, 23) -> 0.124839
 (11, 23) -> 0.14176
 (12, 23) -> -0
 (13, 23) -> -0
 (14, 23) -> -0
 (15, 23) -> -0
 (16, 23) -> -0
 (17, 23) -> -0
 (36, 23) -> -1
 (37, 23) -> 1
 (38, 23) -> -0.6
 (39, 23) -> -0.6
 (40, 23) -> -0.6
 (41, 23) -> -0.6
 (0, 24) -> -1
 (1, 24) -> -4.85723e-17
 (2, 24) -> 2.42861e-17
 (3, 24) -> -3.46945e-18
 (4, 24) -> 0.105863
 (5, 24) -> 0.355453
 (6, 24) -> -0
 (7, 24) -> -0
 (8, 24) -> -0
 (9, 24) -> -0
 (10, 24) -> -0
 (11, 24) -> -0
 (12, 24) -> 0.00595098
 (13, 24) -> -0.204866
 (14, 24) -> -0.0878345
 (15, 24) -> -0
 (16, 24) -> -0
 (17, 24) -> -0
 (44, 24) -> 1
 (45, 24) -> -1
 (0, 25) -> -5.55112e-17
 (1, 25) -> -1
 (2, 25) -> 1.11022e-16
 (3, 25) -> -0.105863
 (4, 25) -> -6.93889e-18
 (5, 25) -> -0.118325
 (6, 25) -> -0
 (7, 25) -> -0
 (8, 25) -> -0
 (9, 25) -> -0
 (10, 25) -> -0
 (11, 25) -> -0
 (12, 25) -> -0.0890356
 (13, 25) -> -0.0418658
 (14, 25) -> -0.09595
 (15, 25) -> -0
 (16, 25) -> -0
 (17, 25) -> -0
 (46, 25) -> 1
 (47, 25) -> -1
 (0, 26) -> -1.38778e-17
 (1, 26) -> -0
 (2, 26) -> -1
 (3, 26) -> -0.355453
 (4, 26) -> 0.118325
 (5, 26) -> 6.93889e-18
 (6, 26) -> -0
 (7, 26) -> -0
 (8, 26) -> -0
 (9, 26) -> -0
 (10, 26) -> -0
 (11, 26) -> -0
 (12, 26) -> -0.292819
 (13, 26) -> 0.0686329
 (14, 26) -> 0.19403
 (15, 26) -> -0
 (16, 26) -> -0
 (17, 26) -> -0
 (42, 26) -> -1
 (43, 26) -> 1
 (44, 26) -> -0.6
 (45, 26) -> -0.6
 (46, 26) -> -0.6
 (47, 26) -> -0.6
 (0, 27) -> -1
 (1, 27) -> -3.29597e-17
 (2, 27) -> -9.02056e-17
 (3, 27) -> 1.38778e-17
 (4, 27) -> 0.179548
 (5, 27) -> -0.353543
 (6, 27) -> -0
 (7, 27) -> -0
 (8, 27) -> -0
 (9, 27) -> -0
 (10, 27) -> -0
 (11, 27) -> -0
 (12, 27) -> -0
 (13, 27) -> -0
 (14, 27) -> -0
 (15, 27) -> 0.00604864
 (16, 27) -> -0.278224
 (17, 27) -> -0.0986325
 (50, 27) -> 1
 (51, 27) -> -1
 (0, 28) -> -1.12757e-17
 (1, 28) -> -1
 (2, 28) -> -1.11022e-16
 (3, 28) -> -0.179548
 (4, 28) -> -2.98156e-18
 (5, 28) -> -0.00233617
 (6, 28) -> -0
 (7, 28) -> -0
 (8, 28) -> -0
 (9, 28) -> -0
 (10, 28) -> -0
 (11, 28) -> -0
 (12, 28) -> -0
 (13, 28) -> -0
 (14, 28) -> -0
 (15, 28) -> -0.197025
 (16, 28) -> 0.0529762
 (17, 28) -> 0.057557
 (52, 28) -> 1
 (53, 28) -> -1
 (0, 29) -> -1.73472e-17
 (1, 29) -> -0
 (2, 29) -> -1
 (3, 29) -> 0.353543
 (4, 29) -> 0.00233617
 (5, 29) -> 7.80626e-18
 (6, 29) -> -0
 (7, 29) -> -0
 (8, 29) -> -0
 (9, 29) -> -0
 (10, 29) -> -0
 (11, 29) -> -0
 (12, 29) -> -0
 (13, 29) -> -0
 (14, 29) -> -0
 (15, 29) -> 0.295978
 (16, 29) -> 0.212266
 (17, 29) -> 0.203784
 (48, 29) -> -1
 (49, 29) -> 1
 (50, 29) -> -0.6
 (51, 29) -> -0.6
 (52, 29) -> -0.6
 (53, 29) -> -0.6
 (6, 30) -> -1
 (18, 30) -> 1
 (7, 31) -> -1
 (19, 31) -> 1
 (8, 32) -> -1
 (20, 32) -> 1
 (9, 33) -> -1
 (21, 33) -> 1
 (10, 34) -> -1
 (22, 34) -> 1
 (11, 35) -> -1
 (23, 35) -> 1
 (12, 36) -> -1
 (24, 36) -> 1
 (13, 37) -> -1
 (25, 37) -> 1
 (14, 38) -> -1
 (26, 38) -> 1
 (15, 39) -> -1
 (27, 39) -> 1
 (16, 40) -> -1
 (28, 40) -> 1
 (17, 41) -> -1
 (29, 41) -> 1
Input 3 (lba): [-1104.16, 900.423, -1239.5, 127.876, 99.8562, -68.6627, -36.0805, -55.3376, 58.5897, 74.5142, -58.7128, 60.3998, -30.9283, -66.6513, 109.686, 19.3416, -66.0118, 56.104, -100, -100, -100, -100, -100, -100, -100, -100, -100, -100, -100, -100, -inf, -inf, -inf, -inf, -inf, -inf, -inf, -inf, -inf, -inf, -inf, -inf, -inf, -inf, -inf, -inf, -inf, -inf, -inf, -inf, -inf, -inf, -inf, -inf]
Input 4 (uba): [-1104.16, 900.423, -1239.5, 127.876, 99.8562, -68.6627, -36.0805, -55.3376, 58.5897, 74.5142, -58.7128, 60.3998, -30.9283, -66.6513, 109.686, 19.3416, -66.0118, 56.104, 100, 100, 100, 100, 100, 100, 100, 100, 100, 100, 100, 100, 0, 400, 0, 0, 0, 0, 0, 0, 0, 0, 0, 0, 0, 0, 0, 0, 0, 0, 0, 400, 0, 0, 0, 0]
Input 5 (lbx): [-inf, -inf, -inf, -inf, -inf, -inf, -inf, -inf, -inf, -inf, -inf, -inf, -inf, -inf, -inf, -inf, -inf, -inf, -inf, -inf, -inf, -inf, -inf, -inf, -inf, -inf, -inf, -inf, -inf, -inf, -inf, -inf, -inf, -inf, -inf, -inf, -inf, -inf, -inf, -inf, -inf, -inf]
Input 6 (ubx): [inf, inf, inf, inf, inf, inf, inf, inf, inf, inf, inf, inf, inf, inf, inf, inf, inf, inf, inf, inf, inf, inf, inf, inf, inf, inf, inf, inf, inf, inf, inf, inf, inf, inf, inf, inf, inf, inf, inf, inf, inf, inf]
Input 7 (x0): [0, 0, 0, 0, 0, 0, 0, 0, 0, 0, 0, 0, 0, 0, 0, 0, 0, 0, 0, 0, 0, 0, 0, 0, 0, 0, 0, 0, 0, 0, 0, 0, 0, 0, 0, 0, 0, 0, 0, 0, 0, 0]
Input 8 (lam_x0): [0, 0, 0, 0, 0, 0, 0, 0, 0, 0, 0, 0, 0, 0, 0, 0, 0, 0, 0, 0, 0, 0, 0, 0, 0, 0, 0, 0, 0, 0, 0, 0, 0, 0, 0, 0, 0, 0, 0, 0, 0, 0]
Input 9 (lam_a0): [0, 0, 0, 0, 0, 0, 0, 0, 0, 0, 0, 0, 0, 0, 0, 0, 0, 0, 0, 0, 0, 0, 0, 0, 0, 0, 0, 0, 0, 0, 0, 0, 0, 0, 0, 0, 0, 0, 0, 0, 0, 0, 0, 0, 0, 0, 0, 0, 0, 0, 0, 0, 0, 0]
Input 10 (q): 0x42
Input 11 (p): 0x0
Function solver (0x16524590)
Input 0 (x0): [0, 0, 0, 0, 0, 0, 0, 0, 0, 0, 0, 0, 0, 0, 0, 0, 0, 0, 0, 0, 0, 0, 0, 0, 0, 0, 0, 0, 0, 0, 0, 0, 0, 0, 0, 0, 0, 0, 0, 0, 0, 0]
Input 1 (p): [10.246, -9.71445e-17, 1.38778e-16, 1.0842e-17, -0.304527, -0.0167176, -0.00454368, 0.149661, 0.0223297, -0.0041332, 0.157115, 0.0299251, -0.00208729, 0.0974407, 0.0141856, -0.00214973, 0.143689, 0.0159295, 4.16334e-17, 10.246, 0, 0.304527, -3.42608e-17, -0.00673902, 0.0693535, 0.0133234, 0.0130053, 0.132428, 0.00494862, -0.00191991, 0.0146232, -0.0229783, 0.0154966, 0.0877937, -0.00603713, -0.00929587, -8.32667e-17, 0, 10.246, 0.0167176, 0.00673902, 1.69136e-17, 0.215921, -0.0149911, -0.027489, -0.189965, -0.0108576, -0.0228954, 0.195237, 0.057869, -0.0313372, -0.204208, -0.0389466, -0.0329125, -9.1073e-18, 0.304527, 0.0167176, 0.334185, -0.0192783, -0.0346024, 0.0681646, -0.00387454, -0.00721782, 0.0712888, 0.00493703, 0.00692305, 0.053503, 0.0121598, -0.00921411, 0.061709, 0.0113083, 0.00947368, -0.304527, 4.33681e-19, 0.00673902, -0.0192783, 0.40614, -0.0102993, 0.0545018, -0.0254831, -0.0133645, -0.0405559, -0.0304459, -0.0140942, -0.048088, -0.0231937, 0.00463196, 0.0342901, -0.0115912, -0.000221973, -0.0167176, -0.00673902, -5.13912e-17, -0.0346024, -0.0102993, 0.635031, -0.0178597, -0.0459395, -0.012186, -0.0318909, 0.0405445, 0.0102305, 0.00477224, -0.0338298, -0.00188045, 0.0124145, 0.037353, 0.00464793, -0.00454368, 0.0693535, 0.215921, 0.0681646, 0.0545018, -0.0178597, 0.0566479, -0.00448692, -0.00649102, 0, 0, 0, 0, 0, 0, 0, 0, 0, 0.149661, 0.0133234, -0.0149911, -0.00387454, -0.0254831, -0.0459395, -0.00448692, 0.0319742, 0.00958612, 0, 0, 0, 0, 0, 0, 0, 0, 0, 0.0223297, 0.0130053, -0.027489, -0.00721782, -0.0133645, -0.012186, -0.00649102, 0.00958612, 0.00606647, 0, 0, 0, 0, 0, 0, 0, 0, 0, -0.0041332, 0.132428, -0.189965, 0.0712888, -0.0405559, -0.0318909, 0, 0, 0, 0.0607263, 0.00323986, 0.00502019, 0, 0, 0, 0, 0, 0, 0.157115, 0.00494862, -0.0108576, 0.00493703, -0.0304459, 0.0405445, 0, 0, 0, 0.00323986, 0.0348236, 0.0110109, 0, 0, 0, 0, 0, 0, 0.0299251, -0.00191991, -0.0228954, 0.00692305, -0.0140942, 0.0102305, 0, 0, 0, 0.00502019, 0.0110109, 0.00606647, 0, 0, 0, 0, 0, 0, -0.00208729, 0.0146232, 0.195237, 0.053503, -0.048088, 0.00477224, 0, 0, 0, 0, 0, 0, 0.0400156, 0.0081208, -0.00748491, 0, 0, 0, 0.0974407, -0.0229783, 0.057869, 0.0121598, -0.0231937, -0.0338298, 0, 0, 0, 0, 0, 0, 0.0081208, 0.0187198, 0.00295891, 0, 0, 0, 0.0141856, 0.0154966, -0.0313372, -0.00921411, 0.00463196, -0.00188045, 0, 0, 0, 0, 0, 0, -0.00748491, 0.00295891, 0.00606647, 0, 0, 0, -0.00214973, 0.0877937, -0.204208, 0.061709, 0.0342901, 0.0124145, 0, 0, 0, 0, 0, 0, 0, 0, 0, 0.0530264, 0.00858456, 0.007421, 0.143689, -0.00603713, -0.0389466, 0.0113083, -0.0115912, 0.037353, 0, 0, 0, 0, 0, 0, 0, 0, 0, 0.00858456, 0.0311296, 0.00916386, 0.0159295, -0.00929587, -0.0329125, 0.00947368, -0.000221973, 0.00464793, 0, 0, 0, 0, 0, 0, 0, 0, 0, 0.007421, 0.00916386, 0.00606647, 1104.16, -900.423, 1239.5, -127.876, -99.8562, 68.6627, 10.8024, 59.944, -10.1815, -83.8366, 55.368, -1.50446, 5.65553, 33.0829, -30.7558, -17.1311, 80.257, -9.78086, 1, -3.72966e-17, -1.38778e-17, 1, -2.34188e-17, -1.38778e-17, 1, 5.55112e-17, 1.38778e-17, 1, 1.12757e-17, 1.73472e-17, -2.77556e-17, 1, 1.11022e-16, -1.38778e-17, 1, 5.55112e-17, 4.85723e-17, 1, 0, 3.29597e-17, 1, 0, -3.46945e-18, 0, 1, -6.93889e-18, 5.55112e-17, 1, -2.42861e-17, -1.11022e-16, 1, 9.02056e-17, 1.11022e-16, 1, 2.08167e-17, 0.222631, 0.376323, -1.21431e-17, 0.313414, -0.34492, 3.46945e-18, 0.105863, 0.355453, -1.38778e-17, 0.179548, -0.353543, -0.222631, -1.38778e-17, 0.393615, -0.313414, 1.38778e-17, 0.322221, -0.105863, 6.93889e-18, -0.118325, -0.179548, 2.98156e-18, -0.00233617, -0.376323, -0.393615, -6.93889e-17, 0.34492, -0.322221, -2.77556e-17, -0.355453, 0.118325, -6.93889e-18, 0.353543, 0.00233617, -7.80626e-18, -0.0110117, 0.201839, 0.335168, 0, 0, 0, 0, 0, 0, 0, 0, 0, 0.317249, 0.0809718, -0.152635, 0, 0, 0, 0, 0, 0, 0, 0, 0, 0.13826, 0.0805245, -0.170203, 0, 0, 0, 0, 0, 0, 0, 0, 0, 0, 0, 0, -0.011735, 0.328323, -0.273733, 0, 0, 0, 0, 0, 0, 0, 0, 0, 0.36408, -0.00223221, -0.124839, 0, 0, 0, 0, 0, 0, 0, 0, 0, 0.185288, -0.0118873, -0.14176, 0, 0, 0, 0, 0, 0, 0, 0, 0, 0, 0, 0, -0.00595098, 0.0890356, 0.292819, 0, 0, 0, 0, 0, 0, 0, 0, 0, 0.204866, 0.0418658, -0.0686329, 0, 0, 0, 0, 0, 0, 0, 0, 0, 0.0878345, 0.09595, -0.19403, 0, 0, 0, 0, 0, 0, 0, 0, 0, 0, 0, 0, -0.00604864, 0.197025, -0.295978, 0, 0, 0, 0, 0, 0, 0, 0, 0, 0.278224, -0.0529762, -0.212266, 0, 0, 0, 0, 0, 0, 0, 0, 0, 0.0986325, -0.057557, -0.203784, 2258.75, -2084.14, 1269.59, 1750.12, 321.55, 2325.11, 1410.14, -2338.39, 495.094, 3085.72, 1905.82, 1268.84, 0.77775, 0.741297, 4.29766, -20.7394, 0.314016, 4.14412, 50.5563, -9.21284, -96.8164, 18.6448, 6.68967, -117.791, 50.5455, 67.1367, -157.861, -4.42081, -28.4904, -92.6462, 1, 0, 0, 1, -9.2107, -28.4974, 1769.42, 816.789, 73.6553, -197.557, 0, 0, 0, -152966, 80369.5, 2224.42, -154738, 81431.3, 593.978, 0, 0, 0, -743.275, 154.053, 1360.31, -269.139, -68.0308, 1640.39, -744.678, -953.55, 2265.98, 61.5959, 431.724, 1305.49, 0, 0, 50.2565, 0, 0, 0, 0, 0, 0, 0, 0, 50.2565, 100, 100, 100, 10000, 20, 1, 0.0001, 0.0001]
Input 2 (lbx): [-inf, -inf, -inf, -inf, -inf, -inf, -inf, -inf, -inf, -inf, -inf, -inf, -inf, -inf, -inf, -inf, -inf, -inf, -inf, -inf, -inf, -inf, -inf, -inf, -inf, -inf, -inf, -inf, -inf, -inf, -inf, -inf, -inf, -inf, -inf, -inf, -inf, -inf, -inf, -inf, -inf, -inf]
Input 3 (ubx): [inf, inf, inf, inf, inf, inf, inf, inf, inf, inf, inf, inf, inf, inf, inf, inf, inf, inf, inf, inf, inf, inf, inf, inf, inf, inf, inf, inf, inf, inf, inf, inf, inf, inf, inf, inf, inf, inf, inf, inf, inf, inf]
Input 4 (lbg): [0, 0, 0, 0, 0, 0, 0, 0, 0, 0, 0, 0, 0, 0, 0, 0, 0, 0, -100, -100, -100, -100, -100, -100, -100, -100, -100, -100, -100, -100, -inf, -inf, -inf, -inf, -inf, -inf, -inf, -inf, -inf, -inf, -inf, -inf, -inf, -inf, -inf, -inf, -inf, -inf, -inf, -inf, -inf, -inf, -inf, -inf]
Input 5 (ubg): [0, 0, 0, 0, 0, 0, 0, 0, 0, 0, 0, 0, 0, 0, 0, 0, 0, 0, 100, 100, 100, 100, 100, 100, 100, 100, 100, 100, 100, 100, 0, 0, 0, 0, 0, 0, 0, 0, 0, 0, 0, 0, 0, 0, 0, 0, 0, 0, 0, 0, 0, 0, 0, 0]
Input 6 (lam_x0): [0, 0, 0, 0, 0, 0, 0, 0, 0, 0, 0, 0, 0, 0, 0, 0, 0, 0, 0, 0, 0, 0, 0, 0, 0, 0, 0, 0, 0, 0, 0, 0, 0, 0, 0, 0, 0, 0, 0, 0, 0, 0]
Input 7 (lam_g0): [0, 0, 0, 0, 0, 0, 0, 0, 0, 0, 0, 0, 0, 0, 0, 0, 0, 0, 0, 0, 0, 0, 0, 0, 0, 0, 0, 0, 0, 0, 0, 0, 0, 0, 0, 0, 0, 0, 0, 0, 0, 0, 0, 0, 0, 0, 0, 0, 0, 0, 0, 0, 0, 0]
[wbc] QP failed, reusing last torques: Error in Function::call for 'wbc_qp' [MXFunction] at .../casadi/core/function.cpp:514:
Error in Function::operator() for 'solver' [MXFunction] at .../casadi/core/function.cpp:1736:
Error in Function::operator() for 'solver_qpsol' [QpoasesInterface] at .../casadi/core/function.cpp:1736:
.../casadi/core/conic.cpp:574: conic process failed. Set 'error_on_fail' option to false to ignore this error.
Function solver_qpsol (0x164e3700)
Input 0 (h): sparse: 42-by-42, 348 nnz
 (0, 0) -> 40600
 (1, 0) -> -5.89806e-14
 (2, 0) -> -1.31492e-12
 (3, 0) -> -4.91328e-13
 (4, 0) -> -5421.14
 (5, 0) -> -336.823
 (6, 0) -> -178.171
 (7, 0) -> 5410.14
 (8, 0) -> 1820.18
 (9, 0) -> -2.74977
 (10, 0) -> 64.6462
 (11, 0) -> 28.877
 (12, 0) -> -0.464618
 (13, 0) -> 29.4559
 (14, 0) -> 9.68666
 (15, 0) -> -101.821
 (16, 0) -> 4414.77
 (17, 0) -> 846.899
 (0, 1) -> -5.89806e-14
 (1, 1) -> 40600
 (2, 1) -> 4.45199e-12
 (3, 1) -> 5421.14
 (4, 1) -> 1.11068e-12
 (5, 1) -> -9222.73
 (6, 1) -> 2808.78
 (7, 1) -> 2138.66
 (8, 1) -> 2049.25
 (9, 1) -> 57.892
 (10, 1) -> -1.04578
 (11, 1) -> -3.28269
 (12, 1) -> 3.83193
 (13, 1) -> 8.8972
 (14, 1) -> 22.7799
 (15, 1) -> 2498.08
 (16, 1) -> -1520.5
 (17, 1) -> -1533.51
 (0, 2) -> -1.31492e-12
 (1, 2) -> 4.45199e-12
 (2, 2) -> 40600
 (3, 2) -> 336.823
 (4, 2) -> 9222.73
 (5, 2) -> 1.86475e-12
 (6, 2) -> 6542.9
 (7, 2) -> -3577.14
 (8, 2) -> -3783.53
 (9, 2) -> -53.2226
 (10, 2) -> -33.5139
 (11, 2) -> -36.5801
 (12, 2) -> 54.0933
 (13, 2) -> -12.9721
 (14, 2) -> -39.6233
 (15, 2) -> -5728.41
 (16, 2) -> -4787.81
 (17, 2) -> -4331.13
 (0, 3) -> -4.91328e-13
 (1, 3) -> 5421.14
 (2, 3) -> 336.823
 (3, 3) -> 6009.51
 (4, 3) -> 2898.97
 (5, 3) -> -1479.3
 (6, 3) -> 2824.3
 (7, 3) -> -946.536
 (8, 3) -> -1035.76
 (9, 3) -> 33.9327
 (10, 3) -> 11.1769
 (11, 3) -> 11.6176
 (12, 3) -> 18.1953
 (13, 3) -> -3.98551
 (14, 3) -> -12.343
 (15, 3) -> 2238.92
 (16, 3) -> 1491.26
 (17, 3) -> 1332.37
 (0, 4) -> -5421.14
 (1, 4) -> 1.11068e-12
 (2, 4) -> 9222.73
 (3, 4) -> 2898.97
 (4, 4) -> 4729.52
 (5, 4) -> 434.417
 (6, 4) -> 2850.61
 (7, 4) -> -2422.53
 (8, 4) -> -1927.68
 (9, 4) -> -18.518
 (10, 4) -> -29.6982
 (11, 4) -> -21.0881
 (12, 4) -> -6.35553
 (13, 4) -> 0.394428
 (14, 4) -> 4.29561
 (15, 4) -> -146.481
 (16, 4) -> -596.352
 (17, 4) -> -208.054
 (0, 5) -> -336.823
 (1, 5) -> -9222.73
 (2, 5) -> 1.86475e-12
 (3, 5) -> -1479.3
 (4, 5) -> 434.417
 (5, 5) -> 9007.2
 (6, 5) -> -1146.82
 (7, 5) -> -2879.92
 (8, 5) -> -1542.36
 (9, 5) -> -21.8957
 (10, 5) -> 22.4863
 (11, 5) -> 11.0636
 (12, 5) -> 0.606505
 (13, 5) -> -8.77944
 (14, 5) -> -0.547884
 (15, 5) -> -103.675
 (16, 5) -> 1564.46
 (17, 5) -> 334.194
 (0, 6) -> -178.171
 (1, 6) -> 2808.78
 (2, 6) -> 6542.9
 (3, 6) -> 2824.3
 (4, 6) -> 2850.61
 (5, 6) -> -1146.82
 (6, 6) -> 2538.53
 (7, 6) -> -918.088
 (8, 6) -> -966.184
 (9, 6) -> 0
 (10, 6) -> 0
 (11, 6) -> 0
 (12, 6) -> 0
 (13, 6) -> 0
 (14, 6) -> 0
 (15, 6) -> 0
 (16, 6) -> 0
 (17, 6) -> 0
 (0, 7) -> 5410.14
 (1, 7) -> 2138.66
 (2, 7) -> -3577.14
 (3, 7) -> -946.536
 (4, 7) -> -2422.53
 (5, 7) -> -2879.92
 (6, 7) -> -918.088
 (7, 7) -> 2333.97
 (8, 7) -> 1388.21
 (9, 7) -> 0
 (10, 7) -> 0
 (11, 7) -> 0
 (12, 7) -> 0
 (13, 7) -> 0
 (14, 7) -> 0
 (15, 7) -> 0
 (16, 7) -> 0
 (17, 7) -> 0
 (0, 8) -> 1820.18
 (1, 8) -> 2049.25
 (2, 8) -> -3783.53
 (3, 8) -> -1035.76
 (4, 8) -> -1927.68
 (5, 8) -> -1542.36
 (6, 8) -> -966.184
 (7, 8) -> 1388.21
 (8, 8) -> 1093.38
 (9, 8) -> 0
 (10, 8) -> 0
 (11, 8) -> 0
 (12, 8) -> 0
 (13, 8) -> 0
 (14, 8) -> 0
 (15, 8) -> 0
 (16, 8) -> 0
 (17, 8) -> 0
 (0, 9) -> -2.74977
 (1, 9) -> 57.892
 (2, 9) -> -53.2226
 (3, 9) -> 33.9327
 (4, 9) -> -18.518
 (5, 9) -> -21.8957
 (6, 9) -> 0
 (7, 9) -> 0
 (8, 9) -> 0
 (9, 9) -> 32.9585
 (10, 9) -> 7.72697
 (11, 9) -> 8.38721
 (12, 9) -> 0
 (13, 9) -> 0
 (14, 9) -> 0
 (15, 9) -> 0
 (16, 9) -> 0
 (17, 9) -> 0
 (0, 10) -> 64.6462
 (1, 10) -> -1.04578
 (2, 10) -> -33.5139
 (3, 10) -> 11.1769
 (4, 10) -> -29.6982
 (5, 10) -> 22.4863
 (6, 10) -> 0
 (7, 10) -> 0
 (8, 10) -> 0
 (9, 10) -> 7.72697
 (10, 10) -> 28.5171
 (11, 10) -> 15.4808
 (12, 10) -> 0
 (13, 10) -> 0
 (14, 10) -> 0
 (15, 10) -> 0
 (16, 10) -> 0
 (17, 10) -> 0
 (0, 11) -> 28.877
 (1, 11) -> -3.28269
 (2, 11) -> -36.5801
 (3, 11) -> 11.6176
 (4, 11) -> -21.0881
 (5, 11) -> 11.0636
 (6, 11) -> 0
 (7, 11) -> 0
 (8, 11) -> 0
 (9, 11) -> 8.38721
 (10, 11) -> 15.4808
 (11, 11) -> 12.9138
 (12, 11) -> 0
 (13, 11) -> 0
 (14, 11) -> 0
 (15, 11) -> 0
 (16, 11) -> 0
 (17, 11) -> 0
 (0, 12) -> -0.464618
 (1, 12) -> 3.83193
 (2, 12) -> 54.0933
 (3, 12) -> 18.1953
 (4, 12) -> -6.35553
 (5, 12) -> 0.606505
 (6, 12) -> 0
 (7, 12) -> 0
 (8, 12) -> 0
 (9, 12) -> 0
 (10, 12) -> 0
 (11, 12) -> 0
 (12, 12) -> 16.7049
 (13, 12) -> -3.40647
 (14, 12) -> -10.3028
 (15, 12) -> 0
 (16, 12) -> 0
 (17, 12) -> 0
 (0, 13) -> 29.4559
 (1, 13) -> 8.8972
 (2, 13) -> -12.9721
 (3, 13) -> -3.98551
 (4, 13) -> 0.394428
 (5, 13) -> -8.77944
 (6, 13) -> 0
 (7, 13) -> 0
 (8, 13) -> 0
 (9, 13) -> 0
 (10, 13) -> 0
 (11, 13) -> 0
 (12, 13) -> -3.40647
 (13, 13) -> 7.57543
 (14, 13) -> 5.01001
 (15, 13) -> 0
 (16, 13) -> 0
 (17, 13) -> 0
 (0, 14) -> 9.68666
 (1, 14) -> 22.7799
 (2, 14) -> -39.6233
 (3, 14) -> -12.343
 (4, 14) -> 4.29561
 (5, 14) -> -0.547884
 (6, 14) -> 0
 (7, 14) -> 0
 (8, 14) -> 0
 (9, 14) -> 0
 (10, 14) -> 0
 (11, 14) -> 0
 (12, 14) -> -10.3028
 (13, 14) -> 5.01001
 (14, 14) -> 12.9138
 (15, 14) -> 0
 (16, 14) -> 0
 (17, 14) -> 0
 (0, 15) -> -101.821
 (1, 15) -> 2498.08
 (2, 15) -> -5728.41
 (3, 15) -> 2238.92
 (4, 15) -> -146.481
 (5, 15) -> -103.675
 (6, 15) -> 0
 (7, 15) -> 0
 (8, 15) -> 0
 (9, 15) -> 0
 (10, 15) -> 0
 (11, 15) -> 0
 (12, 15) -> 0
 (13, 15) -> 0
 (14, 15) -> 0
 (15, 15) -> 1955.27
 (16, 15) -> 1158.93
 (17, 15) -> 1044.67
 (0, 16) -> 4414.77
 (1, 16) -> -1520.5
 (2, 16) -> -4787.81
 (3, 16) -> 1491.26
 (4, 16) -> -596.352
 (5, 16) -> 1564.46
 (6, 16) -> 0
 (7, 16) -> 0
 (8, 16) -> 0
 (9, 16) -> 0
 (10, 16) -> 0
 (11, 16) -> 0
 (12, 16) -> 0
 (13, 16) -> 0
 (14, 16) -> 0
 (15, 16) -> 1158.93
 (16, 16) -> 2238.26
 (17, 16) -> 1340.36
 (0, 17) -> 846.899
 (1, 17) -> -1533.51
 (2, 17) -> -4331.13
 (3, 17) -> 1332.37
 (4, 17) -> -208.054
 (5, 17) -> 334.194
 (6, 17) -> 0
 (7, 17) -> 0
 (8, 17) -> 0
 (9, 17) -> 0
 (10, 17) -> 0
 (11, 17) -> 0
 (12, 17) -> 0
 (13, 17) -> 0
 (14, 17) -> 0
 (15, 17) -> 1044.67
 (16, 17) -> 1340.36
 (17, 17) -> 1093.38
 (18, 18) -> 0.0002
 (19, 19) -> 0.0002
 (20, 20) -> 0.0002
 (21, 21) -> 0.0002
 (22, 22) -> 0.0002
 (23, 23) -> 0.0002
 (24, 24) -> 0.0002
 (25, 25) -> 0.0002
 (26, 26) -> 0.0002
 (27, 27) -> 0.0002
 (28, 28) -> 0.0002
 (29, 29) -> 0.0002
 (30, 30) -> 0.0002
 (31, 31) -> 0.0002
 (32, 32) -> 0.0002
 (33, 33) -> 0.0002
 (34, 34) -> 0.0002
 (35, 35) -> 0.0002
 (36, 36) -> 0.0002
 (37, 37) -> 0.0002
 (38, 38) -> 0.0002
 (39, 39) -> 0.0002
 (40, 40) -> 0.0002
 (41, 41) -> 0.0002
Input 1 (g): [1.69101e+08, -2.50989e+07, 5.3182e+07, -5.60294e+06, -1.03936e+07, 2.81135e+07, 1.65961e+06, 4.11564e+06, -5.4398e+06, -3.76136e+06, 7.32721e+06, 3.39552e+06, -269473, 2.79091e+06, -334742, -1.65076e+06, 5.89614e+06, -6.19481e+06, -0, -0, -0.0100513, -0, -0, -0, -0, -0, -0, -0, -0, -0.0100513, 0, 0, 0, 0, 0, 0, 0, 0, 0, 0, 0, 0]
Input 2 (a): sparse: 54-by-42, 604 nnz
 (0, 0) -> 10.246
 (1, 0) -> 1.38778e-16
 (2, 0) -> -5.55112e-17
 (3, 0) -> 2.81893e-18
 (4, 0) -> -0.227112
 (5, 0) -> -0.00780371
 (6, 0) -> -0.00362488
 (7, 0) -> 0.142391
 (8, 0) -> 0.0146983
 (9, 0) -> -0.00569163
 (10, 0) -> 0.150548
 (11, 0) -> 0.0233189
 (12, 0) -> -6.31447e-05
 (13, 0) -> 0.0781402
 (14, 0) -> 0.00782204
 (15, 0) -> -0.00245407
 (16, 0) -> 0.133746
 (17, 0) -> 0.00683872
 (0, 1) -> 2.77556e-17
 (1, 1) -> 10.246
 (2, 1) -> 8.88178e-16
 (3, 1) -> 0.227112
 (4, 1) -> -6.76542e-17
 (5, 1) -> -0.0293828
 (6, 1) -> 0.0492519
 (7, 1) -> 0.0197286
 (8, 1) -> 0.0165484
 (9, 1) -> 0.127186
 (10, 1) -> 0.00530564
 (11, 1) -> -0.00265091
 (12, 1) -> -0.0163247
 (13, 1) -> -0.0309846
 (14, 1) -> 0.0183955
 (15, 1) -> 0.0665461
 (16, 1) -> -0.0119208
 (17, 1) -> -0.0123836
 (0, 2) -> 0
 (1, 2) -> 4.44089e-16
 (2, 2) -> 10.246
 (3, 2) -> 0.00780371
 (4, 2) -> 0.0293828
 (5, 2) -> 5.55112e-17
 (6, 2) -> 0.2168
 (7, 2) -> -0.0232119
 (8, 2) -> -0.0305533
 (9, 2) -> -0.188178
 (10, 2) -> -0.0186335
 (11, 2) -> -0.0295397
 (12, 2) -> 0.185964
 (13, 2) -> 0.0627998
 (14, 2) -> -0.0319971
 (15, 2) -> -0.205267
 (16, 2) -> -0.051219
 (17, 2) -> -0.0349753
 (0, 3) -> 1.86483e-17
 (1, 3) -> 0.227112
 (2, 3) -> 0.00780371
 (3, 3) -> 0.314431
 (4, 3) -> -0.022467
 (5, 3) -> -0.0400311
 (6, 3) -> 0.0635021
 (7, 3) -> -0.00586504
 (8, 3) -> -0.00810231
 (9, 3) -> 0.0674273
 (10, 3) -> 0.00728384
 (11, 3) -> 0.00890517
 (12, 3) -> 0.0480921
 (13, 3) -> 0.0134452
 (14, 3) -> -0.00967897
 (15, 3) -> 0.0573051
 (16, 3) -> 0.0143265
 (17, 3) -> 0.0102082
 (0, 4) -> -0.227112
 (1, 4) -> 5.0307e-17
 (2, 4) -> 0.0293828
 (3, 4) -> -0.022467
 (4, 4) -> 0.403425
 (5, 4) -> -0.0141178
 (6, 4) -> 0.0573778
 (7, 4) -> -0.0238206
 (8, 4) -> -0.0131876
 (9, 4) -> -0.0413563
 (10, 4) -> -0.0295157
 (11, 4) -> -0.0143604
 (12, 4) -> -0.0469803
 (13, 4) -> -0.0211887
 (14, 4) -> 0.00583499
 (15, 4) -> 0.0322043
 (16, 4) -> -0.00561273
 (17, 4) -> 0.00085291
 (0, 5) -> -0.00780371
 (1, 5) -> -0.0293828
 (2, 5) -> -2.42861e-17
 (3, 5) -> -0.0400311
 (4, 5) -> -0.0141178
 (5, 5) -> 0.639137
 (6, 5) -> -0.0135508
 (7, 5) -> -0.0453486
 (8, 5) -> -0.0110405
 (9, 5) -> -0.0321265
 (10, 5) -> 0.0382891
 (11, 5) -> 0.00831854
 (12, 5) -> -0.00325103
 (13, 5) -> -0.0302412
 (14, 5) -> 0.00098848
 (15, 5) -> 0.00860014
 (16, 5) -> 0.0336844
 (17, 5) -> 0.00169402
 (0, 6) -> -0.00362488
 (1, 6) -> 0.0492519
 (2, 6) -> 0.2168
 (3, 6) -> 0.0635021
 (4, 6) -> 0.0573778
 (5, 6) -> -0.0135508
 (6, 6) -> 0.053075
 (7, 6) -> -0.00620775
 (8, 6) -> -0.00741033
 (9, 6) -> 0
 (10, 6) -> 0
 (11, 6) -> 0
 (12, 6) -> 0
 (13, 6) -> 0
 (14, 6) -> 0
 (15, 6) -> 0
 (16, 6) -> 0
 (17, 6) -> 0
 (0, 7) -> 0.142391
 (1, 7) -> 0.0197286
 (2, 7) -> -0.0232119
 (3, 7) -> -0.00586504
 (4, 7) -> -0.0238206
 (5, 7) -> -0.0453486
 (6, 7) -> -0.00620775
 (7, 7) -> 0.0297288
 (8, 7) -> 0.00846345
 (9, 7) -> 0
 (10, 7) -> 0
 (11, 7) -> 0
 (12, 7) -> 0
 (13, 7) -> 0
 (14, 7) -> 0
 (15, 7) -> 0
 (16, 7) -> 0
 (17, 7) -> 0
 (0, 8) -> 0.0146983
 (1, 8) -> 0.0165484
 (2, 8) -> -0.0305533
 (3, 8) -> -0.00810231
 (4, 8) -> -0.0131876
 (5, 8) -> -0.0110405
 (6, 8) -> -0.00741033
 (7, 8) -> 0.00846345
 (8, 8) -> 0.00606647
 (9, 8) -> 0
 (10, 8) -> 0
 (11, 8) -> 0
 (12, 8) -> 0
 (13, 8) -> 0
 (14, 8) -> 0
 (15, 8) -> 0
 (16, 8) -> 0
 (17, 8) -> 0
 (0, 9) -> -0.00569163
 (1, 9) -> 0.127186
 (2, 9) -> -0.188178
 (3, 9) -> 0.0674273
 (4, 9) -> -0.0413563
 (5, 9) -> -0.0321265
 (6, 9) -> 0
 (7, 9) -> 0
 (8, 9) -> 0
 (9, 9) -> 0.0569126
 (10, 9) -> 0.00478191
 (11, 9) -> 0.00643274
 (12, 9) -> 0
 (13, 9) -> 0
 (14, 9) -> 0
 (15, 9) -> 0
 (16, 9) -> 0
 (17, 9) -> 0
 (0, 10) -> 0.150548
 (1, 10) -> 0.00530564
 (2, 10) -> -0.0186335
 (3, 10) -> 0.00728384
 (4, 10) -> -0.0295157
 (5, 10) -> 0.0382891
 (6, 10) -> 0
 (7, 10) -> 0
 (8, 10) -> 0
 (9, 10) -> 0.00478191
 (10, 10) -> 0.0323108
 (11, 10) -> 0.00975444
 (12, 10) -> 0
 (13, 10) -> 0
 (14, 10) -> 0
 (15, 10) -> 0
 (16, 10) -> 0
 (17, 10) -> 0
 (0, 11) -> 0.0233189
 (1, 11) -> -0.00265091
 (2, 11) -> -0.0295397
 (3, 11) -> 0.00890517
 (4, 11) -> -0.0143604
 (5, 11) -> 0.00831854
 (6, 11) -> 0
 (7, 11) -> 0
 (8, 11) -> 0
 (9, 11) -> 0.00643274
 (10, 11) -> 0.00975444
 (11, 11) -> 0.00606647
 (12, 11) -> 0
 (13, 11) -> 0
 (14, 11) -> 0
 (15, 11) -> 0
 (16, 11) -> 0
 (17, 11) -> 0
 (0, 12) -> -6.31447e-05
 (1, 12) -> -0.0163247
 (2, 12) -> 0.185964
 (3, 12) -> 0.0480921
 (4, 12) -> -0.0469803
 (5, 12) -> -0.00325103
 (6, 12) -> 0
 (7, 12) -> 0
 (8, 12) -> 0
 (9, 12) -> 0
 (10, 12) -> 0
 (11, 12) -> 0
 (12, 12) -> 0.035369
 (13, 12) -> 0.0093415
 (14, 12) -> -0.00790193
 (15, 12) -> 0
 (16, 12) -> 0
 (17, 12) -> 0
 (0, 13) -> 0.0781402
 (1, 13) -> -0.0309846
 (2, 13) -> 0.0627998
 (3, 13) -> 0.0134452
 (4, 13) -> -0.0211887
 (5, 13) -> -0.0302412
 (6, 13) -> 0
 (7, 13) -> 0
 (8, 13) -> 0
 (9, 13) -> 0
 (10, 13) -> 0
 (11, 13) -> 0
 (12, 13) -> 0.0093415
 (13, 13) -> 0.0153998
 (14, 13) -> 0.00129893
 (15, 13) -> 0
 (16, 13) -> 0
 (17, 13) -> 0
 (0, 14) -> 0.00782204
 (1, 14) -> 0.0183955
 (2, 14) -> -0.0319971
 (3, 14) -> -0.00967897
 (4, 14) -> 0.00583499
 (5, 14) -> 0.00098848
 (6, 14) -> 0
 (7, 14) -> 0
 (8, 14) -> 0
 (9, 14) -> 0
 (10, 14) -> 0
 (11, 14) -> 0
 (12, 14) -> -0.00790193
 (13, 14) -> 0.00129893
 (14, 14) -> 0.00606647
 (15, 14) -> 0
 (16, 14) -> 0
 (17, 14) -> 0
 (0, 15) -> -0.00245407
 (1, 15) -> 0.0665461
 (2, 15) -> -0.205267
 (3, 15) -> 0.0573051
 (4, 15) -> 0.0322043
 (5, 15) -> 0.00860014
 (6, 15) -> 0
 (7, 15) -> 0
 (8, 15) -> 0
 (9, 15) -> 0
 (10, 15) -> 0
 (11, 15) -> 0
 (12, 15) -> 0
 (13, 15) -> 0
 (14, 15) -> 0
 (15, 15) -> 0.0486483
 (16, 15) -> 0.0108693
 (17, 15) -> 0.0080123
 (0, 16) -> 0.133746
 (1, 16) -> -0.0119208
 (2, 16) -> -0.051219
 (3, 16) -> 0.0143265
 (4, 16) -> -0.00561273
 (5, 16) -> 0.0336844
 (6, 16) -> 0
 (7, 16) -> 0
 (8, 16) -> 0
 (9, 16) -> 0
 (10, 16) -> 0
 (11, 16) -> 0
 (12, 16) -> 0
 (13, 16) -> 0
 (14, 16) -> 0
 (15, 16) -> 0.0108693
 (16, 16) -> 0.028956
 (17, 16) -> 0.00807701
 (0, 17) -> 0.00683872
 (1, 17) -> -0.0123836
 (2, 17) -> -0.0349753
 (3, 17) -> 0.0102082
 (4, 17) -> 0.00085291
 (5, 17) -> 0.00169402
 (6, 17) -> 0
 (7, 17) -> 0
 (8, 17) -> 0
 (9, 17) -> 0
 (10, 17) -> 0
 (11, 17) -> 0
 (12, 17) -> 0
 (13, 17) -> 0
 (14, 17) -> 0
 (15, 17) -> 0.0080123
 (16, 17) -> 0.00807701
 (17, 17) -> 0.00606647
 (0, 18) -> -1
 (1, 18) -> -8.67362e-18
 (2, 18) -> 4.51028e-17
 (3, 18) -> 2.77556e-17
 (4, 18) -> 0.162635
 (5, 18) -> 0.361842
 (6, 18) -> 0.00890854
 (7, 18) -> -0.270507
 (8, 18) -> -0.091009
 (9, 18) -> -0
 (10, 18) -> -0
 (11, 18) -> -0
 (12, 18) -> -0
 (13, 18) -> -0
 (14, 18) -> -0
 (15, 18) -> -0
 (16, 18) -> -0
 (17, 18) -> -0
 (32, 18) -> 1
 (33, 18) -> -1
 (0, 19) -> 2.08167e-17
 (1, 19) -> -1
 (2, 19) -> 5.55112e-17
 (3, 19) -> -0.162635
 (4, 19) -> -5.55112e-17
 (5, 19) -> 0.431252
 (6, 19) -> -0.140439
 (7, 19) -> -0.106933
 (8, 19) -> -0.102463
 (9, 19) -> -0
 (10, 19) -> -0
 (11, 19) -> -0
 (12, 19) -> -0
 (13, 19) -> -0
 (14, 19) -> -0
 (15, 19) -> -0
 (16, 19) -> -0
 (17, 19) -> -0
 (34, 19) -> 1
 (35, 19) -> -1
 (0, 20) -> -3.46945e-18
 (1, 20) -> -0
 (2, 20) -> -1
 (3, 20) -> -0.361842
 (4, 20) -> -0.431252
 (5, 20) -> -5.55112e-17
 (6, 20) -> -0.327145
 (7, 20) -> 0.178857
 (8, 20) -> 0.189177
 (9, 20) -> -0
 (10, 20) -> -0
 (11, 20) -> -0
 (12, 20) -> -0
 (13, 20) -> -0
 (14, 20) -> -0
 (15, 20) -> -0
 (16, 20) -> -0
 (17, 20) -> -0
 (30, 20) -> -1
 (31, 20) -> 1
 (32, 20) -> -0.6
 (33, 20) -> -0.6
 (34, 20) -> -0.6
 (35, 20) -> -0.6
 (0, 21) -> -1
 (1, 21) -> -1.99493e-17
 (2, 21) -> -1.38778e-17
 (3, 21) -> -6.93889e-18
 (4, 21) -> 0.271741
 (5, 21) -> -0.34198
 (6, 21) -> -0
 (7, 21) -> -0
 (8, 21) -> -0
 (9, 21) -> 0.0137488
 (10, 21) -> -0.323231
 (11, 21) -> -0.144385
 (12, 21) -> -0
 (13, 21) -> -0
 (14, 21) -> -0
 (15, 21) -> -0
 (16, 21) -> -0
 (17, 21) -> -0
 (38, 21) -> 1
 (39, 21) -> -1
 (0, 22) -> 8.67362e-18
 (1, 22) -> -1
 (2, 22) -> -5.55112e-17
 (3, 22) -> -0.271741
 (4, 22) -> -2.77556e-17
 (5, 22) -> 0.361974
 (6, 22) -> -0
 (7, 22) -> -0
 (8, 22) -> -0
 (9, 22) -> -0.28946
 (10, 22) -> 0.00522892
 (11, 22) -> 0.0164135
 (12, 22) -> -0
 (13, 22) -> -0
 (14, 22) -> -0
 (15, 22) -> -0
 (16, 22) -> -0
 (17, 22) -> -0
 (40, 22) -> 1
 (41, 22) -> -1
 (0, 23) -> 5.20417e-17
 (1, 23) -> -5.55112e-17
 (2, 23) -> -1
 (3, 23) -> 0.34198
 (4, 23) -> -0.361974
 (5, 23) -> -0
 (6, 23) -> -0
 (7, 23) -> -0
 (8, 23) -> -0
 (9, 23) -> 0.266113
 (10, 23) -> 0.16757
 (11, 23) -> 0.1829
 (12, 23) -> -0
 (13, 23) -> -0
 (14, 23) -> -0
 (15, 23) -> -0
 (16, 23) -> -0
 (17, 23) -> -0
 (36, 23) -> -1
 (37, 23) -> 1
 (38, 23) -> -0.6
 (39, 23) -> -0.6
 (40, 23) -> -0.6
 (41, 23) -> -0.6
 (0, 24) -> -1
 (1, 24) -> -1.73472e-17
 (2, 24) -> -3.1225e-17
 (3, 24) -> -0
 (4, 24) -> 0.0384973
 (5, 24) -> 0.333642
 (6, 24) -> -0
 (7, 24) -> -0
 (8, 24) -> -0
 (9, 24) -> -0
 (10, 24) -> -0
 (11, 24) -> -0
 (12, 24) -> 0.00232309
 (13, 24) -> -0.14728
 (14, 24) -> -0.0484333
 (15, 24) -> -0
 (16, 24) -> -0
 (17, 24) -> -0
 (44, 24) -> 1
 (45, 24) -> -1
 (0, 25) -> -2.34188e-17
 (1, 25) -> -1
 (2, 25) -> 5.55112e-17
 (3, 25) -> -0.0384973
 (4, 25) -> -6.93889e-18
 (5, 25) -> -0.117823
 (6, 25) -> -0
 (7, 25) -> -0
 (8, 25) -> -0
 (9, 25) -> -0
 (10, 25) -> -0
 (11, 25) -> -0
 (12, 25) -> -0.0191597
 (13, 25) -> -0.044486
 (14, 25) -> -0.1139
 (15, 25) -> -0
 (16, 25) -> -0
 (17, 25) -> -0
 (46, 25) -> 1
 (47, 25) -> -1
 (0, 26) -> -2.42861e-17
 (1, 26) -> -0
 (2, 26) -> -1
 (3, 26) -> -0.333642
 (4, 26) -> 0.117823
 (5, 26) -> -2.08167e-17
 (6, 26) -> -0
 (7, 26) -> -0
 (8, 26) -> -0
 (9, 26) -> -0
 (10, 26) -> -0
 (11, 26) -> -0
 (12, 26) -> -0.270467
 (13, 26) -> 0.0648603
 (14, 26) -> 0.198116
 (15, 26) -> -0
 (16, 26) -> -0
 (17, 26) -> -0
 (42, 26) -> -1
 (43, 26) -> 1
 (44, 26) -> -0.6
 (45, 26) -> -0.6
 (46, 26) -> -0.6
 (47, 26) -> -0.6
 (0, 27) -> -1
 (1, 27) -> -3.46945e-18
 (2, 27) -> 1.38778e-17
 (3, 27) -> -8.67362e-19
 (4, 27) -> 0.105319
 (5, 27) -> -0.344917
 (6, 27) -> -0
 (7, 27) -> -0
 (8, 27) -> -0
 (9, 27) -> -0
 (10, 27) -> -0
 (11, 27) -> -0
 (12, 27) -> -0
 (13, 27) -> -0
 (14, 27) -> -0
 (15, 27) -> 0.00509106
 (16, 27) -> -0.220738
 (17, 27) -> -0.0423449
 (50, 27) -> 1
 (51, 27) -> -1
 (0, 28) -> -5.20417e-18
 (1, 28) -> -1
 (2, 28) -> -1.66533e-16
 (3, 28) -> -0.105319
 (4, 28) -> 1.73472e-18
 (5, 28) -> 0.027443
 (6, 28) -> -0
 (7, 28) -> -0
 (8, 28) -> -0
 (9, 28) -> -0
 (10, 28) -> -0
 (11, 28) -> -0
 (12, 28) -> -0
 (13, 28) -> -0
 (14, 28) -> -0
 (15, 28) -> -0.124904
 (16, 28) -> 0.0760249
 (17, 28) -> 0.0766754
 (52, 28) -> 1
 (53, 28) -> -1
 (0, 29) -> 1.04083e-17
 (1, 29) -> -1.11022e-16
 (2, 29) -> -1
 (3, 29) -> 0.344917
 (4, 29) -> -0.027443
 (5, 29) -> -6.93889e-18
 (6, 29) -> -0
 (7, 29) -> -0
 (8, 29) -> -0
 (9, 29) -> -0
 (10, 29) -> -0
 (11, 29) -> -0
 (12, 29) -> -0
 (13, 29) -> -0
 (14, 29) -> -0
 (15, 29) -> 0.28642
 (16, 29) -> 0.239391
 (17, 29) -> 0.216557
 (48, 29) -> -1
 (49, 29) -> 1
 (50, 29) -> -0.6
 (51, 29) -> -0.6
 (52, 29) -> -0.6
 (53, 29) -> -0.6
 (6, 30) -> -1
 (18, 30) -> 1
 (7, 31) -> -1
 (19, 31) -> 1
 (8, 32) -> -1
 (20, 32) -> 1
 (9, 33) -> -1
 (21, 33) -> 1
 (10, 34) -> -1
 (22, 34) -> 1
 (11, 35) -> -1
 (23, 35) -> 1
 (12, 36) -> -1
 (24, 36) -> 1
 (13, 37) -> -1
 (25, 37) -> 1
 (14, 38) -> -1
 (26, 38) -> 1
 (15, 39) -> -1
 (27, 39) -> 1
 (16, 40) -> -1
 (28, 40) -> 1
 (17, 41) -> -1
 (29, 41) -> 1
Input 3 (lba): [-1474.37, 1021.99, -857.985, 176.958, 60.4246, -147.744, -25.071, -62.504, 60.0003, 81.7125, -82.6691, 62.4999, -15.7676, -58.2257, 101.897, 6.43435, -69.1909, 60.2171, -100, -100, -100, -100, -100, -100, -100, -100, -100, -100, -100, -100, -inf, -inf, -inf, -inf, -inf, -inf, -inf, -inf, -inf, -inf, -inf, -inf, -inf, -inf, -inf, -inf, -inf, -inf, -inf, -inf, -inf, -inf, -inf, -inf]
Input 4 (uba): [-1474.37, 1021.99, -857.985, 176.958, 60.4246, -147.744, -25.071, -62.504, 60.0003, 81.7125, -82.6691, 62.4999, -15.7676, -58.2257, 101.897, 6.43435, -69.1909, 60.2171, 100, 100, 100, 100, 100, 100, 100, 100, 100, 100, 100, 100, 0, 400, 0, 0, 0, 0, 0, 0, 0, 0, 0, 0, 0, 0, 0, 0, 0, 0, 0, 400, 0, 0, 0, 0]
Input 5 (lbx): [-inf, -inf, -inf, -inf, -inf, -inf, -inf, -inf, -inf, -inf, -inf, -inf, -inf, -inf, -inf, -inf, -inf, -inf, -inf, -inf, -inf, -inf, -inf, -inf, -inf, -inf, -inf, -inf, -inf, -inf, -inf, -inf, -inf, -inf, -inf, -inf, -inf, -inf, -inf, -inf, -inf, -inf]
Input 6 (ubx): [inf, inf, inf, inf, inf, inf, inf, inf, inf, inf, inf, inf, inf, inf, inf, inf, inf, inf, inf, inf, inf, inf, inf, inf, inf, inf, inf, inf, inf, inf, inf, inf, inf, inf, inf, inf, inf, inf, inf, inf, inf, inf]
Input 7 (x0): [0, 0, 0, 0, 0, 0, 0, 0, 0, 0, 0, 0, 0, 0, 0, 0, 0, 0, 0, 0, 0, 0, 0, 0, 0, 0, 0, 0, 0, 0, 0, 0, 0, 0, 0, 0, 0, 0, 0, 0, 0, 0]
Input 8 (lam_x0): [0, 0, 0, 0, 0, 0, 0, 0, 0, 0, 0, 0, 0, 0, 0, 0, 0, 0, 0, 0, 0, 0, 0, 0, 0, 0, 0, 0, 0, 0, 0, 0, 0, 0, 0, 0, 0, 0, 0, 0, 0, 0]
Input 9 (lam_a0): [0, 0, 0, 0, 0, 0, 0, 0, 0, 0, 0, 0, 0, 0, 0, 0, 0, 0, 0, 0, 0, 0, 0, 0, 0, 0, 0, 0, 0, 0, 0, 0, 0, 0, 0, 0, 0, 0, 0, 0, 0, 0, 0, 0, 0, 0, 0, 0, 0, 0, 0, 0, 0, 0]
Input 10 (q): 0x42
Input 11 (p): 0x0
Function solver (0x16524590)
Input 0 (x0): [0, 0, 0, 0, 0, 0, 0, 0, 0, 0, 0, 0, 0, 0, 0, 0, 0, 0, 0, 0, 0, 0, 0, 0, 0, 0, 0, 0, 0, 0, 0, 0, 0, 0, 0, 0, 0, 0, 0, 0, 0, 0]
Input 1 (p): [10.246, 1.38778e-16, -5.55112e-17, 2.81893e-18, -0.227112, -0.00780371, -0.00362488, 0.142391, 0.0146983, -0.00569163, 0.150548, 0.0233189, -6.31447e-05, 0.0781402, 0.00782204, -0.00245407, 0.133746, 0.00683872, 2.77556e-17, 10.246, 8.88178e-16, 0.227112, -6.76542e-17, -0.0293828, 0.0492519, 0.0197286, 0.0165484, 0.127186, 0.00530564, -0.00265091, -0.0163247, -0.0309846, 0.0183955, 0.0665461, -0.0119208, -0.0123836, 0, 4.44089e-16, 10.246, 0.00780371, 0.0293828, 5.55112e-17, 0.2168, -0.0232119, -0.0305533, -0.188178, -0.0186335, -0.0295397, 0.185964, 0.0627998, -0.0319971, -0.205267, -0.051219, -0.0349753, 1.86483e-17, 0.227112, 0.00780371, 0.314431, -0.022467, -0.0400311, 0.0635021, -0.00586504, -0.00810231, 0.0674273, 0.00728384, 0.00890517, 0.0480921, 0.0134452, -0.00967897, 0.0573051, 0.0143265, 0.0102082, -0.227112, 5.0307e-17, 0.0293828, -0.022467, 0.403425, -0.0141178, 0.0573778, -0.0238206, -0.0131876, -0.0413563, -0.0295157, -0.0143604, -0.0469803, -0.0211887, 0.00583499, 0.0322043, -0.00561273, 0.00085291, -0.00780371, -0.0293828, -2.42861e-17, -0.0400311, -0.0141178, 0.639137, -0.0135508, -0.0453486, -0.0110405, -0.0321265, 0.0382891, 0.00831854, -0.00325103, -0.0302412, 0.00098848, 0.00860014, 0.0336844, 0.00169402, -0.00362488, 0.0492519, 0.2168, 0.0635021, 0.0573778, -0.0135508, 0.053075, -0.00620775, -0.00741033, 0, 0, 0, 0, 0, 0, 0, 0, 0, 0.142391, 0.0197286, -0.0232119, -0.00586504, -0.0238206, -0.0453486, -0.00620775, 0.0297288, 0.00846345, 0, 0, 0, 0, 0, 0, 0, 0, 0, 0.0146983, 0.0165484, -0.0305533, -0.00810231, -0.0131876, -0.0110405, -0.00741033, 0.00846345, 0.00606647, 0, 0, 0, 0, 0, 0, 0, 0, 0, -0.00569163, 0.127186, -0.188178, 0.0674273, -0.0413563, -0.0321265, 0, 0, 0, 0.0569126, 0.00478191, 0.00643274, 0, 0, 0, 0, 0, 0, 0.150548, 0.00530564, -0.0186335, 0.00728384, -0.0295157, 0.0382891, 0, 0, 0, 0.00478191, 0.0323108, 0.00975444, 0, 0, 0, 0, 0, 0, 0.0233189, -0.00265091, -0.0295397, 0.00890517, -0.0143604, 0.00831854, 0, 0, 0, 0.00643274, 0.00975444, 0.00606647, 0, 0, 0, 0, 0, 0, -6.31447e-05, -0.0163247, 0.185964, 0.0480921, -0.0469803, -0.00325103, 0, 0, 0, 0, 0, 0, 0.035369, 0.0093415, -0.00790193, 0, 0, 0, 0.0781402, -0.0309846, 0.0627998, 0.0134452, -0.0211887, -0.0302412, 0, 0, 0, 0, 0, 0, 0.0093415, 0.0153998, 0.00129893, 0, 0, 0, 0.00782204, 0.0183955, -0.0319971, -0.00967897, 0.00583499, 0.00098848, 0, 0, 0, 0, 0, 0, -0.00790193, 0.00129893, 0.00606647, 0, 0, 0, -0.00245407, 0.0665461, -0.205267, 0.0573051, 0.0322043, 0.00860014, 0, 0, 0, 0, 0, 0, 0, 0, 0, 0.0486483, 0.0108693, 0.0080123, 0.133746, -0.0119208, -0.051219, 0.0143265, -0.00561273, 0.0336844, 0, 0, 0, 0, 0, 0, 0, 0, 0, 0.0108693, 0.028956, 0.00807701, 0.00683872, -0.0123836, -0.0349753, 0.0102082, 0.00085291, 0.00169402, 0, 0, 0, 0, 0, 0, 0, 0, 0, 0.0080123, 0.00807701, 0.00606647, 1474.37, -1021.99, 857.985, -176.958, -60.4246, 147.744, -0.850299, 72.3718, -13.9271, -93.3405, 84.264, -2.0564, -11.3116, 24.0742, -26.0585, -2.34272, 90.0812, -16.9137, 1, -2.08167e-17, 3.46945e-18, 1, -8.67362e-18, -5.20417e-17, 1, 2.34188e-17, 2.42861e-17, 1, 5.20417e-18, -1.04083e-17, 8.67362e-18, 1, 0, 1.99493e-17, 1, 5.55112e-17, 1.73472e-17, 1, 0, 3.46945e-18, 1, 1.11022e-16, -4.51028e-17, -5.55112e-17, 1, 1.38778e-17, 5.55112e-17, 1, 3.1225e-17, -5.55112e-17, 1, -1.38778e-17, 1.66533e-16, 1, -2.77556e-17, 0.162635, 0.361842, 6.93889e-18, 0.271741, -0.34198, 0, 0.0384973, 0.333642, 8.67362e-19, 0.105319, -0.344917, -0.162635, 5.55112e-17, 0.431252, -0.271741, 2.77556e-17, 0.361974, -0.0384973, 6.93889e-18, -0.117823, -0.105319, -1.73472e-18, 0.027443, -0.361842, -0.431252, 5.55112e-17, 0.34198, -0.361974, 0, -0.333642, 0.117823, 2.08167e-17, 0.344917, -0.027443, 6.93889e-18, -0.00890854, 0.140439, 0.327145, 0, 0, 0, 0, 0, 0, 0, 0, 0, 0.270507, 0.106933, -0.178857, 0, 0, 0, 0, 0, 0, 0, 0, 0, 0.091009, 0.102463, -0.189177, 0, 0, 0, 0, 0, 0, 0, 0, 0, 0, 0, 0, -0.0137488, 0.28946, -0.266113, 0, 0, 0, 0, 0, 0, 0, 0, 0, 0.323231, -0.00522892, -0.16757, 0, 0, 0, 0, 0, 0, 0, 0, 0, 0.144385, -0.0164135, -0.1829, 0, 0, 0, 0, 0, 0, 0, 0, 0, 0, 0, 0, -0.00232309, 0.0191597, 0.270467, 0, 0, 0, 0, 0, 0, 0, 0, 0, 0.14728, 0.044486, -0.0648603, 0, 0, 0, 0, 0, 0, 0, 0, 0, 0.0484333, 0.1139, -0.198116, 0, 0, 0, 0, 0, 0, 0, 0, 0, 0, 0, 0, -0.00509106, 0.124904, -0.28642, 0, 0, 0, 0, 0, 0, 0, 0, 0, 0.220738, -0.0760249, -0.239391, 0, 0, 0, 0, 0, 0, 0, 0, 0, 0.0423449, -0.0766754, -0.216557, 2943.3, -2280.45, 677.084, 2832.37, 129.463, 2294.43, 1237.35, -2439.03, -257.749, 3747.07, 2252.11, 430.561, 0.991442, 0.871602, 4.15928, -19.757, 0.391245, 4.85401, 51.8426, -19.7356, -92.1465, 23.2559, -3.18973, -120.887, 54.1583, 68.3031, -151.676, -8.18326, -41.7806, -86.6069, 1, 0, 0, 1, -16.2423, -30.5457, 1331.53, 775.846, 59.0403, -238.232, 0, 0, 0, -110474, 58136.4, 559.571, -112388, 59737.3, -626.992, 0, 0, 0, -766.468, 303.345, 1304.14, -336.019, 70.5998, 1695.83, -800.674, -976.709, 2194.56, 115.089, 621.964, 1229.6, 0, 0, 50.2565, 0, 0, 0, 0, 0, 0, 0, 0, 50.2565, 100, 100, 100, 10000, 20, 1, 0.0001, 0.0001]
Input 2 (lbx): [-inf, -inf, -inf, -inf, -inf, -inf, -inf, -inf, -inf, -inf, -inf, -inf, -inf, -inf, -inf, -inf, -inf, -inf, -inf, -inf, -inf, -inf, -inf, -inf, -inf, -inf, -inf, -inf, -inf, -inf, -inf, -inf, -inf, -inf, -inf, -inf, -inf, -inf, -inf, -inf, -inf, -inf]
Input 3 (ubx): [inf, inf, inf, inf, inf, inf, inf, inf, inf, inf, inf, inf, inf, inf, inf, inf, inf, inf, inf, inf, inf, inf, inf, inf, inf, inf, inf, inf, inf, inf, inf, inf, inf, inf, inf, inf, inf, inf, inf, inf, inf, inf]
Input 4 (lbg): [0, 0, 0, 0, 0, 0, 0, 0, 0, 0, 0, 0, 0, 0, 0, 0, 0, 0, -100, -100, -100, -100, -100, -100, -100, -100, -100, -100, -100, -100, -inf, -inf, -inf, -inf, -inf, -inf, -inf, -inf, -inf, -inf, -inf, -inf, -inf, -inf, -inf, -inf, -inf, -inf, -inf, -inf, -inf, -inf, -inf, -inf]
Input 5 (ubg): [0, 0, 0, 0, 0, 0, 0, 0, 0, 0, 0, 0, 0, 0, 0, 0, 0, 0, 100, 100, 100, 100, 100, 100, 100, 100, 100, 100, 100, 100, 0, 0, 0, 0, 0, 0, 0, 0, 0, 0, 0, 0, 0, 0, 0, 0, 0, 0, 0, 0, 0, 0, 0, 0]
Input 6 (lam_x0): [0, 0, 0, 0, 0, 0, 0, 0, 0, 0, 0, 0, 0, 0, 0, 0, 0, 0, 0, 0, 0, 0, 0, 0, 0, 0, 0, 0, 0, 0, 0, 0, 0, 0, 0, 0, 0, 0, 0, 0, 0, 0]
Input 7 (lam_g0): [0, 0, 0, 0, 0, 0, 0, 0, 0, 0, 0, 0, 0, 0, 0, 0, 0, 0, 0, 0, 0, 0, 0, 0, 0, 0, 0, 0, 0, 0, 0, 0, 0, 0, 0, 0, 0, 0, 0, 0, 0, 0, 0, 0, 0, 0, 0, 0, 0, 0, 0, 0, 0, 0]
[wbc] QP failed, reusing last torques: Error in Function::call for 'wbc_qp' [MXFunction] at .../casadi/core/function.cpp:514:
Error in Function::operator() for 'solver' [MXFunction] at .../casadi/core/function.cpp:1736:
Error in Function::operator() for 'solver_qpsol' [QpoasesInterface] at .../casadi/core/function.cpp:1736:
.../casadi/core/conic.cpp:574: conic process failed. Set 'error_on_fail' option to false to ignore this error.
Function solver_qpsol (0x164e3700)
Input 0 (h): sparse: 42-by-42, 348 nnz
 (0, 0) -> 40600
 (1, 0) -> 5.94663e-13
 (2, 0) -> 6.26582e-13
 (3, 0) -> -2.43857e-13
 (4, 0) -> -2431.19
 (5, 0) -> -195.663
 (6, 0) -> -104.562
 (7, 0) -> 4296.75
 (8, 0) -> 707.318
 (9, 0) -> -2.91934
 (10, 0) -> 53.5087
 (11, 0) -> 17.666
 (12, 0) -> 0.530536
 (13, 0) -> 17.8772
 (14, 0) -> 2.12063
 (15, 0) -> -46.5736
 (16, 0) -> 3109.3
 (17, 0) -> -391.336
 (0, 1) -> 5.94663e-13
 (1, 1) -> 40600
 (2, 1) -> -1.16573e-12
 (3, 1) -> 2431.19
 (4, 1) -> -1.005e-12
 (5, 1) -> -10230.1
 (6, 1) -> 1453.24
 (7, 1) -> 2662.88
 (8, 1) -> 2429.67
 (9, 1) -> 47.9354
 (10, 1) -> -1.14717
 (11, 1) -> -3.59487
 (12, 1) -> -9.98433
 (13, 1) -> 8.80287
 (14, 1) -> 26.1473
 (15, 1) -> 913.926
 (16, 1) -> -2015.73
 (17, 1) -> -1878.49
 (0, 2) -> 6.26582e-13
 (1, 2) -> -1.16573e-12
 (2, 2) -> 40600
 (3, 2) -> 195.663
 (4, 2) -> 10230.1
 (5, 2) -> 3.17398e-13
 (6, 2) -> 6179.05
 (7, 2) -> -3930.92
 (8, 2) -> -3927.34
 (9, 2) -> -50.8008
 (10, 2) -> -41.3251
 (11, 2) -> -43.1016
 (12, 2) -> 47.8505
 (13, 2) -> -11.3699
 (14, 2) -> -38.6599
 (15, 2) -> -5336.52
 (16, 2) -> -5075.32
 (17, 2) -> -4259.78
 (0, 3) -> -2.43857e-13
 (1, 3) -> 2431.19
 (2, 3) -> 195.663
 (3, 3) -> 4836.25
 (4, 3) -> 2771.72
 (5, 3) -> -925.676
 (6, 3) -> 2217.35
 (7, 3) -> -1067.06
 (8, 3) -> -1088.19
 (9, 3) -> 27.5423
 (10, 3) -> 13.6146
 (11, 3) -> 13.6747
 (12, 3) -> 14.7993
 (13, 3) -> -3.69832
 (14, 3) -> -12.468
 (15, 3) -> 1762.72
 (16, 3) -> 1607.54
 (17, 3) -> 1344.77
 (0, 4) -> -2431.19
 (1, 4) -> -1.005e-12
 (2, 4) -> 10230.1
 (3, 4) -> 2771.72
 (4, 4) -> 4755.81
 (5, 4) -> 471.932
 (6, 4) -> 2866.23
 (7, 4) -> -2228.52
 (8, 4) -> -1883.12
 (9, 4) -> -19.5595
 (10, 4) -> -28.1487
 (11, 4) -> -21.0061
 (12, 4) -> -5.84061
 (13, 4) -> 1.89688
 (14, 4) -> 4.79089
 (15, 4) -> -247.097
 (16, 4) -> -310.327
 (17, 4) -> -188.781
 (0, 5) -> -195.663
 (1, 5) -> -10230.1
 (2, 5) -> 3.17398e-13
 (3, 5) -> -925.676
 (4, 5) -> 471.932
 (5, 5) -> 8982.89
 (6, 5) -> -636.582
 (7, 5) -> -2676.01
 (8, 5) -> -1360.98
 (9, 5) -> -20.039
 (10, 5) -> 18.41
 (11, 5) -> 7.35686
 (12, 5) -> -1.38277
 (13, 5) -> -4.34637
 (14, 5) -> 2.55636
 (15, 5) -> -57.7014
 (16, 5) -> 1108.08
 (17, 5) -> -40.2912
 (0, 6) -> -104.562
 (1, 6) -> 1453.24
 (2, 6) -> 6179.05
 (3, 6) -> 2217.35
 (4, 6) -> 2866.23
 (5, 6) -> -636.582
 (6, 6) -> 2017.17
 (7, 6) -> -1043.44
 (8, 6) -> -1040.51
 (9, 6) -> 0
 (10, 6) -> 0
 (11, 6) -> 0
 (12, 6) -> 0
 (13, 6) -> 0
 (14, 6) -> 0
 (15, 6) -> 0
 (16, 6) -> 0
 (17, 6) -> 0
 (0, 7) -> 4296.75
 (1, 7) -> 2662.88
 (2, 7) -> -3930.92
 (3, 7) -> -1067.06
 (4, 7) -> -2228.52
 (5, 7) -> -2676.01
 (6, 7) -> -1043.44
 (7, 7) -> 2052.25
 (8, 7) -> 1247.36
 (9, 7) -> 0
 (10, 7) -> 0
 (11, 7) -> 0
 (12, 7) -> 0
 (13, 7) -> 0
 (14, 7) -> 0
 (15, 7) -> 0
 (16, 7) -> 0
 (17, 7) -> 0
 (0, 8) -> 707.318
 (1, 8) -> 2429.67
 (2, 8) -> -3927.34
 (3, 8) -> -1088.19
 (4, 8) -> -1883.12
 (5, 8) -> -1360.98
 (6, 8) -> -1040.51
 (7, 8) -> 1247.36
 (8, 8) -> 1093.38
 (9, 8) -> 0
 (10, 8) -> 0
 (11, 8) -> 0
 (12, 8) -> 0
 (13, 8) -> 0
 (14, 8) -> 0
 (15, 8) -> 0
 (16, 8) -> 0
 (17, 8) -> 0
 (0, 9) -> -2.91934
 (1, 9) -> 47.9354
 (2, 9) -> -50.8008
 (3, 9) -> 27.5423
 (4, 9) -> -19.5595
 (5, 9) -> -20.039
 (6, 9) -> 0
 (7, 9) -> 0
 (8, 9) -> 0
 (9, 9) -> 26.4352
 (10, 9) -> 9.44074
 (11, 9) -> 9.82851
 (12, 9) -> 0
 (13, 9) -> 0
 (14, 9) -> 0
 (15, 9) -> 0
 (16, 9) -> 0
 (17, 9) -> 0
 (0, 10) -> 53.5087
 (1, 10) -> -1.14717
 (2, 10) -> -41.3251
 (3, 10) -> 13.6146
 (4, 10) -> -28.1487
 (5, 10) -> 18.41
 (6, 10) -> 0
 (7, 10) -> 0
 (8, 10) -> 0
 (9, 10) -> 9.44074
 (10, 10) -> 24.8613
 (11, 10) -> 13.6529
 (12, 10) -> 0
 (13, 10) -> 0
 (14, 10) -> 0
 (15, 10) -> 0
 (16, 10) -> 0
 (17, 10) -> 0
 (0, 11) -> 17.666
 (1, 11) -> -3.59487
 (2, 11) -> -43.1016
 (3, 11) -> 13.6747
 (4, 11) -> -21.0061
 (5, 11) -> 7.35686
 (6, 11) -> 0
 (7, 11) -> 0
 (8, 11) -> 0
 (9, 11) -> 9.82851
 (10, 11) -> 13.6529
 (11, 11) -> 12.9138
 (12, 11) -> 0
 (13, 11) -> 0
 (14, 11) -> 0
 (15, 11) -> 0
 (16, 11) -> 0
 (17, 11) -> 0
 (0, 12) -> 0.530536
 (1, 12) -> -9.98433
 (2, 12) -> 47.8505
 (3, 12) -> 14.7993
 (4, 12) -> -5.84061
 (5, 12) -> -1.38277
 (6, 12) -> 0
 (7, 12) -> 0
 (8, 12) -> 0
 (9, 12) -> 0
 (10, 12) -> 0
 (11, 12) -> 0
 (12, 12) -> 13.9482
 (13, 12) -> -3.1123
 (14, 12) -> -10.5492
 (15, 12) -> 0
 (16, 12) -> 0
 (17, 12) -> 0
 (0, 13) -> 17.8772
 (1, 13) -> 8.80287
 (2, 13) -> -11.3699
 (3, 13) -> -3.69832
 (4, 13) -> 1.89688
 (5, 13) -> -4.34637
 (6, 13) -> 0
 (7, 13) -> 0
 (8, 13) -> 0
 (9, 13) -> 0
 (10, 13) -> 0
 (11, 13) -> 0
 (12, 13) -> -3.1123
 (13, 13) -> 4.6318
 (14, 13) -> 3.5382
 (15, 13) -> 0
 (16, 13) -> 0
 (17, 13) -> 0
 (0, 14) -> 2.12063
 (1, 14) -> 26.1473
 (2, 14) -> -38.6599
 (3, 14) -> -12.468
 (4, 14) -> 4.79089
 (5, 14) -> 2.55636
 (6, 14) -> 0
 (7, 14) -> 0
 (8, 14) -> 0
 (9, 14) -> 0
 (10, 14) -> 0
 (11, 14) -> 0
 (12, 14) -> -10.5492
 (13, 14) -> 3.5382
 (14, 14) -> 12.9138
 (15, 14) -> 0
 (16, 14) -> 0
 (17, 14) -> 0
 (0, 15) -> -46.5736
 (1, 15) -> 913.926
 (2, 15) -> -5336.52
 (3, 15) -> 1762.72
 (4, 15) -> -247.097
 (5, 15) -> -57.7014
 (6, 15) -> 0
 (7, 15) -> 0
 (8, 15) -> 0
 (9, 15) -> 0
 (10, 15) -> 0
 (11, 15) -> 0
 (12, 15) -> 0
 (13, 15) -> 0
 (14, 15) -> 0
 (15, 15) -> 1467.79
 (16, 15) -> 1254.87
 (17, 15) -> 1051.69
 (0, 16) -> 3109.3
 (1, 16) -> -2015.73
 (2, 16) -> -5075.32
 (3, 16) -> 1607.54
 (4, 16) -> -310.327
 (5, 16) -> 1108.08
 (6, 16) -> 0
 (7, 16) -> 0
 (8, 16) -> 0
 (9, 16) -> 0
 (10, 16) -> 0
 (11, 16) -> 0
 (12, 16) -> 0
 (13, 16) -> 0
 (14, 16) -> 0
 (15, 16) -> 1254.87
 (16, 16) -> 1976.49
 (17, 16) -> 1209.47
 (0, 17) -> -391.336
 (1, 17) -> -1878.49
 (2, 17) -> -4259.78
 (3, 17) -> 1344.77
 (4, 17) -> -188.781
 (5, 17) -> -40.2912
 (6, 17) -> 0
 (7, 17) -> 0
 (8, 17) -> 0
 (9, 17) -> 0
 (10, 17) -> 0
 (11, 17) -> 0
 (12, 17) -> 0
 (13, 17) -> 0
 (14, 17) -> 0
 (15, 17) -> 1051.69
 (16, 17) -> 1209.47
 (17, 17) -> 1093.38
 (18, 18) -> 0.0002
 (19, 19) -> 0.0002
 (20, 20) -> 0.0002
 (21, 21) -> 0.0002
 (22, 22) -> 0.0002
 (23, 23) -> 0.0002
 (24, 24) -> 0.0002
 (25, 25) -> 0.0002
 (26, 26) -> 0.0002
 (27, 27) -> 0.0002
 (28, 28) -> 0.0002
 (29, 29) -> 0.0002
 (30, 30) -> 0.0002
 (31, 31) -> 0.0002
 (32, 32) -> 0.0002
 (33, 33) -> 0.0002
 (34, 34) -> 0.0002
 (35, 35) -> 0.0002
 (36, 36) -> 0.0002
 (37, 37) -> 0.0002
 (38, 38) -> 0.0002
 (39, 39) -> 0.0002
 (40, 40) -> 0.0002
 (41, 41) -> 0.0002
Input 1 (g): [1.85362e+08, -1.64607e+07, 1.64683e+07, -2.68447e+06, -5.70799e+06, 2.85851e+07, -293613, 5.3281e+06, -6.30677e+06, -2.46057e+06, 4.52956e+06, 1.55343e+06, 529522, 1.08892e+06, -1.0781e+06, 1.25099e+06, 6.58115e+06, -7.45052e+06, -0, -0, -0.0100513, -0, -0, -0, -0, -0, -0, -0, -0, -0.0100513, 0, 0, 0, 0, 0, 0, 0, 0, 0, 0, 0, 0]
Input 2 (a): sparse: 54-by-42, 604 nnz
 (0, 0) -> 10.246
 (1, 0) -> 1.52656e-16
 (2, 0) -> -5.55112e-17
 (3, 0) -> 8.23994e-18
 (4, 0) -> -0.142739
 (5, 0) -> 0.0044017
 (6, 0) -> -0.00215475
 (7, 0) -> 0.133386
 (8, 0) -> 0.00571156
 (9, 0) -> -0.00733359
 (10, 0) -> 0.141756
 (11, 0) -> 0.0142657
 (12, 0) -> 0.00273042
 (13, 0) -> 0.0577575
 (14, 0) -> 0.00171222
 (15, 0) -> -0.00222275
 (16, 0) -> 0.121355
 (17, 0) -> -0.00316042
 (0, 1) -> 1.66533e-16
 (1, 1) -> 10.246
 (2, 1) -> 4.44089e-16
 (3, 1) -> 0.142739
 (4, 1) -> -4.16334e-17
 (5, 1) -> -0.0562722
 (6, 1) -> 0.0270445
 (7, 1) -> 0.0279157
 (8, 1) -> 0.0196203
 (9, 1) -> 0.122293
 (10, 1) -> 0.00580335
 (11, 1) -> -0.002903
 (12, 1) -> -0.048939
 (13, 1) -> -0.0405783
 (14, 1) -> 0.0211147
 (15, 1) -> 0.0419398
 (16, 1) -> -0.0200508
 (17, 1) -> -0.0151694
 (0, 2) -> 0
 (1, 2) -> -4.44089e-16
 (2, 2) -> 10.246
 (3, 2) -> -0.0044017
 (4, 2) -> 0.0562722
 (5, 2) -> 3.46945e-17
 (6, 2) -> 0.215405
 (7, 2) -> -0.0318417
 (8, 2) -> -0.0317146
 (9, 2) -> -0.184536
 (10, 2) -> -0.0284871
 (11, 2) -> -0.034806
 (12, 2) -> 0.172071
 (13, 2) -> 0.0658499
 (14, 2) -> -0.0312191
 (15, 2) -> -0.203789
 (16, 2) -> -0.0634072
 (17, 2) -> -0.034399
 (0, 3) -> -1.04083e-17
 (1, 3) -> 0.142739
 (2, 3) -> -0.0044017
 (3, 3) -> 0.293469
 (4, 3) -> -0.0255756
 (5, 3) -> -0.0443023
 (6, 3) -> 0.0583766
 (7, 3) -> -0.00792976
 (8, 3) -> -0.00851474
 (9, 3) -> 0.0628712
 (10, 3) -> 0.0100183
 (11, 3) -> 0.0104749
 (12, 3) -> 0.0432199
 (13, 3) -> 0.0145442
 (14, 3) -> -0.00978693
 (15, 3) -> 0.0529625
 (16, 3) -> 0.0172843
 (17, 3) -> 0.010276
 (0, 4) -> -0.142739
 (1, 4) -> -4.85723e-17
 (2, 4) -> 0.0562722
 (3, 4) -> -0.0255756
 (4, 4) -> 0.406097
 (5, 4) -> -0.0173762
 (6, 4) -> 0.0596195
 (7, 4) -> -0.0224164
 (8, 4) -> -0.0128762
 (9, 4) -> -0.0419073
 (10, 4) -> -0.0290067
 (11, 4) -> -0.0142801
 (12, 4) -> -0.0444351
 (13, 4) -> -0.0199612
 (14, 4) -> 0.00615264
 (15, 4) -> 0.0299129
 (16, 4) -> -2.62968e-05
 (17, 4) -> 0.000982032
 (0, 5) -> 0.0044017
 (1, 5) -> -0.0562722
 (2, 5) -> -2.42861e-17
 (3, 5) -> -0.0443023
 (4, 5) -> -0.0173762
 (5, 5) -> 0.638652
 (6, 5) -> -0.00804142
 (7, 5) -> -0.0445433
 (8, 5) -> -0.00949934
 (9, 5) -> -0.0320605
 (10, 5) -> 0.0349882
 (11, 5) -> 0.00548432
 (12, 5) -> -0.0122689
 (13, 5) -> -0.0270206
 (14, 5) -> 0.00362451
 (15, 5) -> 0.00515527
 (16, 5) -> 0.0288753
 (17, 5) -> -0.00137717
 (0, 6) -> -0.00215475
 (1, 6) -> 0.0270445
 (2, 6) -> 0.215405
 (3, 6) -> 0.0583766
 (4, 6) -> 0.0596195
 (5, 6) -> -0.00804142
 (6, 6) -> 0.0493781
 (7, 6) -> -0.00805352
 (8, 6) -> -0.00798042
 (9, 6) -> 0
 (10, 6) -> 0
 (11, 6) -> 0
 (12, 6) -> 0
 (13, 6) -> 0
 (14, 6) -> 0
 (15, 6) -> 0
 (16, 6) -> 0
 (17, 6) -> 0
 (0, 7) -> 0.133386
 (1, 7) -> 0.0279157
 (2, 7) -> -0.0318417
 (3, 7) -> -0.00792976
 (4, 7) -> -0.0224164
 (5, 7) -> -0.0445433
 (6, 7) -> -0.00805352
 (7, 7) -> 0.0274539
 (8, 7) -> 0.00732598
 (9, 7) -> 0
 (10, 7) -> 0
 (11, 7) -> 0
 (12, 7) -> 0
 (13, 7) -> 0
 (14, 7) -> 0
 (15, 7) -> 0
 (16, 7) -> 0
 (17, 7) -> 0
 (0, 8) -> 0.00571156
 (1, 8) -> 0.0196203
 (2, 8) -> -0.0317146
 (3, 8) -> -0.00851474
 (4, 8) -> -0.0128762
 (5, 8) -> -0.00949934
 (6, 8) -> -0.00798042
 (7, 8) -> 0.00732598
 (8, 8) -> 0.00606647
 (9, 8) -> 0
 (10, 8) -> 0
 (11, 8) -> 0
 (12, 8) -> 0
 (13, 8) -> 0
 (14, 8) -> 0
 (15, 8) -> 0
 (16, 8) -> 0
 (17, 8) -> 0
 (0, 9) -> -0.00733359
 (1, 9) -> 0.122293
 (2, 9) -> -0.184536
 (3, 9) -> 0.0628712
 (4, 9) -> -0.0419073
 (5, 9) -> -0.0320605
 (6, 9) -> 0
 (7, 9) -> 0
 (8, 9) -> 0
 (9, 9) -> 0.0524358
 (10, 9) -> 0.0065686
 (11, 9) -> 0.00753816
 (12, 9) -> 0
 (13, 9) -> 0
 (14, 9) -> 0
 (15, 9) -> 0
 (16, 9) -> 0
 (17, 9) -> 0
 (0, 10) -> 0.141756
 (1, 10) -> 0.00580335
 (2, 10) -> -0.0284871
 (3, 10) -> 0.0100183
 (4, 10) -> -0.0290067
 (5, 10) -> 0.0349882
 (6, 10) -> 0
 (7, 10) -> 0
 (8, 10) -> 0
 (9, 10) -> 0.0065686
 (10, 10) -> 0.0293587
 (11, 10) -> 0.00827836
 (12, 10) -> 0
 (13, 10) -> 0
 (14, 10) -> 0
 (15, 10) -> 0
 (16, 10) -> 0
 (17, 10) -> 0
 (0, 11) -> 0.0142657
 (1, 11) -> -0.002903
 (2, 11) -> -0.034806
 (3, 11) -> 0.0104749
 (4, 11) -> -0.0142801
 (5, 11) -> 0.00548432
 (6, 11) -> 0
 (7, 11) -> 0
 (8, 11) -> 0
 (9, 11) -> 0.00753816
 (10, 11) -> 0.00827836
 (11, 11) -> 0.00606647
 (12, 11) -> 0
 (13, 11) -> 0
 (14, 11) -> 0
 (15, 11) -> 0
 (16, 11) -> 0
 (17, 11) -> 0
 (0, 12) -> 0.00273042
 (1, 12) -> -0.048939
 (2, 12) -> 0.172071
 (3, 12) -> 0.0432199
 (4, 12) -> -0.0444351
 (5, 12) -> -0.0122689
 (6, 12) -> 0
 (7, 12) -> 0
 (8, 12) -> 0
 (9, 12) -> 0
 (10, 12) -> 0
 (11, 12) -> 0
 (12, 12) -> 0.0317838
 (13, 12) -> 0.010504
 (14, 12) -> -0.00809086
 (15, 12) -> 0
 (16, 12) -> 0
 (17, 12) -> 0
 (0, 13) -> 0.0577575
 (1, 13) -> -0.0405783
 (2, 13) -> 0.0658499
 (3, 13) -> 0.0145442
 (4, 13) -> -0.0199612
 (5, 13) -> -0.0270206
 (6, 13) -> 0
 (7, 13) -> 0
 (8, 13) -> 0
 (9, 13) -> 0
 (10, 13) -> 0
 (11, 13) -> 0
 (12, 13) -> 0.010504
 (13, 13) -> 0.0130227
 (14, 13) -> 0.000110408
 (15, 13) -> 0
 (16, 13) -> 0
 (17, 13) -> 0
 (0, 14) -> 0.00171222
 (1, 14) -> 0.0211147
 (2, 14) -> -0.0312191
 (3, 14) -> -0.00978693
 (4, 14) -> 0.00615264
 (5, 14) -> 0.00362451
 (6, 14) -> 0
 (7, 14) -> 0
 (8, 14) -> 0
 (9, 14) -> 0
 (10, 14) -> 0
 (11, 14) -> 0
 (12, 14) -> -0.00809086
 (13, 14) -> 0.000110408
 (14, 14) -> 0.00606647
 (15, 14) -> 0
 (16, 14) -> 0
 (17, 14) -> 0
 (0, 15) -> -0.00222275
 (1, 15) -> 0.0419398
 (2, 15) -> -0.203789
 (3, 15) -> 0.0529625
 (4, 15) -> 0.0299129
 (5, 15) -> 0.00515527
 (6, 15) -> 0
 (7, 15) -> 0
 (8, 15) -> 0
 (9, 15) -> 0
 (10, 15) -> 0
 (11, 15) -> 0
 (12, 15) -> 0
 (13, 15) -> 0
 (14, 15) -> 0
 (15, 15) -> 0.0443007
 (16, 15) -> 0.0131465
 (17, 15) -> 0.00806612
 (0, 16) -> 0.121355
 (1, 16) -> -0.0200508
 (2, 16) -> -0.0634072
 (3, 16) -> 0.0172843
 (4, 16) -> -2.62968e-05
 (5, 16) -> 0.0288753
 (6, 16) -> 0
 (7, 16) -> 0
 (8, 16) -> 0
 (9, 16) -> 0
 (10, 16) -> 0
 (11, 16) -> 0
 (12, 16) -> 0
 (13, 16) -> 0
 (14, 16) -> 0
 (15, 16) -> 0.0131465
 (16, 16) -> 0.0268421
 (17, 16) -> 0.00702006
 (0, 17) -> -0.00316042
 (1, 17) -> -0.0151694
 (2, 17) -> -0.034399
 (3, 17) -> 0.010276
 (4, 17) -> 0.000982032
 (5, 17) -> -0.00137717
 (6, 17) -> 0
 (7, 17) -> 0
 (8, 17) -> 0
 (9, 17) -> 0
 (10, 17) -> 0
 (11, 17) -> 0
 (12, 17) -> 0
 (13, 17) -> 0
 (14, 17) -> 0
 (15, 17) -> 0.00806612
 (16, 17) -> 0.00702006
 (17, 17) -> 0.00606647
 (0, 18) -> -1
 (1, 18) -> -3.46945e-18
 (2, 18) -> -0
 (3, 18) -> -0
 (4, 18) -> 0.0957671
 (5, 18) -> 0.336327
 (6, 18) -> 0.00522809
 (7, 18) -> -0.214837
 (8, 18) -> -0.0353659
 (9, 18) -> -0
 (10, 18) -> -0
 (11, 18) -> -0
 (12, 18) -> -0
 (13, 18) -> -0
 (14, 18) -> -0
 (15, 18) -> -0
 (16, 18) -> -0
 (17, 18) -> -0
 (32, 18) -> 1
 (33, 18) -> -1
 (0, 19) -> -1.73472e-17
 (1, 19) -> -1
 (2, 19) -> -0
 (3, 19) -> -0.0957671
 (4, 19) -> 2.77556e-17
 (5, 19) -> 0.462242
 (6, 19) -> -0.0726621
 (7, 19) -> -0.133144
 (8, 19) -> -0.121483
 (9, 19) -> -0
 (10, 19) -> -0
 (11, 19) -> -0
 (12, 19) -> -0
 (13, 19) -> -0
 (14, 19) -> -0
 (15, 19) -> -0
 (16, 19) -> -0
 (17, 19) -> -0
 (34, 19) -> 1
 (35, 19) -> -1
 (0, 20) -> -3.46945e-18
 (1, 20) -> 5.55112e-17
 (2, 20) -> -1
 (3, 20) -> -0.336327
 (4, 20) -> -0.462242
 (5, 20) -> -0
 (6, 20) -> -0.308952
 (7, 20) -> 0.196546
 (8, 20) -> 0.196367
 (9, 20) -> -0
 (10, 20) -> -0
 (11, 20) -> -0
 (12, 20) -> -0
 (13, 20) -> -0
 (14, 20) -> -0
 (15, 20) -> -0
 (16, 20) -> -0
 (17, 20) -> -0
 (30, 20) -> -1
 (31, 20) -> 1
 (32, 20) -> -0.6
 (33, 20) -> -0.6
 (34, 20) -> -0.6
 (35, 20) -> -0.6
 (0, 21) -> -1
 (1, 21) -> -1.73472e-18
 (2, 21) -> 6.93889e-18
 (3, 21) -> -2.60209e-18
 (4, 21) -> 0.218982
 (5, 21) -> -0.335531
 (6, 21) -> -0
 (7, 21) -> -0
 (8, 21) -> -0
 (9, 21) -> 0.0145967
 (10, 21) -> -0.267543
 (11, 21) -> -0.0883302
 (12, 21) -> -0
 (13, 21) -> -0
 (14, 21) -> -0
 (15, 21) -> -0
 (16, 21) -> -0
 (17, 21) -> -0
 (38, 21) -> 1
 (39, 21) -> -1
 (0, 22) -> 5.20417e-18
 (1, 22) -> -1
 (2, 22) -> -5.55112e-17
 (3, 22) -> -0.218982
 (4, 22) -> -2.77556e-17
 (5, 22) -> 0.397608
 (6, 22) -> -0
 (7, 22) -> -0
 (8, 22) -> -0
 (9, 22) -> -0.239677
 (10, 22) -> 0.00573584
 (11, 22) -> 0.0179744
 (12, 22) -> -0
 (13, 22) -> -0
 (14, 22) -> -0
 (15, 22) -> -0
 (16, 22) -> -0
 (17, 22) -> -0
 (40, 22) -> 1
 (41, 22) -> -1
 (0, 23) -> -3.81639e-17
 (1, 23) -> -0
 (2, 23) -> -1
 (3, 23) -> 0.335531
 (4, 23) -> -0.397608
 (5, 23) -> -0
 (6, 23) -> -0
 (7, 23) -> -0
 (8, 23) -> -0
 (9, 23) -> 0.254004
 (10, 23) -> 0.206625
 (11, 23) -> 0.215508
 (12, 23) -> -0
 (13, 23) -> -0
 (14, 23) -> -0
 (15, 23) -> -0
 (16, 23) -> -0
 (17, 23) -> -0
 (36, 23) -> -1
 (37, 23) -> 1
 (38, 23) -> -0.6
 (39, 23) -> -0.6
 (40, 23) -> -0.6
 (41, 23) -> -0.6
 (0, 24) -> -1
 (1, 24) -> -2.25514e-17
 (2, 24) -> 1.38778e-17
 (3, 24) -> -3.46945e-18
 (4, 24) -> -0.0282768
 (5, 24) -> 0.303381
 (6, 24) -> -0
 (7, 24) -> -0
 (8, 24) -> -0
 (9, 24) -> -0
 (10, 24) -> -0
 (11, 24) -> -0
 (12, 24) -> -0.00265268
 (13, 24) -> -0.089386
 (14, 24) -> -0.0106032
 (15, 24) -> -0
 (16, 24) -> -0
 (17, 24) -> -0
 (44, 24) -> 1
 (45, 24) -> -1
 (0, 25) -> -5.20417e-18
 (1, 25) -> -1
 (2, 25) -> 1.66533e-16
 (3, 25) -> 0.0282768
 (4, 25) -> -0
 (5, 25) -> -0.122373
 (6, 25) -> -0
 (7, 25) -> -0
 (8, 25) -> -0
 (9, 25) -> -0
 (10, 25) -> -0
 (11, 25) -> -0
 (12, 25) -> 0.0499216
 (13, 25) -> -0.0440143
 (14, 25) -> -0.130736
 (15, 25) -> -0
 (16, 25) -> -0
 (17, 25) -> -0
 (46, 25) -> 1
 (47, 25) -> -1
 (0, 26) -> 6.93889e-18
 (1, 26) -> 1.66533e-16
 (2, 26) -> -1
 (3, 26) -> -0.303381
 (4, 26) -> 0.122373
 (5, 26) -> -2.08167e-17
 (6, 26) -> -0
 (7, 26) -> -0
 (8, 26) -> -0
 (9, 26) -> -0
 (10, 26) -> -0
 (11, 26) -> -0
 (12, 26) -> -0.239252
 (13, 26) -> 0.0568494
 (14, 26) -> 0.193299
 (15, 26) -> -0
 (16, 26) -> -0
 (17, 26) -> -0
 (42, 26) -> -1
 (43, 26) -> 1
 (44, 26) -> -0.6
 (45, 26) -> -0.6
 (46, 26) -> -0.6
 (47, 26) -> -0.6
 (0, 27) -> -1
 (1, 27) -> -1.9082e-17
 (2, 27) -> -1.73472e-17
 (3, 27) -> 1.12757e-17
 (4, 27) -> 0.0238853
 (5, 27) -> -0.326222
 (6, 27) -> -0
 (7, 27) -> -0
 (8, 27) -> -0
 (9, 27) -> -0
 (10, 27) -> -0
 (11, 27) -> -0
 (12, 27) -> -0
 (13, 27) -> -0
 (14, 27) -> -0
 (15, 27) -> 0.00232868
 (16, 27) -> -0.155465
 (17, 27) -> 0.0195668
 (50, 27) -> 1
 (51, 27) -> -1
 (0, 28) -> 1.04083e-17
 (1, 28) -> -1
 (2, 28) -> -0
 (3, 28) -> -0.0238853
 (4, 28) -> -3.46945e-18
 (5, 28) -> 0.0465115
 (6, 28) -> -0
 (7, 28) -> -0
 (8, 28) -> -0
 (9, 28) -> -0
 (10, 28) -> -0
 (11, 28) -> -0
 (12, 28) -> -0
 (13, 28) -> -0
 (14, 28) -> -0
 (15, 28) -> -0.0456963
 (16, 28) -> 0.100786
 (17, 28) -> 0.0939246
 (52, 28) -> 1
 (53, 28) -> -1
 (0, 29) -> -1.04083e-17
 (1, 29) -> -0
 (2, 29) -> -1
 (3, 29) -> 0.326222
 (4, 29) -> -0.0465115
 (5, 29) -> -1.04083e-17
 (6, 29) -> -0
 (7, 29) -> -0
 (8, 29) -> -0
 (9, 29) -> -0
 (10, 29) -> -0
 (11, 29) -> -0
 (12, 29) -> -0
 (13, 29) -> -0
 (14, 29) -> -0
 (15, 29) -> 0.266826
 (16, 29) -> 0.253766
 (17, 29) -> 0.212989
 (48, 29) -> -1
 (49, 29) -> 1
 (50, 29) -> -0.6
 (51, 29) -> -0.6
 (52, 29) -> -0.6
 (53, 29) -> -0.6
 (6, 30) -> -1
 (18, 30) -> 1
 (7, 31) -> -1
 (19, 31) -> 1
 (8, 32) -> -1
 (20, 32) -> 1
 (9, 33) -> -1
 (21, 33) -> 1
 (10, 34) -> -1
 (22, 34) -> 1
 (11, 35) -> -1
 (23, 35) -> 1
 (12, 36) -> -1
 (24, 36) -> 1
 (13, 37) -> -1
 (25, 37) -> 1
 (14, 38) -> -1
 (26, 38) -> 1
 (15, 39) -> -1
 (27, 39) -> 1
 (16, 40) -> -1
 (28, 40) -> 1
 (17, 41) -> -1
 (29, 41) -> 1
Input 3 (lba): [-1873.83, 1166.34, -343.044, 212.204, 3.99914, -244.126, -15.2489, -66.6661, 63.0545, 82.8802, -106.271, 65.6312, -11.2664, -51.421, 92.5126, -6.54178, -67.0097, 65.9607, -100, -100, -100, -100, -100, -100, -100, -100, -100, -100, -100, -100, -inf, -inf, -inf, -inf, -inf, -inf, -inf, -inf, -inf, -inf, -inf, -inf, -inf, -inf, -inf, -inf, -inf, -inf, -inf, -inf, -inf, -inf, -inf, -inf]
Input 4 (uba): [-1873.83, 1166.34, -343.044, 212.204, 3.99914, -244.126, -15.2489, -66.6661, 63.0545, 82.8802, -106.271, 65.6312, -11.2664, -51.421, 92.5126, -6.54178, -67.0097, 65.9607, 100, 100, 100, 100, 100, 100, 100, 100, 100, 100, 100, 100, 0, 400, 0, 0, 0, 0, 0, 0, 0, 0, 0, 0, 0, 0, 0, 0, 0, 0, 0, 400, 0, 0, 0, 0]
Input 5 (lbx): [-inf, -inf, -inf, -inf, -inf, -inf, -inf, -inf, -inf, -inf, -inf, -inf, -inf, -inf, -inf, -inf, -inf, -inf, -inf, -inf, -inf, -inf, -inf, -inf, -inf, -inf, -inf, -inf, -inf, -inf, -inf, -inf, -inf, -inf, -inf, -inf, -inf, -inf, -inf, -inf, -inf, -inf]
Input 6 (ubx): [inf, inf, inf, inf, inf, inf, inf, inf, inf, inf, inf, inf, inf, inf, inf, inf, inf, inf, inf, inf, inf, inf, inf, inf, inf, inf, inf, inf, inf, inf, inf, inf, inf, inf, inf, inf, inf, inf, inf, inf, inf, inf]
Input 7 (x0): [0, 0, 0, 0, 0, 0, 0, 0, 0, 0, 0, 0, 0, 0, 0, 0, 0, 0, 0, 0, 0, 0, 0, 0, 0, 0, 0, 0, 0, 0, 0, 0, 0, 0, 0, 0, 0, 0, 0, 0, 0, 0]
Input 8 (lam_x0): [0, 0, 0, 0, 0, 0, 0, 0, 0, 0, 0, 0, 0, 0, 0, 0, 0, 0, 0, 0, 0, 0, 0, 0, 0, 0, 0, 0, 0, 0, 0, 0, 0, 0, 0, 0, 0, 0, 0, 0, 0, 0]
Input 9 (lam_a0): [0, 0, 0, 0, 0, 0, 0, 0, 0, 0, 0, 0, 0, 0, 0, 0, 0, 0, 0, 0, 0, 0, 0, 0, 0, 0, 0, 0, 0, 0, 0, 0, 0, 0, 0, 0, 0, 0, 0, 0, 0, 0, 0, 0, 0, 0, 0, 0, 0, 0, 0, 0, 0, 0]
Input 10 (q): 0x42
Input 11 (p): 0x0
Function solver (0x16524590)
Input 0 (x0): [0, 0, 0, 0, 0, 0, 0, 0, 0, 0, 0, 0, 0, 0, 0, 0, 0, 0, 0, 0, 0, 0, 0, 0, 0, 0, 0, 0, 0, 0, 0, 0, 0, 0, 0, 0, 0, 0, 0, 0, 0, 0]
Input 1 (p): [10.246, 1.52656e-16, -5.55112e-17, 8.23994e-18, -0.142739, 0.0044017, -0.00215475, 0.133386, 0.00571156, -0.00733359, 0.141756, 0.0142657, 0.00273042, 0.0577575, 0.00171222, -0.00222275, 0.121355, -0.00316042, 1.66533e-16, 10.246, 4.44089e-16, 0.142739, -4.16334e-17, -0.0562722, 0.0270445, 0.0279157, 0.0196203, 0.122293, 0.00580335, -0.002903, -0.048939, -0.0405783, 0.0211147, 0.0419398, -0.0200508, -0.0151694, 0, -4.44089e-16, 10.246, -0.0044017, 0.0562722, 3.46945e-17, 0.215405, -0.0318417, -0.0317146, -0.184536, -0.0284871, -0.034806, 0.172071, 0.0658499, -0.0312191, -0.203789, -0.0634072, -0.034399, -1.04083e-17, 0.142739, -0.0044017, 0.293469, -0.0255756, -0.0443023, 0.0583766, -0.00792976, -0.00851474, 0.0628712, 0.0100183, 0.0104749, 0.0432199, 0.0145442, -0.00978693, 0.0529625, 0.0172843, 0.010276, -0.142739, -4.85723e-17, 0.0562722, -0.0255756, 0.406097, -0.0173762, 0.0596195, -0.0224164, -0.0128762, -0.0419073, -0.0290067, -0.0142801, -0.0444351, -0.0199612, 0.00615264, 0.0299129, -2.62968e-05, 0.000982032, 0.0044017, -0.0562722, -2.42861e-17, -0.0443023, -0.0173762, 0.638652, -0.00804142, -0.0445433, -0.00949934, -0.0320605, 0.0349882, 0.00548432, -0.0122689, -0.0270206, 0.00362451, 0.00515527, 0.0288753, -0.00137717, -0.00215475, 0.0270445, 0.215405, 0.0583766, 0.0596195, -0.00804142, 0.0493781, -0.00805352, -0.00798042, 0, 0, 0, 0, 0, 0, 0, 0, 0, 0.133386, 0.0279157, -0.0318417, -0.00792976, -0.0224164, -0.0445433, -0.00805352, 0.0274539, 0.00732598, 0, 0, 0, 0, 0, 0, 0, 0, 0, 0.00571156, 0.0196203, -0.0317146, -0.00851474, -0.0128762, -0.00949934, -0.00798042, 0.00732598, 0.00606647, 0, 0, 0, 0, 0, 0, 0, 0, 0, -0.00733359, 0.122293, -0.184536, 0.0628712, -0.0419073, -0.0320605, 0, 0, 0, 0.0524358, 0.0065686, 0.00753816, 0, 0, 0, 0, 0, 0, 0.141756, 0.00580335, -0.0284871, 0.0100183, -0.0290067, 0.0349882, 0, 0, 0, 0.0065686, 0.0293587, 0.00827836, 0, 0, 0, 0, 0, 0, 0.0142657, -0.002903, -0.034806, 0.0104749, -0.0142801, 0.00548432, 0, 0, 0, 0.00753816, 0.00827836, 0.00606647, 0, 0, 0, 0, 0, 0, 0.00273042, -0.048939, 0.172071, 0.0432199, -0.0444351, -0.0122689, 0, 0, 0, 0, 0, 0, 0.0317838, 0.010504, -0.00809086, 0, 0, 0, 0.0577575, -0.0405783, 0.0658499, 0.0145442, -0.0199612, -0.0270206, 0, 0, 0, 0, 0, 0, 0.010504, 0.0130227, 0.000110408, 0, 0, 0, 0.00171222, 0.0211147, -0.0312191, -0.00978693, 0.00615264, 0.00362451, 0, 0, 0, 0, 0, 0, -0.00809086, 0.000110408, 0.00606647, 0, 0, 0, -0.00222275, 0.0419398, -0.203789, 0.0529625, 0.0299129, 0.00515527, 0, 0, 0, 0, 0, 0, 0, 0, 0, 0.0443007, 0.0131465, 0.00806612, 0.121355, -0.0200508, -0.0634072, 0.0172843, -2.62968e-05, 0.0288753, 0, 0, 0, 0, 0, 0, 0, 0, 0, 0.0131465, 0.0268421, 0.00702006, -0.00316042, -0.0151694, -0.034399, 0.010276, 0.000982032, -0.00137717, 0, 0, 0, 0, 0, 0, 0, 0, 0, 0.00806612, 0.00702006, 0.00606647, 1873.83, -1166.34, 343.044, -212.204, -3.99914, 244.126, -11.4493, 82.3303, -19.4679, -97.4447, 114.65, -4.9873, -18.1485, 16.2216, -19.4785, 12.5023, 94.8446, -26.006, 1, 1.73472e-17, 3.46945e-18, 1, -5.20417e-18, 3.81639e-17, 1, 5.20417e-18, -6.93889e-18, 1, -1.04083e-17, 1.04083e-17, 3.46945e-18, 1, -5.55112e-17, 1.73472e-18, 1, 0, 2.25514e-17, 1, -1.66533e-16, 1.9082e-17, 1, 0, 0, 0, 1, -6.93889e-18, 5.55112e-17, 1, -1.38778e-17, -1.66533e-16, 1, 1.73472e-17, 0, 1, 0, 0.0957671, 0.336327, 2.60209e-18, 0.218982, -0.335531, 3.46945e-18, -0.0282768, 0.303381, -1.12757e-17, 0.0238853, -0.326222, -0.0957671, -2.77556e-17, 0.462242, -0.218982, 2.77556e-17, 0.397608, 0.0282768, 0, -0.122373, -0.0238853, 3.46945e-18, 0.0465115, -0.336327, -0.462242, 0, 0.335531, -0.397608, 0, -0.303381, 0.122373, 2.08167e-17, 0.326222, -0.0465115, 1.04083e-17, -0.00522809, 0.0726621, 0.308952, 0, 0, 0, 0, 0, 0, 0, 0, 0, 0.214837, 0.133144, -0.196546, 0, 0, 0, 0, 0, 0, 0, 0, 0, 0.0353659, 0.121483, -0.196367, 0, 0, 0, 0, 0, 0, 0, 0, 0, 0, 0, 0, -0.0145967, 0.239677, -0.254004, 0, 0, 0, 0, 0, 0, 0, 0, 0, 0.267543, -0.00573584, -0.206625, 0, 0, 0, 0, 0, 0, 0, 0, 0, 0.0883302, -0.0179744, -0.215508, 0, 0, 0, 0, 0, 0, 0, 0, 0, 0, 0, 0, 0.00265268, -0.0499216, 0.239252, 0, 0, 0, 0, 0, 0, 0, 0, 0, 0.089386, 0.0440143, -0.0568494, 0, 0, 0, 0, 0, 0, 0, 0, 0, 0.0106032, 0.130736, -0.193299, 0, 0, 0, 0, 0, 0, 0, 0, 0, 0, 0, 0, -0.00232868, 0.0456963, -0.266826, 0, 0, 0, 0, 0, 0, 0, 0, 0, 0.155465, -0.100786, -0.253766, 0, 0, 0, 0, 0, 0, 0, 0, 0, -0.0195668, -0.0939246, -0.212989, 3625.57, -2303.62, -134.551, 4153.31, -272.162, 1871.1, 994.504, -2525.65, -1011.09, 4238.96, 2416.96, -702.56, 1.17091, 1.00443, 4.03133, -18.7489, 0.334253, 5.46503, 53.3966, -31.3284, -87.1732, 29.129, -16.7571, -121.288, 58.8299, 70.3988, -146.068, -11.9211, -55.6698, -79.9095, 1, 0, 0, 1, -21.5505, -32.3831, 1025.26, 739.464, 56.752, -268.226, 0, 0, 0, -81625.9, 43043.3, -779.369, -83382.4, 45179.3, -1151.35, 0, 0, 0, -793.563, 468.777, 1243.23, -421.156, 262.219, 1713.57, -871.959, -1013.09, 2130.66, 168.611, 821.98, 1143.83, 0, 0, 50.2565, 0, 0, 0, 0, 0, 0, 0, 0, 50.2565, 100, 100, 100, 10000, 20, 1, 0.0001, 0.0001]
Input 2 (lbx): [-inf, -inf, -inf, -inf, -inf, -inf, -inf, -inf, -inf, -inf, -inf, -inf, -inf, -inf, -inf, -inf, -inf, -inf, -inf, -inf, -inf, -inf, -inf, -inf, -inf, -inf, -inf, -inf, -inf, -inf, -inf, -inf, -inf, -inf, -inf, -inf, -inf, -inf, -inf, -inf, -inf, -inf]
Input 3 (ubx): [inf, inf, inf, inf, inf, inf, inf, inf, inf, inf, inf, inf, inf, inf, inf, inf, inf, inf, inf, inf, inf, inf, inf, inf, inf, inf, inf, inf, inf, inf, inf, inf, inf, inf, inf, inf, inf, inf, inf, inf, inf, inf]
Input 4 (lbg): [0, 0, 0, 0, 0, 0, 0, 0, 0, 0, 0, 0, 0, 0, 0, 0, 0, 0, -100, -100, -100, -100, -100, -100, -100, -100, -100, -100, -100, -100, -inf, -inf, -inf, -inf, -inf, -inf, -inf, -inf, -inf, -inf, -inf, -inf, -inf, -inf, -inf, -inf, -inf, -inf, -inf, -inf, -inf, -inf, -inf, -inf]
Input 5 (ubg): [0, 0, 0, 0, 0, 0, 0, 0, 0, 0, 0, 0, 0, 0, 0, 0, 0, 0, 100, 100, 100, 100, 100, 100, 100, 100, 100, 100, 100, 100, 0, 0, 0, 0, 0, 0, 0, 0, 0, 0, 0, 0, 0, 0, 0, 0, 0, 0, 0, 0, 0, 0, 0, 0]
Input 6 (lam_x0): [0, 0, 0, 0, 0, 0, 0, 0, 0, 0, 0, 0, 0, 0, 0, 0, 0, 0, 0, 0, 0, 0, 0, 0, 0, 0, 0, 0, 0, 0, 0, 0, 0, 0, 0, 0, 0, 0, 0, 0, 0, 0]
Input 7 (lam_g0): [0, 0, 0, 0, 0, 0, 0, 0, 0, 0, 0, 0, 0, 0, 0, 0, 0, 0, 0, 0, 0, 0, 0, 0, 0, 0, 0, 0, 0, 0, 0, 0, 0, 0, 0, 0, 0, 0, 0, 0, 0, 0, 0, 0, 0, 0, 0, 0, 0, 0, 0, 0, 0, 0]
[wbc] QP failed, reusing last torques: Error in Function::call for 'wbc_qp' [MXFunction] at .../casadi/core/function.cpp:514:
Error in Function::operator() for 'solver' [MXFunction] at .../casadi/core/function.cpp:1736:
Error in Function::operator() for 'solver_qpsol' [QpoasesInterface] at .../casadi/core/function.cpp:1736:
.../casadi/core/conic.cpp:574: conic process failed. Set 'error_on_fail' option to false to ignore this error.
Function solver_qpsol (0x164e3700)
Input 0 (h): sparse: 42-by-42, 348 nnz
 (0, 0) -> 40600
 (1, 0) -> -2.8165e-12
 (2, 0) -> -3.65402e-12
 (3, 0) -> 1.11367e-12
 (4, 0) -> 694.997
 (5, 0) -> -42.9728
 (6, 0) -> 2.20374
 (7, 0) -> 3030.78
 (8, 0) -> -526.712
 (9, 0) -> -2.71837
 (10, 0) -> 39.2713
 (11, 0) -> 3.40585
 (12, 0) -> 1.7641
 (13, 0) -> 6.36113
 (14, 0) -> -4.95977
 (15, 0) -> 50.8152
 (16, 0) -> 1709.34
 (17, 0) -> -1652.88
 (0, 1) -> -2.8165e-12
 (1, 1) -> 40600
 (2, 1) -> -2.22045e-14
 (3, 1) -> -694.997
 (4, 1) -> 8.8633e-13
 (5, 1) -> -10762.6
 (6, 1) -> 24.0682
 (7, 1) -> 3132.38
 (8, 1) -> 2674.21
 (9, 1) -> 35.7472
 (10, 1) -> -0.418121
 (11, 1) -> -3.06102
 (12, 1) -> -23.1179
 (13, 1) -> 8.07003
 (14, 1) -> 29.1361
 (15, 1) -> -722.031
 (16, 1) -> -2483.44
 (17, 1) -> -2105.48
 (0, 2) -> -3.65402e-12
 (1, 2) -> -2.22045e-14
 (2, 2) -> 40600
 (3, 2) -> 42.9728
 (4, 2) -> 10762.6
 (5, 2) -> -2.10809e-12
 (6, 2) -> 5580.86
 (7, 2) -> -4064.33
 (8, 2) -> -3794.57
 (9, 2) -> -47.9648
 (10, 2) -> -47.2201
 (11, 2) -> -46.4951
 (12, 2) -> 39.5336
 (13, 2) -> -9.31538
 (14, 2) -> -36.1835
 (15, 2) -> -4723.79
 (16, 2) -> -5050.26
 (17, 2) -> -3829.17
 (0, 3) -> 1.11367e-12
 (1, 3) -> -694.997
 (2, 3) -> 42.9728
 (3, 3) -> 3862.35
 (4, 3) -> 2544.13
 (5, 3) -> -193.072
 (6, 3) -> 1667.59
 (7, 3) -> -1136.14
 (8, 3) -> -1066.96
 (9, 3) -> 21.2438
 (10, 3) -> 15.3966
 (11, 3) -> 14.7497
 (12, 3) -> 12.5275
 (13, 3) -> -3.1927
 (14, 3) -> -12.1984
 (15, 3) -> 1441.3
 (16, 3) -> 1644.01
 (17, 3) -> 1259.91
 (0, 4) -> 694.997
 (1, 4) -> 8.8633e-13
 (2, 4) -> 10762.6
 (3, 4) -> 2544.13
 (4, 4) -> 5054.23
 (5, 4) -> 490.018
 (6, 4) -> 2696.56
 (7, 4) -> -2039.18
 (8, 4) -> -1820.4
 (9, 4) -> -19.8843
 (10, 4) -> -26.0748
 (11, 4) -> -20.211
 (12, 4) -> -5.00612
 (13, 4) -> 1.80187
 (14, 4) -> 4.27474
 (15, 4) -> -242.642
 (16, 4) -> -159.716
 (17, 4) -> -298.737
 (0, 5) -> -42.9728
 (1, 5) -> -10762.6
 (2, 5) -> -2.10809e-12
 (3, 5) -> -193.072
 (4, 5) -> 490.018
 (5, 5) -> 8533.74
 (6, 5) -> -12.2878
 (7, 5) -> -2418.82
 (8, 5) -> -1134.82
 (9, 5) -> -16.0234
 (10, 5) -> 13.0357
 (11, 5) -> 2.41104
 (12, 5) -> -3.48642
 (13, 5) -> -0.619196
 (14, 5) -> 5.11423
 (15, 5) -> 52.5922
 (16, 5) -> 634.979
 (17, 5) -> -379.585
 (0, 6) -> 2.20374
 (1, 6) -> 24.0682
 (2, 6) -> 5580.86
 (3, 6) -> 1667.59
 (4, 6) -> 2696.56
 (5, 6) -> -12.2878
 (6, 6) -> 1559.33
 (7, 6) -> -1130.02
 (8, 6) -> -1055.69
 (9, 6) -> 0
 (10, 6) -> 0
 (11, 6) -> 0
 (12, 6) -> 0
 (13, 6) -> 0
 (14, 6) -> 0
 (15, 6) -> 0
 (16, 6) -> 0
 (17, 6) -> 0
 (0, 7) -> 3030.78
 (1, 7) -> 3132.38
 (2, 7) -> -4064.33
 (3, 7) -> -1136.14
 (4, 7) -> -2039.18
 (5, 7) -> -2418.82
 (6, 7) -> -1130.02
 (7, 7) -> 1777.81
 (8, 7) -> 1110.13
 (9, 7) -> 0
 (10, 7) -> 0
 (11, 7) -> 0
 (12, 7) -> 0
 (13, 7) -> 0
 (14, 7) -> 0
 (15, 7) -> 0
 (16, 7) -> 0
 (17, 7) -> 0
 (0, 8) -> -526.712
 (1, 8) -> 2674.21
 (2, 8) -> -3794.57
 (3, 8) -> -1066.96
 (4, 8) -> -1820.4
 (5, 8) -> -1134.82
 (6, 8) -> -1055.69
 (7, 8) -> 1110.13
 (8, 8) -> 1093.38
 (9, 8) -> 0
 (10, 8) -> 0
 (11, 8) -> 0
 (12, 8) -> 0
 (13, 8) -> 0
 (14, 8) -> 0
 (15, 8) -> 0
 (16, 8) -> 0
 (17, 8) -> 0
 (0, 9) -> -2.71837
 (1, 9) -> 35.7472
 (2, 9) -> -47.9648
 (3, 9) -> 21.2438
 (4, 9) -> -19.8843
 (5, 9) -> -16.0234
 (6, 9) -> 0
 (7, 9) -> 0
 (8, 9) -> 0
 (9, 9) -> 19.9294
 (10, 9) -> 10.716
 (11, 9) -> 10.5572
 (12, 9) -> 0
 (13, 9) -> 0
 (14, 9) -> 0
 (15, 9) -> 0
 (16, 9) -> 0
 (17, 9) -> 0
 (0, 10) -> 39.2713
 (1, 10) -> -0.418121
 (2, 10) -> -47.2201
 (3, 10) -> 15.3966
 (4, 10) -> -26.0748
 (5, 10) -> 13.0357
 (6, 10) -> 0
 (7, 10) -> 0
 (8, 10) -> 0
 (9, 10) -> 10.716
 (10, 10) -> 20.8607
 (11, 10) -> 11.6527
 (12, 10) -> 0
 (13, 10) -> 0
 (14, 10) -> 0
 (15, 10) -> 0
 (16, 10) -> 0
 (17, 10) -> 0
 (0, 11) -> 3.40585
 (1, 11) -> -3.06102
 (2, 11) -> -46.4951
 (3, 11) -> 14.7497
 (4, 11) -> -20.211
 (5, 11) -> 2.41104
 (6, 11) -> 0
 (7, 11) -> 0
 (8, 11) -> 0
 (9, 11) -> 10.5572
 (10, 11) -> 11.6527
 (11, 11) -> 12.9138
 (12, 11) -> 0
 (13, 11) -> 0
 (14, 11) -> 0
 (15, 11) -> 0
 (16, 11) -> 0
 (17, 11) -> 0
 (0, 12) -> 1.7641
 (1, 12) -> -23.1179
 (2, 12) -> 39.5336
 (3, 12) -> 12.5275
 (4, 12) -> -5.00612
 (5, 12) -> -3.48642
 (6, 12) -> 0
 (7, 12) -> 0
 (8, 12) -> 0
 (9, 12) -> 0
 (10, 12) -> 0
 (11, 12) -> 0
 (12, 12) -> 12.5023
 (13, 12) -> -2.71805
 (14, 12) -> -10.5639
 (15, 12) -> 0
 (16, 12) -> 0
 (17, 12) -> 0
 (0, 13) -> 6.36113
 (1, 13) -> 8.07003
 (2, 13) -> -9.31538
 (3, 13) -> -3.1927
 (4, 13) -> 1.80187
 (5, 13) -> -0.619196
 (6, 13) -> 0
 (7, 13) -> 0
 (8, 13) -> 0
 (9, 13) -> 0
 (10, 13) -> 0
 (11, 13) -> 0
 (12, 13) -> -2.71805
 (13, 13) -> 2.96183
 (14, 13) -> 2.70321
 (15, 13) -> 0
 (16, 13) -> 0
 (17, 13) -> 0
 (0, 14) -> -4.95977
 (1, 14) -> 29.1361
 (2, 14) -> -36.1835
 (3, 14) -> -12.1984
 (4, 14) -> 4.27474
 (5, 14) -> 5.11423
 (6, 14) -> 0
 (7, 14) -> 0
 (8, 14) -> 0
 (9, 14) -> 0
 (10, 14) -> 0
 (11, 14) -> 0
 (12, 14) -> -10.5639
 (13, 14) -> 2.70321
 (14, 14) -> 12.9138
 (15, 14) -> 0
 (16, 14) -> 0
 (17, 14) -> 0
 (0, 15) -> 50.8152
 (1, 15) -> -722.031
 (2, 15) -> -4723.79
 (3, 15) -> 1441.3
 (4, 15) -> -242.642
 (5, 15) -> 52.5922
 (6, 15) -> 0
 (7, 15) -> 0
 (8, 15) -> 0
 (9, 15) -> 0
 (10, 15) -> 0
 (11, 15) -> 0
 (12, 15) -> 0
 (13, 15) -> 0
 (14, 15) -> 0
 (15, 15) -> 1143.9
 (16, 15) -> 1286.82
 (17, 15) -> 976.221
 (0, 16) -> 1709.34
 (1, 16) -> -2483.44
 (2, 16) -> -5050.26
 (3, 16) -> 1644.01
 (4, 16) -> -159.716
 (5, 16) -> 634.979
 (6, 16) -> 0
 (7, 16) -> 0
 (8, 16) -> 0
 (9, 16) -> 0
 (10, 16) -> 0
 (11, 16) -> 0
 (12, 16) -> 0
 (13, 16) -> 0
 (14, 16) -> 0
 (15, 16) -> 1286.82
 (16, 16) -> 1731.72
 (17, 16) -> 1087.09
 (0, 17) -> -1652.88
 (1, 17) -> -2105.48
 (2, 17) -> -3829.17
 (3, 17) -> 1259.91
 (4, 17) -> -298.737
 (5, 17) -> -379.585
 (6, 17) -> 0
 (7, 17) -> 0
 (8, 17) -> 0
 (9, 17) -> 0
 (10, 17) -> 0
 (11, 17) -> 0
 (12, 17) -> 0
 (13, 17) -> 0
 (14, 17) -> 0
 (15, 17) -> 976.221
 (16, 17) -> 1087.09
 (17, 17) -> 1093.38
 (18, 18) -> 0.0002
 (19, 19) -> 0.0002
 (20, 20) -> 0.0002
 (21, 21) -> 0.0002
 (22, 22) -> 0.0002
 (23, 23) -> 0.0002
 (24, 24) -> 0.0002
 (25, 25) -> 0.0002
 (26, 26) -> 0.0002
 (27, 27) -> 0.0002
 (28, 28) -> 0.0002
 (29, 29) -> 0.0002
 (30, 30) -> 0.0002
 (31, 31) -> 0.0002
 (32, 32) -> 0.0002
 (33, 33) -> 0.0002
 (34, 34) -> 0.0002
 (35, 35) -> 0.0002
 (36, 36) -> 0.0002
 (37, 37) -> 0.0002
 (38, 38) -> 0.0002
 (39, 39) -> 0.0002
 (40, 40) -> 0.0002
 (41, 41) -> 0.0002
Input 1 (g): [1.99553e+08, -1.02994e+07, -3.05665e+07, -562338, -2.24469e+06, 2.59533e+07, -2.21145e+06, 6.44741e+06, -7.26196e+06, -1.50807e+06, 2.53142e+06, 201426, 971372, 105966, -1.40499e+06, 3.78242e+06, 7.00824e+06, -8.62703e+06, -0, -0, -0.0100513, -0, -0, -0, -0, -0, -0, -0, -0, -0.0100513, 0, 0, 0, 0, 0, 0, 0, 0, 0, 0, 0, 0]
Input 2 (a): sparse: 54-by-42, 604 nnz
 (0, 0) -> 10.246
 (1, 0) -> -1.38778e-16
 (2, 0) -> 0
 (3, 0) -> -1.66696e-18
 (4, 0) -> -0.0526719
 (5, 0) -> 0.0209033
 (6, 0) -> -5.94074e-05
 (7, 0) -> 0.122284
 (8, 0) -> -0.00425362
 (9, 0) -> -0.00896987
 (10, 0) -> 0.130321
 (11, 0) -> 0.00275008
 (12, 0) -> 0.00627338
 (13, 0) -> 0.0362624
 (14, 0) -> -0.00400543
 (15, 0) -> -0.00120258
 (16, 0) -> 0.106244
 (17, 0) -> -0.0133478
 (0, 1) -> -1.249e-16
 (1, 1) -> 10.246
 (2, 1) -> -4.44089e-16
 (3, 1) -> 0.0526719
 (4, 1) -> 3.46945e-17
 (5, 1) -> -0.086191
 (6, 1) -> 0.00281115
 (7, 1) -> 0.0378919
 (8, 1) -> 0.0215951
 (9, 1) -> 0.117757
 (10, 1) -> 0.00692874
 (11, 1) -> -0.00247189
 (12, 1) -> -0.0820972
 (13, 1) -> -0.0514026
 (14, 1) -> 0.0235283
 (15, 1) -> 0.0141145
 (16, 1) -> -0.0304463
 (17, 1) -> -0.0170024
 (0, 2) -> 5.55112e-17
 (1, 2) -> -1.33227e-15
 (2, 2) -> 10.246
 (3, 2) -> -0.0209033
 (4, 2) -> 0.086191
 (5, 2) -> 6.93889e-18
 (6, 2) -> 0.211021
 (7, 2) -> -0.0402374
 (8, 2) -> -0.0306423
 (9, 2) -> -0.179011
 (10, 2) -> -0.0401251
 (11, 2) -> -0.0375463
 (12, 2) -> 0.15239
 (13, 2) -> 0.0663492
 (14, 2) -> -0.0292193
 (15, 2) -> -0.198792
 (16, 2) -> -0.0743551
 (17, 2) -> -0.0309217
 (0, 3) -> 3.45589e-19
 (1, 3) -> 0.0526719
 (2, 3) -> -0.0209033
 (3, 3) -> 0.272123
 (4, 3) -> -0.0283188
 (5, 3) -> -0.0472644
 (6, 3) -> 0.0530256
 (7, 3) -> -0.00993875
 (8, 3) -> -0.00835658
 (9, 3) -> 0.0580103
 (10, 3) -> 0.0129905
 (11, 3) -> 0.0112787
 (12, 3) -> 0.0389176
 (13, 3) -> 0.0153568
 (14, 3) -> -0.00958278
 (15, 3) -> 0.0489638
 (16, 3) -> 0.0199786
 (17, 3) -> 0.00959001
 (0, 4) -> -0.0526719
 (1, 4) -> -2.08167e-17
 (2, 4) -> 0.086191
 (3, 4) -> -0.0283188
 (4, 4) -> 0.414882
 (5, 4) -> -0.0194212
 (6, 4) -> 0.0608372
 (7, 4) -> -0.0213247
 (8, 4) -> -0.0124209
 (9, 4) -> -0.0420823
 (10, 4) -> -0.0289614
 (11, 4) -> -0.013623
 (12, 4) -> -0.0399169
 (13, 4) -> -0.0195117
 (14, 4) -> 0.00562508
 (15, 4) -> 0.027537
 (16, 4) -> 0.00469525
 (17, 4) -> 6.79212e-05
 (0, 5) -> 0.0209033
 (1, 5) -> -0.086191
 (2, 5) -> -3.46945e-17
 (3, 5) -> -0.0472644
 (4, 5) -> -0.0194212
 (5, 5) -> 0.632286
 (6, 5) -> -0.00132693
 (7, 5) -> -0.0435815
 (8, 5) -> -0.00759359
 (9, 5) -> -0.0315657
 (10, 5) -> 0.0304915
 (11, 5) -> 0.00172298
 (12, 5) -> -0.0219487
 (13, 5) -> -0.0243738
 (14, 5) -> 0.00584312
 (15, 5) -> 0.00201454
 (16, 5) -> 0.0229954
 (17, 5) -> -0.004177
 (0, 6) -> -5.94074e-05
 (1, 6) -> 0.00281115
 (2, 6) -> 0.211021
 (3, 6) -> 0.0530256
 (4, 6) -> 0.0608372
 (5, 6) -> -0.00132693
 (6, 6) -> 0.0457604
 (7, 6) -> -0.0099553
 (8, 6) -> -0.00809677
 (9, 6) -> 0
 (10, 6) -> 0
 (11, 6) -> 0
 (12, 6) -> 0
 (13, 6) -> 0
 (14, 6) -> 0
 (15, 6) -> 0
 (16, 6) -> 0
 (17, 6) -> 0
 (0, 7) -> 0.122284
 (1, 7) -> 0.0378919
 (2, 7) -> -0.0402374
 (3, 7) -> -0.00993875
 (4, 7) -> -0.0213247
 (5, 7) -> -0.0435815
 (6, 7) -> -0.0099553
 (7, 7) -> 0.0252377
 (8, 7) -> 0.00621786
 (9, 7) -> 0
 (10, 7) -> 0
 (11, 7) -> 0
 (12, 7) -> 0
 (13, 7) -> 0
 (14, 7) -> 0
 (15, 7) -> 0
 (16, 7) -> 0
 (17, 7) -> 0
 (0, 8) -> -0.00425362
 (1, 8) -> 0.0215951
 (2, 8) -> -0.0306423
 (3, 8) -> -0.00835658
 (4, 8) -> -0.0124209
 (5, 8) -> -0.00759359
 (6, 8) -> -0.00809677
 (7, 8) -> 0.00621786
 (8, 8) -> 0.00606647
 (9, 8) -> 0
 (10, 8) -> 0
 (11, 8) -> 0
 (12, 8) -> 0
 (13, 8) -> 0
 (14, 8) -> 0
 (15, 8) -> 0
 (16, 8) -> 0
 (17, 8) -> 0
 (0, 9) -> -0.00896987
 (1, 9) -> 0.117757
 (2, 9) -> -0.179011
 (3, 9) -> 0.0580103
 (4, 9) -> -0.0420823
 (5, 9) -> -0.0315657
 (6, 9) -> 0
 (7, 9) -> 0
 (8, 9) -> 0
 (9, 9) -> 0.0477088
 (10, 9) -> 0.00849405
 (11, 9) -> 0.00809705
 (12, 9) -> 0
 (13, 9) -> 0
 (14, 9) -> 0
 (15, 9) -> 0
 (16, 9) -> 0
 (17, 9) -> 0
 (0, 10) -> 0.130321
 (1, 10) -> 0.00692874
 (2, 10) -> -0.0401251
 (3, 10) -> 0.0129905
 (4, 10) -> -0.0289614
 (5, 10) -> 0.0304915
 (6, 10) -> 0
 (7, 10) -> 0
 (8, 10) -> 0
 (9, 10) -> 0.00849405
 (10, 10) -> 0.0261281
 (11, 10) -> 0.00666307
 (12, 10) -> 0
 (13, 10) -> 0
 (14, 10) -> 0
 (15, 10) -> 0
 (16, 10) -> 0
 (17, 10) -> 0
 (0, 11) -> 0.00275008
 (1, 11) -> -0.00247189
 (2, 11) -> -0.0375463
 (3, 11) -> 0.0112787
 (4, 11) -> -0.013623
 (5, 11) -> 0.00172298
 (6, 11) -> 0
 (7, 11) -> 0
 (8, 11) -> 0
 (9, 11) -> 0.00809705
 (10, 11) -> 0.00666307
 (11, 11) -> 0.00606647
 (12, 11) -> 0
 (13, 11) -> 0
 (14, 11) -> 0
 (15, 11) -> 0
 (16, 11) -> 0
 (17, 11) -> 0
 (0, 12) -> 0.00627338
 (1, 12) -> -0.0820972
 (2, 12) -> 0.15239
 (3, 12) -> 0.0389176
 (4, 12) -> -0.0399169
 (5, 12) -> -0.0219487
 (6, 12) -> 0
 (7, 12) -> 0
 (8, 12) -> 0
 (9, 12) -> 0
 (10, 12) -> 0
 (11, 12) -> 0
 (12, 12) -> 0.0294308
 (13, 12) -> 0.0115154
 (14, 12) -> -0.00810215
 (15, 12) -> 0
 (16, 12) -> 0
 (17, 12) -> 0
 (0, 13) -> 0.0362624
 (1, 13) -> -0.0514026
 (2, 13) -> 0.0663492
 (3, 13) -> 0.0153568
 (4, 13) -> -0.0195117
 (5, 13) -> -0.0243738
 (6, 13) -> 0
 (7, 13) -> 0
 (8, 13) -> 0
 (9, 13) -> 0
 (10, 13) -> 0
 (11, 13) -> 0
 (12, 13) -> 0.0115154
 (13, 13) -> 0.0116742
 (14, 13) -> -0.000563856
 (15, 13) -> 0
 (16, 13) -> 0
 (17, 13) -> 0
 (0, 14) -> -0.00400543
 (1, 14) -> 0.0235283
 (2, 14) -> -0.0292193
 (3, 14) -> -0.00958278
 (4, 14) -> 0.00562508
 (5, 14) -> 0.00584312
 (6, 14) -> 0
 (7, 14) -> 0
 (8, 14) -> 0
 (9, 14) -> 0
 (10, 14) -> 0
 (11, 14) -> 0
 (12, 14) -> -0.00810215
 (13, 14) -> -0.000563856
 (14, 14) -> 0.00606647
 (15, 14) -> 0
 (16, 14) -> 0
 (17, 14) -> 0
 (0, 15) -> -0.00120258
 (1, 15) -> 0.0141145
 (2, 15) -> -0.198792
 (3, 15) -> 0.0489638
 (4, 15) -> 0.027537
 (5, 15) -> 0.00201454
 (6, 15) -> 0
 (7, 15) -> 0
 (8, 15) -> 0
 (9, 15) -> 0
 (10, 15) -> 0
 (11, 15) -> 0
 (12, 15) -> 0
 (13, 15) -> 0
 (14, 15) -> 0
 (15, 15) -> 0.0402943
 (16, 15) -> 0.0152533
 (17, 15) -> 0.00748727
 (0, 16) -> 0.106244
 (1, 16) -> -0.0304463
 (2, 16) -> -0.0743551
 (3, 16) -> 0.0199786
 (4, 16) -> 0.00469525
 (5, 16) -> 0.0229954
 (6, 16) -> 0
 (7, 16) -> 0
 (8, 16) -> 0
 (9, 16) -> 0
 (10, 16) -> 0
 (11, 16) -> 0
 (12, 16) -> 0
 (13, 16) -> 0
 (14, 16) -> 0
 (15, 16) -> 0.0152533
 (16, 16) -> 0.0248655
 (17, 16) -> 0.00603178
 (0, 17) -> -0.0133478
 (1, 17) -> -0.0170024
 (2, 17) -> -0.0309217
 (3, 17) -> 0.00959001
 (4, 17) -> 6.79212e-05
 (5, 17) -> -0.004177
 (6, 17) -> 0
 (7, 17) -> 0
 (8, 17) -> 0
 (9, 17) -> 0
 (10, 17) -> 0
 (11, 17) -> 0
 (12, 17) -> 0
 (13, 17) -> 0
 (14, 17) -> 0
 (15, 17) -> 0.00748727
 (16, 17) -> 0.00603178
 (17, 17) -> 0.00606647
 (0, 18) -> -1
 (1, 18) -> 3.64292e-17
 (2, 18) -> -3.46945e-17
 (3, 18) -> -5.20417e-18
 (4, 18) -> 0.0248575
 (5, 18) -> 0.298698
 (6, 18) -> -0.000110187
 (7, 18) -> -0.151539
 (8, 18) -> 0.0263356
 (9, 18) -> -0
 (10, 18) -> -0
 (11, 18) -> -0
 (12, 18) -> -0
 (13, 18) -> -0
 (14, 18) -> -0
 (15, 18) -> -0
 (16, 18) -> -0
 (17, 18) -> -0
 (32, 18) -> 1
 (33, 18) -> -1
 (0, 19) -> 1.38778e-17
 (1, 19) -> -1
 (2, 19) -> -0
 (3, 19) -> -0.0248575
 (4, 19) -> -5.55112e-17
 (5, 19) -> 0.483189
 (6, 19) -> -0.00120341
 (7, 19) -> -0.156619
 (8, 19) -> -0.133711
 (9, 19) -> -0
 (10, 19) -> -0
 (11, 19) -> -0
 (12, 19) -> -0
 (13, 19) -> -0
 (14, 19) -> -0
 (15, 19) -> -0
 (16, 19) -> -0
 (17, 19) -> -0
 (34, 19) -> 1
 (35, 19) -> -1
 (0, 20) -> 1.38778e-17
 (1, 20) -> -0
 (2, 20) -> -1
 (3, 20) -> -0.298698
 (4, 20) -> -0.483189
 (5, 20) -> 5.55112e-17
 (6, 20) -> -0.279043
 (7, 20) -> 0.203216
 (8, 20) -> 0.189729
 (9, 20) -> -0
 (10, 20) -> -0
 (11, 20) -> -0
 (12, 20) -> -0
 (13, 20) -> -0
 (14, 20) -> -0
 (15, 20) -> -0
 (16, 20) -> -0
 (17, 20) -> -0
 (30, 20) -> -1
 (31, 20) -> 1
 (32, 20) -> -0.6
 (33, 20) -> -0.6
 (34, 20) -> -0.6
 (35, 20) -> -0.6
 (0, 21) -> -1
 (1, 21) -> -1.38778e-17
 (2, 21) -> 6.93889e-18
 (3, 21) -> -7.80626e-18
 (4, 21) -> 0.154937
 (5, 21) -> -0.327431
 (6, 21) -> -0
 (7, 21) -> -0
 (8, 21) -> -0
 (9, 21) -> 0.0135919
 (10, 21) -> -0.196357
 (11, 21) -> -0.0170293
 (12, 21) -> -0
 (13, 21) -> -0
 (14, 21) -> -0
 (15, 21) -> -0
 (16, 21) -> -0
 (17, 21) -> -0
 (38, 21) -> 1
 (39, 21) -> -1
 (0, 22) -> -2.60209e-17
 (1, 22) -> -1
 (2, 22) -> -1.11022e-16
 (3, 22) -> -0.154937
 (4, 22) -> -0
 (5, 22) -> 0.423341
 (6, 22) -> -0
 (7, 22) -> -0
 (8, 22) -> -0
 (9, 22) -> -0.178736
 (10, 22) -> 0.0020906
 (11, 22) -> 0.0153051
 (12, 22) -> -0
 (13, 22) -> -0
 (14, 22) -> -0
 (15, 22) -> -0
 (16, 22) -> -0
 (17, 22) -> -0
 (40, 22) -> 1
 (41, 22) -> -1
 (0, 23) -> 3.46945e-18
 (1, 23) -> -5.55112e-17
 (2, 23) -> -1
 (3, 23) -> 0.327431
 (4, 23) -> -0.423341
 (5, 23) -> -2.77556e-17
 (6, 23) -> -0
 (7, 23) -> -0
 (8, 23) -> -0
 (9, 23) -> 0.239824
 (10, 23) -> 0.2361
 (11, 23) -> 0.232475
 (12, 23) -> -0
 (13, 23) -> -0
 (14, 23) -> -0
 (15, 23) -> -0
 (16, 23) -> -0
 (17, 23) -> -0
 (36, 23) -> -1
 (37, 23) -> 1
 (38, 23) -> -0.6
 (39, 23) -> -0.6
 (40, 23) -> -0.6
 (41, 23) -> -0.6
 (0, 24) -> -1
 (1, 24) -> 5.89806e-17
 (2, 24) -> -4.85723e-17
 (3, 24) -> 4.33681e-18
 (4, 24) -> -0.0918229
 (5, 24) -> 0.263187
 (6, 24) -> -0
 (7, 24) -> -0
 (8, 24) -> -0
 (9, 24) -> -0
 (10, 24) -> -0
 (11, 24) -> -0
 (12, 24) -> -0.00882051
 (13, 24) -> -0.0318056
 (14, 24) -> 0.0247989
 (15, 24) -> -0
 (16, 24) -> -0
 (17, 24) -> -0
 (44, 24) -> 1
 (45, 24) -> -1
 (0, 25) -> 1.21431e-17
 (1, 25) -> -1
 (2, 25) -> 1.11022e-16
 (3, 25) -> 0.0918229
 (4, 25) -> -0
 (5, 25) -> -0.130727
 (6, 25) -> -0
 (7, 25) -> -0
 (8, 25) -> -0
 (9, 25) -> -0
 (10, 25) -> -0
 (11, 25) -> -0
 (12, 25) -> 0.115589
 (13, 25) -> -0.0403501
 (14, 25) -> -0.145681
 (15, 25) -> -0
 (16, 25) -> -0
 (17, 25) -> -0
 (46, 25) -> 1
 (47, 25) -> -1
 (0, 26) -> -7.97973e-17
 (1, 26) -> 1.66533e-16
 (2, 26) -> -1
 (3, 26) -> -0.263187
 (4, 26) -> 0.130727
 (5, 26) -> 2.77556e-17
 (6, 26) -> -0
 (7, 26) -> -0
 (8, 26) -> -0
 (9, 26) -> -0
 (10, 26) -> -0
 (11, 26) -> -0
 (12, 26) -> -0.197668
 (13, 26) -> 0.0465769
 (14, 26) -> 0.180918
 (15, 26) -> -0
 (16, 26) -> -0
 (17, 26) -> -0
 (42, 26) -> -1
 (43, 26) -> 1
 (44, 26) -> -0.6
 (45, 26) -> -0.6
 (46, 26) -> -0.6
 (47, 26) -> -0.6
 (0, 27) -> -1
 (1, 27) -> 9.19403e-17
 (2, 27) -> 1.07553e-16
 (3, 27) -> -2.60209e-17
 (4, 27) -> -0.0602385
 (5, 27) -> -0.295907
 (6, 27) -> -0
 (7, 27) -> -0
 (8, 27) -> -0
 (9, 27) -> -0
 (10, 27) -> -0
 (11, 27) -> -0
 (12, 27) -> -0
 (13, 27) -> -0
 (14, 27) -> -0
 (15, 27) -> -0.00254076
 (16, 27) -> -0.0854669
 (17, 27) -> 0.082644
 (50, 27) -> 1
 (51, 27) -> -1
 (0, 28) -> -1.73472e-18
 (1, 28) -> -1
 (2, 28) -> -0
 (3, 28) -> 0.0602385
 (4, 28) -> 6.93889e-18
 (5, 28) -> 0.0520139
 (6, 28) -> -0
 (7, 28) -> -0
 (8, 28) -> -0
 (9, 28) -> -0
 (10, 28) -> -0
 (11, 28) -> -0
 (12, 28) -> -0
 (13, 28) -> -0
 (14, 28) -> -0
 (15, 28) -> 0.0361015
 (16, 28) -> 0.124172
 (17, 28) -> 0.105274
 (52, 28) -> 1
 (53, 28) -> -1
 (0, 29) -> 9.71445e-17
 (1, 29) -> -0
 (2, 29) -> -1
 (3, 29) -> 0.295907
 (4, 29) -> -0.0520139
 (5, 29) -> 6.93889e-18
 (6, 29) -> -0
 (7, 29) -> -0
 (8, 29) -> -0
 (9, 29) -> -0
 (10, 29) -> -0
 (11, 29) -> -0
 (12, 29) -> -0
 (13, 29) -> -0
 (14, 29) -> -0
 (15, 29) -> 0.236189
 (16, 29) -> 0.252513
 (17, 29) -> 0.191459
 (48, 29) -> -1
 (49, 29) -> 1
 (50, 29) -> -0.6
 (51, 29) -> -0.6
 (52, 29) -> -0.6
 (53, 29) -> -0.6
 (6, 30) -> -1
 (18, 30) -> 1
 (7, 31) -> -1
 (19, 31) -> 1
 (8, 32) -> -1
 (20, 32) -> 1
 (9, 33) -> -1
 (21, 33) -> 1
 (10, 34) -> -1
 (22, 34) -> 1
 (11, 35) -> -1
 (23, 35) -> 1
 (12, 36) -> -1
 (24, 36) -> 1
 (13, 37) -> -1
 (25, 37) -> 1
 (14, 38) -> -1
 (26, 38) -> 1
 (15, 39) -> -1
 (27, 39) -> 1
 (16, 40) -> -1
 (28, 40) -> 1
 (17, 41) -> -1
 (29, 41) -> 1
Input 3 (lba): [-2313.51, 1288.3, 349.097, 222.709, -68.948, -368.437, -6.62036, -67.7064, 67.9583, 70.7171, -130.022, 73.3167, -19.1258, -47.043, 81.6873, -20.0611, -60.4611, 72.5072, -100, -100, -100, -100, -100, -100, -100, -100, -100, -100, -100, -100, -inf, -inf, -inf, -inf, -inf, -inf, -inf, -inf, -inf, -inf, -inf, -inf, -inf, -inf, -inf, -inf, -inf, -inf, -inf, -inf, -inf, -inf, -inf, -inf]
Input 4 (uba): [-2313.51, 1288.3, 349.097, 222.709, -68.948, -368.437, -6.62036, -67.7064, 67.9583, 70.7171, -130.022, 73.3167, -19.1258, -47.043, 81.6873, -20.0611, -60.4611, 72.5072, 100, 100, 100, 100, 100, 100, 100, 100, 100, 100, 100, 100, 0, 400, 0, 0, 0, 0, 0, 0, 0, 0, 0, 0, 0, 0, 0, 0, 0, 0, 0, 400, 0, 0, 0, 0]
Input 5 (lbx): [-inf, -inf, -inf, -inf, -inf, -inf, -inf, -inf, -inf, -inf, -inf, -inf, -inf, -inf, -inf, -inf, -inf, -inf, -inf, -inf, -inf, -inf, -inf, -inf, -inf, -inf, -inf, -inf, -inf, -inf, -inf, -inf, -inf, -inf, -inf, -inf, -inf, -inf, -inf, -inf, -inf, -inf]
Input 6 (ubx): [inf, inf, inf, inf, inf, inf, inf, inf, inf, inf, inf, inf, inf, inf, inf, inf, inf, inf, inf, inf, inf, inf, inf, inf, inf, inf, inf, inf, inf, inf, inf, inf, inf, inf, inf, inf, inf, inf, inf, inf, inf, inf]
Input 7 (x0): [0, 0, 0, 0, 0, 0, 0, 0, 0, 0, 0, 0, 0, 0, 0, 0, 0, 0, 0, 0, 0, 0, 0, 0, 0, 0, 0, 0, 0, 0, 0, 0, 0, 0, 0, 0, 0, 0, 0, 0, 0, 0]
Input 8 (lam_x0): [0, 0, 0, 0, 0, 0, 0, 0, 0, 0, 0, 0, 0, 0, 0, 0, 0, 0, 0, 0, 0, 0, 0, 0, 0, 0, 0, 0, 0, 0, 0, 0, 0, 0, 0, 0, 0, 0, 0, 0, 0, 0]
Input 9 (lam_a0): [0, 0, 0, 0, 0, 0, 0, 0, 0, 0, 0, 0, 0, 0, 0, 0, 0, 0, 0, 0, 0, 0, 0, 0, 0, 0, 0, 0, 0, 0, 0, 0, 0, 0, 0, 0, 0, 0, 0, 0, 0, 0, 0, 0, 0, 0, 0, 0, 0, 0, 0, 0, 0, 0]
Input 10 (q): 0x42
Input 11 (p): 0x0
Function solver (0x16524590)
Input 0 (x0): [0, 0, 0, 0, 0, 0, 0, 0, 0, 0, 0, 0, 0, 0, 0, 0, 0, 0, 0, 0, 0, 0, 0, 0, 0, 0, 0, 0, 0, 0, 0, 0, 0, 0, 0, 0, 0, 0, 0, 0, 0, 0]
Input 1 (p): [10.246, -1.38778e-16, 0, -1.66696e-18, -0.0526719, 0.0209033, -5.94074e-05, 0.122284, -0.00425362, -0.00896987, 0.130321, 0.00275008, 0.00627338, 0.0362624, -0.00400543, -0.00120258, 0.106244, -0.0133478, -1.249e-16, 10.246, -4.44089e-16, 0.0526719, 3.46945e-17, -0.086191, 0.00281115, 0.0378919, 0.0215951, 0.117757, 0.00692874, -0.00247189, -0.0820972, -0.0514026, 0.0235283, 0.0141145, -0.0304463, -0.0170024, 5.55112e-17, -1.33227e-15, 10.246, -0.0209033, 0.086191, 6.93889e-18, 0.211021, -0.0402374, -0.0306423, -0.179011, -0.0401251, -0.0375463, 0.15239, 0.0663492, -0.0292193, -0.198792, -0.0743551, -0.0309217, 3.45589e-19, 0.0526719, -0.0209033, 0.272123, -0.0283188, -0.0472644, 0.0530256, -0.00993875, -0.00835658, 0.0580103, 0.0129905, 0.0112787, 0.0389176, 0.0153568, -0.00958278, 0.0489638, 0.0199786, 0.00959001, -0.0526719, -2.08167e-17, 0.086191, -0.0283188, 0.414882, -0.0194212, 0.0608372, -0.0213247, -0.0124209, -0.0420823, -0.0289614, -0.013623, -0.0399169, -0.0195117, 0.00562508, 0.027537, 0.00469525, 6.79212e-05, 0.0209033, -0.086191, -3.46945e-17, -0.0472644, -0.0194212, 0.632286, -0.00132693, -0.0435815, -0.00759359, -0.0315657, 0.0304915, 0.00172298, -0.0219487, -0.0243738, 0.00584312, 0.00201454, 0.0229954, -0.004177, -5.94074e-05, 0.00281115, 0.211021, 0.0530256, 0.0608372, -0.00132693, 0.0457604, -0.0099553, -0.00809677, 0, 0, 0, 0, 0, 0, 0, 0, 0, 0.122284, 0.0378919, -0.0402374, -0.00993875, -0.0213247, -0.0435815, -0.0099553, 0.0252377, 0.00621786, 0, 0, 0, 0, 0, 0, 0, 0, 0, -0.00425362, 0.0215951, -0.0306423, -0.00835658, -0.0124209, -0.00759359, -0.00809677, 0.00621786, 0.00606647, 0, 0, 0, 0, 0, 0, 0, 0, 0, -0.00896987, 0.117757, -0.179011, 0.0580103, -0.0420823, -0.0315657, 0, 0, 0, 0.0477088, 0.00849405, 0.00809705, 0, 0, 0, 0, 0, 0, 0.130321, 0.00692874, -0.0401251, 0.0129905, -0.0289614, 0.0304915, 0, 0, 0, 0.00849405, 0.0261281, 0.00666307, 0, 0, 0, 0, 0, 0, 0.00275008, -0.00247189, -0.0375463, 0.0112787, -0.013623, 0.00172298, 0, 0, 0, 0.00809705, 0.00666307, 0.00606647, 0, 0, 0, 0, 0, 0, 0.00627338, -0.0820972, 0.15239, 0.0389176, -0.0399169, -0.0219487, 0, 0, 0, 0, 0, 0, 0.0294308, 0.0115154, -0.00810215, 0, 0, 0, 0.0362624, -0.0514026, 0.0663492, 0.0153568, -0.0195117, -0.0243738, 0, 0, 0, 0, 0, 0, 0.0115154, 0.0116742, -0.000563856, 0, 0, 0, -0.00400543, 0.0235283, -0.0292193, -0.00958278, 0.00562508, 0.00584312, 0, 0, 0, 0, 0, 0, -0.00810215, -0.000563856, 0.00606647, 0, 0, 0, -0.00120258, 0.0141145, -0.198792, 0.0489638, 0.027537, 0.00201454, 0, 0, 0, 0, 0, 0, 0, 0, 0, 0.0402943, 0.0152533, 0.00748727, 0.106244, -0.0304463, -0.0743551, 0.0199786, 0.00469525, 0.0229954, 0, 0, 0, 0, 0, 0, 0, 0, 0, 0.0152533, 0.0248655, 0.00603178, -0.0133478, -0.0170024, -0.0309217, 0.00959001, 6.79212e-05, -0.004177, 0, 0, 0, 0, 0, 0, 0, 0, 0, 0.00748727, 0.00603178, 0.00606647, 2313.51, -1288.3, -349.097, -222.709, 68.948, 368.437, -21.0521, 89.6495, -26.8604, -89.0693, 146.798, -12.3143, -12.711, 10.0818, -10.3359, 27.6851, 95.2299, -35.9782, 1, -1.38778e-17, -1.38778e-17, 1, 2.60209e-17, -3.46945e-18, 1, -1.21431e-17, 7.97973e-17, 1, 1.73472e-18, -9.71445e-17, -3.64292e-17, 1, 0, 1.38778e-17, 1, 5.55112e-17, -5.89806e-17, 1, -1.66533e-16, -9.19403e-17, 1, 0, 3.46945e-17, 0, 1, -6.93889e-18, 1.11022e-16, 1, 4.85723e-17, -1.11022e-16, 1, -1.07553e-16, 0, 1, 5.20417e-18, 0.0248575, 0.298698, 7.80626e-18, 0.154937, -0.327431, -4.33681e-18, -0.0918229, 0.263187, 2.60209e-17, -0.0602385, -0.295907, -0.0248575, 5.55112e-17, 0.483189, -0.154937, 0, 0.423341, 0.0918229, 0, -0.130727, 0.0602385, -6.93889e-18, 0.0520139, -0.298698, -0.483189, -5.55112e-17, 0.327431, -0.423341, 2.77556e-17, -0.263187, 0.130727, -2.77556e-17, 0.295907, -0.0520139, -6.93889e-18, 0.000110187, 0.00120341, 0.279043, 0, 0, 0, 0, 0, 0, 0, 0, 0, 0.151539, 0.156619, -0.203216, 0, 0, 0, 0, 0, 0, 0, 0, 0, -0.0263356, 0.133711, -0.189729, 0, 0, 0, 0, 0, 0, 0, 0, 0, 0, 0, 0, -0.0135919, 0.178736, -0.239824, 0, 0, 0, 0, 0, 0, 0, 0, 0, 0.196357, -0.0020906, -0.2361, 0, 0, 0, 0, 0, 0, 0, 0, 0, 0.0170293, -0.0153051, -0.232475, 0, 0, 0, 0, 0, 0, 0, 0, 0, 0, 0, 0, 0.00882051, -0.115589, 0.197668, 0, 0, 0, 0, 0, 0, 0, 0, 0, 0.0318056, 0.0403501, -0.0465769, 0, 0, 0, 0, 0, 0, 0, 0, 0, -0.0247989, 0.145681, -0.180918, 0, 0, 0, 0, 0, 0, 0, 0, 0, 0, 0, 0, 0.00254076, -0.0361015, -0.236189, 0, 0, 0, 0, 0, 0, 0, 0, 0, 0.0854669, -0.124172, -0.252513, 0, 0, 0, 0, 0, 0, 0, 0, 0, -0.082644, -0.105274, -0.191459, 4238.36, -2050.17, -1159.21, 5740.22, -870.098, 807.186, 732.214, -2514.68, -1771.77, 4464.89, 2269.04, -2044.55, 1.31309, 1.15699, 3.92379, -18.0006, 0.155849, 5.94557, 55.3449, -43.8861, -82.1957, 36.7044, -33.5515, -122.005, 63.6735, 73.9223, -142.703, -15.248, -69.5377, -73.058, 1, 0, 0, 1, -25.372, -35.3635, 803.917, 723.937, 62.5094, -288.153, 0, 0, 0, -61674, 32554.5, -1924.68, -62884.2, 35175.2, -1416.19, 0, 0, 0, -826.373, 648.974, 1181.77, -530.882, 500.696, 1735.81, -946.137, -1069.81, 2097.81, 216.711, 1023.08, 1055.21, 0, 0, 50.2565, 0, 0, 0, 0, 0, 0, 0, 0, 50.2565, 100, 100, 100, 10000, 20, 1, 0.0001, 0.0001]
Input 2 (lbx): [-inf, -inf, -inf, -inf, -inf, -inf, -inf, -inf, -inf, -inf, -inf, -inf, -inf, -inf, -inf, -inf, -inf, -inf, -inf, -inf, -inf, -inf, -inf, -inf, -inf, -inf, -inf, -inf, -inf, -inf, -inf, -inf, -inf, -inf, -inf, -inf, -inf, -inf, -inf, -inf, -inf, -inf]
Input 3 (ubx): [inf, inf, inf, inf, inf, inf, inf, inf, inf, inf, inf, inf, inf, inf, inf, inf, inf, inf, inf, inf, inf, inf, inf, inf, inf, inf, inf, inf, inf, inf, inf, inf, inf, inf, inf, inf, inf, inf, inf, inf, inf, inf]
Input 4 (lbg): [0, 0, 0, 0, 0, 0, 0, 0, 0, 0, 0, 0, 0, 0, 0, 0, 0, 0, -100, -100, -100, -100, -100, -100, -100, -100, -100, -100, -100, -100, -inf, -inf, -inf, -inf, -inf, -inf, -inf, -inf, -inf, -inf, -inf, -inf, -inf, -inf, -inf, -inf, -inf, -inf, -inf, -inf, -inf, -inf, -inf, -inf]
Input 5 (ubg): [0, 0, 0, 0, 0, 0, 0, 0, 0, 0, 0, 0, 0, 0, 0, 0, 0, 0, 100, 100, 100, 100, 100, 100, 100, 100, 100, 100, 100, 100, 0, 0, 0, 0, 0, 0, 0, 0, 0, 0, 0, 0, 0, 0, 0, 0, 0, 0, 0, 0, 0, 0, 0, 0]
Input 6 (lam_x0): [0, 0, 0, 0, 0, 0, 0, 0, 0, 0, 0, 0, 0, 0, 0, 0, 0, 0, 0, 0, 0, 0, 0, 0, 0, 0, 0, 0, 0, 0, 0, 0, 0, 0, 0, 0, 0, 0, 0, 0, 0, 0]
Input 7 (lam_g0): [0, 0, 0, 0, 0, 0, 0, 0, 0, 0, 0, 0, 0, 0, 0, 0, 0, 0, 0, 0, 0, 0, 0, 0, 0, 0, 0, 0, 0, 0, 0, 0, 0, 0, 0, 0, 0, 0, 0, 0, 0, 0, 0, 0, 0, 0, 0, 0, 0, 0, 0, 0, 0, 0]
[wbc] QP failed, reusing last torques: Error in Function::call for 'wbc_qp' [MXFunction] at .../casadi/core/function.cpp:514:
Error in Function::operator() for 'solver' [MXFunction] at .../casadi/core/function.cpp:1736:
Error in Function::operator() for 'solver_qpsol' [QpoasesInterface] at .../casadi/core/function.cpp:1736:
.../casadi/core/conic.cpp:574: conic process failed. Set 'error_on_fail' option to false to ignore this error.
t=0.05 WALK   ok=True st=-SS- v=(-2.456,+1.015) cmd=(+0.504,+0.000) z=0.276 yaw=-6.268/+0.000 Fz=400.0 |s|=25.035 frz=12
t=0.55 WALK   ok=True st=-SS- v=(-0.818,+0.742) cmd=(+0.314,+0.000) z=3.280 yaw=-5.425/+0.000 Fz=400.0 |s|=97.842 frz=11
t=1.05 WALK   ok=True st=S--S v=(-1.196,-0.794) cmd=(+0.125,+0.000) z=3.669 yaw=-4.652/+0.000 Fz=400.0 |s|=110.039 frz=12
t=1.55 WALK   ok=True st=S--S v=(-0.098,+0.301) cmd=(-0.065,-0.000) z=1.524 yaw=-5.008/+0.000 Fz=547.5 |s|=33.550 frz=10
t=2.05 WALK   ok=True st=-SS- v=(+0.341,-0.292) cmd=(-0.255,-0.000) z=0.329 yaw=-7.095/+0.000 Fz=446.5 |s|=34.275 frz=10
t=2.55 WALK   ok=True st=S--S v=(+0.031,-3.307) cmd=(-0.380,-0.000) z=0.352 yaw=-11.957/+0.000 Fz=-0.0 |s|=33.214 frz=12
t=3.05 WALK   ok=True st=S--S v=(-0.860,-3.882) cmd=(-0.380,-0.000) z=0.568 yaw=-13.457/+0.000 Fz=400.0 |s|=23.360 frz=11
t=3.55 WALK   ok=True st=-SS- v=(-1.549,-3.582) cmd=(-0.380,-0.000) z=0.562 yaw=-14.106/+0.000 Fz=401.1 |s|=72.519 frz=11
t=4.05 WALK   ok=True st=-SS- v=(+1.735,-3.019) cmd=(-0.380,-0.000) z=0.650 yaw=-26.406/+0.000 Fz=312.9 |s|=48.085 frz=11
t=4.55 WALK   ok=True st=S--S v=(+1.933,-3.402) cmd=(-0.380,-0.000) z=0.528 yaw=-33.205/+0.000 Fz=347.5 |s|=67.230 frz=11
t=5.05 WALK   ok=True st=-SS- v=(+0.673,-3.841) cmd=(-0.380,-0.000) z=0.233 yaw=-40.818/+0.000 Fz=400.0 |s|=73.357 frz=12
t=5.55 WALK   ok=True st=-SS- v=(+0.081,-2.687) cmd=(-0.380,-0.000) z=0.513 yaw=-42.865/+0.000 Fz=54.8 |s|=27.204 frz=12
t=6.05 WALK   ok=True st=S--S v=(-0.761,-2.300) cmd=(-0.380,-0.000) z=0.403 yaw=-46.955/+0.000 Fz=314.4 |s|=47.155 frz=12
t=6.55 WALK   ok=True st=S--S v=(-0.862,-0.674) cmd=(-0.380,-0.000) z=0.572 yaw=-46.289/+0.000 Fz=-0.0 |s|=26.413 frz=11
t=7.05 WALK   ok=True st=-SS- v=(-1.309,-1.310) cmd=(-0.380,-0.000) z=0.491 yaw=-49.519/+0.000 Fz=-0.0 |s|=28.303 frz=11
t=7.55 WALK   ok=True st=S--S v=(-1.028,+1.289) cmd=(-0.380,-0.000) z=0.555 yaw=-52.510/+0.000 Fz=400.0 |s|=51.347 frz=11
t=8.05 WALK   ok=True st=S--S v=(+0.531,+1.483) cmd=(-0.380,-0.000) z=0.397 yaw=-55.462/+0.000 Fz=0.0 |s|=16.159 frz=11
t=8.55 WALK   ok=True st=-SS- v=(+0.215,+1.212) cmd=(-0.380,-0.000) z=0.315 yaw=-56.974/+0.000 Fz=87.0 |s|=19.991 frz=11
t=9.05 WALK   ok=True st=-SS- v=(-0.085,+0.624) cmd=(-0.380,-0.000) z=0.214 yaw=-57.100/+0.000 Fz=62.2 |s|=23.266 frz=12
t=9.55 WALK   ok=True st=S--S v=(+0.817,+0.575) cmd=(-0.380,-0.000) z=0.715 yaw=-57.529/+0.000 Fz=-0.0 |s|=19.008 frz=11
t=10.05 WALK   ok=True st=-SS- v=(+2.398,-1.586) cmd=(-0.380,-0.000) z=0.409 yaw=-59.958/+0.000 Fz=0.0 |s|=198.271 frz=11
t=10.55 WALK   ok=True st=-SS- v=(+0.963,-0.963) cmd=(-0.380,-0.000) z=0.319 yaw=-63.530/+0.000 Fz=-0.0 |s|=53.808 frz=11
t=11.05 WALK   ok=True st=S--S v=(+1.036,-0.690) cmd=(-0.380,-0.000) z=0.685 yaw=-60.074/+0.000 Fz=400.0 |s|=35.429 frz=11
t=11.55 WALK   ok=True st=S--S v=(+1.626,-1.112) cmd=(-0.380,-0.000) z=0.436 yaw=-61.472/+0.000 Fz=-0.0 |s|=18.846 frz=9
t=12.05 WALK   ok=True st=-SS- v=(+1.105,-1.945) cmd=(-0.380,-0.000) z=0.310 yaw=-63.241/+0.000 Fz=400.0 |s|=66.945 frz=11
t=12.55 WALK   ok=True st=S--S v=(+3.503,+1.712) cmd=(-0.380,-0.000) z=0.311 yaw=-61.821/+0.000 Fz=35.5 |s|=25.468 frz=12
t=13.05 WALK   ok=True st=S--S v=(+4.229,-0.185) cmd=(-0.380,-0.000) z=0.745 yaw=-66.813/+0.000 Fz=-0.0 |s|=38.165 frz=10
t=13.55 WALK   ok=True st=-SS- v=(+4.294,-0.726) cmd=(-0.380,-0.000) z=0.268 yaw=-64.569/+0.000 Fz=83.8 |s|=21.042 frz=9
t=14.05 WALK   ok=True st=-SS- v=(+1.750,-0.680) cmd=(-0.380,-0.000) z=0.312 yaw=-62.769/+0.000 Fz=5.7 |s|=9.874 frz=12
t=14.55 WALK   ok=True st=S--S v=(+0.221,-0.318) cmd=(-0.380,-0.000) z=0.438 yaw=-63.105/+0.000 Fz=285.7 |s|=84.129 frz=11
t=15.05 WALK   ok=True st=-SS- v=(-2.069,+1.291) cmd=(-0.380,-0.000) z=0.230 yaw=-61.786/+0.000 Fz=800.0 |s|=27.728 frz=12
t=15.55 WALK   ok=True st=-SS- v=(+0.756,-0.413) cmd=(-0.380,-0.000) z=0.571 yaw=-59.928/+0.000 Fz=423.0 |s|=63.750 frz=12
t=16.05 WALK   ok=True st=S--S v=(+0.719,+0.470) cmd=(-0.380,-0.000) z=0.445 yaw=-58.189/+0.000 Fz=246.3 |s|=22.700 frz=11
t=16.55 WALK   ok=True st=S--S v=(+0.364,+0.402) cmd=(-0.380,-0.000) z=0.207 yaw=-57.231/+0.000 Fz=19.2 |s|=22.719 frz=11
t=17.05 WALK   ok=True st=-SS- v=(+0.996,+1.524) cmd=(-0.380,-0.000) z=0.354 yaw=-61.319/+0.000 Fz=265.1 |s|=28.841 frz=12
t=17.55 WALK   ok=True st=S--S v=(-0.220,+3.481) cmd=(-0.380,-0.000) z=0.763 yaw=-59.298/+0.000 Fz=346.4 |s|=58.690 frz=12
t=18.05 WALK   ok=True st=S--S v=(+1.448,+2.397) cmd=(-0.380,-0.000) z=0.538 yaw=-58.912/+0.000 Fz=581.2 |s|=49.351 frz=12
t=18.55 WALK   ok=True st=-SS- v=(+0.617,+4.406) cmd=(-0.380,-0.000) z=0.906 yaw=-60.045/+0.000 Fz=313.1 |s|=34.079 frz=11
t=19.05 WALK   ok=True st=-SS- v=(+0.560,+1.467) cmd=(-0.380,-0.000) z=0.279 yaw=-52.228/+0.000 Fz=412.7 |s|=25.979 frz=12
t=19.55 WALK   ok=True st=S--S v=(+0.834,+0.446) cmd=(-0.380,-0.000) z=0.982 yaw=-52.056/+0.000 Fz=633.6 |s|=29.821 frz=11
t=20.05 WALK   ok=True st=-SS- v=(+2.124,-0.462) cmd=(-0.380,-0.000) z=0.189 yaw=-52.577/+0.000 Fz=13.7 |s|=31.185 frz=10
t=20.55 WALK   ok=True st=-SS- v=(+1.467,+0.040) cmd=(-0.380,-0.000) z=0.481 yaw=-55.509/+0.000 Fz=240.4 |s|=48.076 frz=9
t=21.05 WALK   ok=True st=S--S v=(+3.299,+0.671) cmd=(-0.380,-0.000) z=0.420 yaw=-57.879/+0.000 Fz=458.0 |s|=35.539 frz=12
t=21.55 WALK   ok=True st=S--S v=(+2.986,+0.407) cmd=(-0.380,-0.000) z=0.574 yaw=-62.336/+0.000 Fz=0.0 |s|=51.235 frz=12
t=22.05 WALK   ok=True st=-SS- v=(+0.645,+0.353) cmd=(-0.380,-0.000) z=0.381 yaw=-63.820/+0.000 Fz=400.0 |s|=34.771 frz=7
t=22.55 WALK   ok=True st=S--S v=(-0.988,+1.417) cmd=(-0.380,-0.000) z=0.666 yaw=-66.084/+0.000 Fz=602.3 |s|=45.571 frz=9
t=23.05 WALK   ok=True st=S--S v=(-0.041,+0.231) cmd=(-0.380,-0.000) z=0.599 yaw=-69.127/+0.000 Fz=371.9 |s|=34.463 frz=10
t=23.55 WALK   ok=True st=-SS- v=(-0.087,+0.805) cmd=(-0.380,-0.000) z=0.732 yaw=-69.858/+0.000 Fz=-0.0 |s|=19.829 frz=10
t=24.05 WALK   ok=True st=-SS- v=(-0.046,-0.502) cmd=(-0.380,-0.000) z=0.281 yaw=-72.579/+0.000 Fz=679.7 |s|=30.770 frz=11
t=24.55 WALK   ok=True st=S--S v=(+0.636,-0.106) cmd=(-0.380,-0.000) z=0.454 yaw=-75.364/+0.000 Fz=221.5 |s|=20.841 frz=9
t=25.05 WALK   ok=True st=-SS- v=(-0.699,+0.726) cmd=(-0.380,-0.000) z=0.296 yaw=-71.607/+0.000 Fz=423.9 |s|=41.724 frz=11
t=25.55 WALK   ok=True st=-SS- v=(-0.400,+1.149) cmd=(-0.380,-0.000) z=0.492 yaw=-71.713/+0.000 Fz=400.0 |s|=58.195 frz=11
t=26.05 WALK   ok=True st=S--S v=(-0.318,+1.601) cmd=(-0.380,-0.000) z=1.071 yaw=-73.663/+0.000 Fz=-0.0 |s|=35.486 frz=10
t=26.55 WALK   ok=True st=S--S v=(-1.444,+2.544) cmd=(-0.380,-0.000) z=0.583 yaw=-77.600/+0.000 Fz=63.0 |s|=84.636 frz=12
t=27.05 WALK   ok=True st=-SS- v=(-0.884,-0.605) cmd=(-0.380,-0.000) z=0.532 yaw=-76.454/+0.000 Fz=73.0 |s|=18.376 frz=12
t=27.55 WALK   ok=True st=S--S v=(-1.584,+0.299) cmd=(-0.380,-0.000) z=0.642 yaw=-78.484/+0.000 Fz=403.7 |s|=36.987 frz=12
t=28.05 WALK   ok=True st=S--S v=(-0.050,+0.091) cmd=(-0.380,-0.000) z=0.418 yaw=-73.499/+0.000 Fz=39.3 |s|=44.772 frz=11
t=28.55 WALK   ok=True st=-SS- v=(+1.434,-0.903) cmd=(-0.380,-0.000) z=0.474 yaw=-67.816/+0.000 Fz=231.9 |s|=29.384 frz=11
t=29.05 WALK   ok=True st=-SS- v=(+0.243,-0.974) cmd=(-0.380,-0.000) z=0.285 yaw=-66.171/+0.000 Fz=131.2 |s|=33.339 frz=11
t=29.55 WALK   ok=True st=S--S v=(+2.202,-0.503) cmd=(-0.380,-0.000) z=0.427 yaw=-67.200/+0.000 Fz=800.0 |s|=39.926 frz=12
t=30.05 WALK   ok=True st=-SS- v=(+2.849,+0.086) cmd=(-0.380,-0.000) z=0.329 yaw=-68.006/+0.000 Fz=400.0 |s|=57.833 frz=10
t=30.55 WALK   ok=True st=-SS- v=(+2.230,-2.502) cmd=(-0.380,-0.000) z=0.454 yaw=-69.292/+0.000 Fz=-0.0 |s|=77.497 frz=11
t=31.05 WALK   ok=True st=S--S v=(+2.184,-1.446) cmd=(-0.380,-0.000) z=0.488 yaw=-74.487/+0.000 Fz=263.8 |s|=17.583 frz=12
t=31.55 WALK   ok=True st=S--S v=(+1.929,-0.589) cmd=(-0.380,-0.000) z=0.830 yaw=-79.785/+0.000 Fz=400.0 |s|=30.089 frz=11
t=32.05 WALK   ok=True st=-SS- v=(+3.248,+0.671) cmd=(-0.380,-0.000) z=0.391 yaw=-83.032/+0.000 Fz=400.0 |s|=39.426 frz=11
t=32.55 WALK   ok=True st=S--S v=(+2.944,-0.325) cmd=(-0.380,-0.000) z=1.425 yaw=-83.919/+0.000 Fz=415.9 |s|=47.356 frz=12
t=33.05 WALK   ok=True st=S--S v=(+2.946,-0.240) cmd=(-0.380,-0.000) z=1.118 yaw=-84.626/+0.000 Fz=185.7 |s|=44.280 frz=11
t=33.55 WALK   ok=True st=-SS- v=(-0.405,-0.076) cmd=(-0.380,-0.000) z=0.560 yaw=-85.811/+0.000 Fz=593.3 |s|=42.694 frz=12
t=34.05 WALK   ok=True st=-SS- v=(+0.392,+0.132) cmd=(-0.380,-0.000) z=0.431 yaw=-85.979/+0.000 Fz=583.4 |s|=42.389 frz=10
t=34.55 WALK   ok=True st=S--S v=(+0.373,+0.614) cmd=(-0.380,-0.000) z=0.433 yaw=-89.071/+0.000 Fz=347.8 |s|=39.448 frz=11
t=35.05 WALK   ok=True st=-SS- v=(+1.593,+0.059) cmd=(-0.380,-0.000) z=0.793 yaw=-94.969/+0.000 Fz=800.0 |s|=34.848 frz=10
t=35.55 WALK   ok=True st=-SS- v=(+2.227,-0.290) cmd=(-0.380,-0.000) z=0.285 yaw=-101.498/+0.000 Fz=800.0 |s|=39.865 frz=10
t=36.05 WALK   ok=True st=S--S v=(+0.073,-1.563) cmd=(-0.380,-0.000) z=0.540 yaw=-103.147/+0.000 Fz=177.5 |s|=30.797 frz=10
t=36.55 WALK   ok=True st=S--S v=(+3.217,-0.420) cmd=(-0.380,-0.000) z=0.218 yaw=-102.380/+0.000 Fz=400.0 |s|=35.831 frz=12
t=37.05 WALK   ok=True st=-SS- v=(+2.654,-0.206) cmd=(-0.380,-0.000) z=0.632 yaw=-99.363/+0.000 Fz=0.0 |s|=27.462 frz=12
t=37.55 WALK   ok=True st=S--S v=(+2.699,+0.117) cmd=(-0.380,-0.000) z=0.419 yaw=-99.030/+0.000 Fz=41.0 |s|=21.105 frz=12
t=38.05 WALK   ok=True st=S--S v=(+0.182,-0.463) cmd=(-0.380,-0.000) z=0.369 yaw=-98.803/+0.000 Fz=75.5 |s|=31.584 frz=11
t=38.55 WALK   ok=True st=-SS- v=(-0.930,-2.220) cmd=(-0.380,-0.000) z=0.286 yaw=-96.572/+0.000 Fz=247.0 |s|=42.733 frz=11
t=39.05 WALK   ok=True st=-SS- v=(-1.159,-0.787) cmd=(-0.380,-0.000) z=0.517 yaw=-95.295/+0.000 Fz=51.0 |s|=34.026 frz=9
t=39.55 WALK   ok=True st=S--S v=(-0.346,-1.459) cmd=(-0.380,-0.000) z=0.658 yaw=-98.055/+0.000 Fz=400.0 |s|=194.535 frz=11
t=40.05 WALK   ok=True st=-SS- v=(-1.340,+0.384) cmd=(-0.380,-0.000) z=0.610 yaw=-103.864/+0.000 Fz=181.4 |s|=40.452 frz=10
t=40.55 WALK   ok=True st=-SS- v=(-1.427,+0.874) cmd=(-0.380,-0.000) z=0.423 yaw=-102.572/+0.000 Fz=193.2 |s|=43.991 frz=10
t=41.05 WALK   ok=True st=S--S v=(+1.069,+0.584) cmd=(-0.380,-0.000) z=0.226 yaw=-102.545/+0.000 Fz=0.0 |s|=50.902 frz=12
t=41.55 WALK   ok=True st=S--S v=(-1.468,+1.897) cmd=(-0.380,-0.000) z=0.723 yaw=-101.226/+0.000 Fz=0.0 |s|=27.723 frz=10
t=42.05 WALK   ok=True st=-SS- v=(-0.422,-0.193) cmd=(-0.380,-0.000) z=0.243 yaw=-97.811/+0.000 Fz=-0.0 |s|=48.945 frz=12
Traceback (most recent call last):
  File "/home/ulone/.local/lib/python3.12/site-packages/casadi/casadi.py", line 15025, in toarray
    return np.array(self.T.elements()).reshape(self.shape)
                    ^^^^^^
  File "/home/ulone/.local/lib/python3.12/site-packages/casadi/casadi.py", line 14929, in T
    return _casadi.transpose(self)
           ^^^^^^^^^^^^^^^^^^^^^^^
KeyboardInterrupt

The above exception was the direct cause of the following exception:

Traceback (most recent call last):
  File "/home/ulone/ros2_ws/src/quins_ros2/MUJOCO/MujocoSim.py", line 186, in <module>
    main()
  File "/home/ulone/ros2_ws/src/quins_ros2/MUJOCO/MujocoSim.py", line 151, in main
    tau = wbc.solve(**cmd)["tau"]
          ^^^^^^^^^^^^^^^^
  File "/home/ulone/ros2_ws/src/quins_ros2/LOGIC/WbcLogic.py", line 184, in solve
    "Fc": np.array(Fc).flatten(),
          ^^^^^^^^^^^^
SystemError: <function DM.__array__ at 0x7480203104a0> returned a result with an exception set
/home/ulone/ros2_ws/src/quins_ros2/.venv/lib/python3.12/site-packages/glfw/__init__.py:917: GLFWError: (65537) b'The GLFW library is not initialized'
  warnings.warn(message, GLFWError)
