pygame 2.6.1 (SDL 2.28.4, Python 3.12.3)
Hello from the pygame community. https://www.pygame.org/contribute.html
[init] base z = 2.481, contacts = 0
[INPUT] No Gamepad detected
Unknown tag "{http://www.ros.org/wiki/xacro}arg" in /robot[@name='mjbots_quad']
Unknown tag "mujoco" in /robot[@name='mjbots_quad']

=== MPC/FOSMC DEBUG ===
MPC solves so far: 0 | time since last solve: 0.21s | last exception: None
GaitLogic state: TUNING | walking=False turning=False jump_state=''
cmd['q_des'] (raw gait target, NOT what the MPC tracks anymore): [ 0.    0.45 -0.6   0.    0.45 -0.6   0.    0.45 -0.6   0.    0.45 -0.6 ]
cmd['is_stance']              : [False, False, False, False]
q_act        : [ 0.   0.6 -1.1  0.   0.6 -1.1  0.   0.6 -1.1  0.   0.6 -1.1]
q_des (mpc)  : [ 0.   0.6 -1.1  0.   0.6 -1.1  0.   0.6 -1.1  0.   0.6 -1.1]   <- converges to NOMINAL_STANCE [ 0.   0.6 -1.1  0.   0.6 -1.1  0.   0.6 -1.1  0.   0.6 -1.1], not cmd['q_des']
q plan end   : [ 0.   0.6 -1.1  0.   0.6 -1.1  0.   0.6 -1.1  0.   0.6 -1.1]   <- where the MPC sends the joints by node n
base v_y actual: 0.0000   base v_y commanded: 0.0000
tau0 (mpc ff): [0. 0. 0. 0. 0. 0. 0. 0. 0. 0. 0. 0.]
pd (fosmc fb): [0. 0. 0. 0. 0. 0. 0. 0. 0. 0. 0. 0.]
applied ctrl : [0. 0. 0. 0. 0. 0. 0. 0. 0. 0. 0. 0.]
base pos     : [0.     0.     2.4809]  base quat: [1. 0. 0. 0.]
pitch (deg, + = nose down): 0.00 | foot y rel hip (+ = behind) FL FR BL BR: [0.   0.   0.01 0.01]
swing-phase floor contact (2 ms steps since last print) FL FR BL BR: [0 0 0 0]
=======================

  [con report] largest |multiplier| (name, node, max|lam|, max viol, min width):
    init_qj        k=0  lam=4.81e+11 viol=0.00e+00 width=0.0e+00
    dyn_qj         k=0  lam=4.81e+11 viol=0.00e+00 width=0.0e+00
    qj_bound       k=1  lam=4.81e+11 viol=2.00e-01 width=1.0e+00
    init_v         k=0  lam=1.92e+10 viol=0.00e+00 width=0.0e+00
    init_p         k=0  lam=3.16e+03 viol=0.00e+00 width=0.0e+00
    dyn_p          k=0  lam=2.90e+03 viol=0.00e+00 width=0.0e+00
    dyn_p          k=1  lam=2.64e+03 viol=0.00e+00 width=0.0e+00
    dyn_p          k=2  lam=2.39e+03 viol=4.34e-19 width=0.0e+00
  [con report] largest violation:
    qj_bound       k=1  lam=4.81e+11 viol=2.00e-01 width=1.0e+00
    qj_bound       k=2  lam=7.98e+00 viol=1.40e-01 width=1.0e+00
    qj_bound       k=3  lam=3.49e+00 viol=7.44e-02 width=1.0e+00
    qj_bound       k=4  lam=2.49e+00 viol=1.07e-02 width=1.0e+00
    noslip_BR      k=1  lam=3.57e+02 viol=1.76e-05 width=0.0e+00
    noslip_BL      k=1  lam=3.57e+02 viol=1.76e-05 width=0.0e+00
    noslip_FL      k=1  lam=3.53e+02 viol=1.75e-05 width=0.0e+00
    noslip_FR      k=1  lam=3.53e+02 viol=1.75e-05 width=0.0e+00
[mpc t=0.00 FAIL iters=50 status=1]wall=2.301s N=15 | FL:SSSSSSSSSSSSSS FR:SSSSSSSSSSSSSS BL:SSSSSSSSSSSSSS BR:SSSSSSSSSSSSSS
[mpc t=0.02 OK   iters=7 status=0]wall=0.160s N=15 | FL:SSSSSSSSSSSSSS FR:SSSSSSSSSSSSSS BL:SSSSSSSSSSSSSS BR:SSSSSSSSSSSSSS
[mpc t=0.04 OK   iters=6 status=0]wall=0.140s N=15 | FL:SSSSSSSSSSSSSS FR:SSSSSSSSSSSSSS BL:SSSSSSSSSSSSSS BR:SSSSSSSSSSSSSS
[mpc t=0.06 OK   iters=5 status=0]wall=0.123s N=15 | FL:SSSSSSSSSSSSSS FR:SSSSSSSSSSSSSS BL:SSSSSSSSSSSSSS BR:SSSSSSSSSSSSSS
[mpc t=0.08 OK   iters=5 status=0]wall=0.124s N=15 | FL:SSSSSSSSSSSSSS FR:SSSSSSSSSSSSSS BL:SSSSSSSSSSSSSS BR:SSSSSSSSSSSSSS
[mpc t=0.10 OK   iters=5 status=0]wall=0.120s N=15 | FL:SSSSSSSSSSSSSS FR:SSSSSSSSSSSSSS BL:SSSSSSSSSSSSSS BR:SSSSSSSSSSSSSS
[mpc t=0.12 OK   iters=5 status=0]wall=0.146s N=15 | FL:SSSSSSSSSSSSSS FR:SSSSSSSSSSSSSS BL:SSSSSSSSSSSSSS BR:SSSSSSSSSSSSSS
[mpc t=0.14 OK   iters=8 status=0]wall=0.135s N=15 | FL:SSSSSSSSSSSSSw FR:wwwwwwwwwwwwwS BL:wwwwwwwwwwwwwS BR:SSSSSSSSSSSSSw
[mpc t=0.16 OK   iters=9 status=0]wall=0.172s N=15 | FL:SSSSSSSSSSSSww FR:wwwwwwwwwwwwSS BL:wwwwwwwwwwwwSS BR:SSSSSSSSSSSSww
[mpc t=0.18 OK   iters=8 status=0]wall=0.158s N=15 | FL:SSSSSSSSSSSSww FR:wwwwwwwwwwwwSS BL:wwwwwwwwwwwwSS BR:SSSSSSSSSSSSww
[mpc t=0.20 OK   iters=9 status=0]wall=0.170s N=15 | FL:SSSSSSSSSSSwww FR:wwwwwwwwwwwSSS BL:wwwwwwwwwwwSSS BR:SSSSSSSSSSSwww
[mpc t=0.22 OK   iters=7 status=0]wall=0.136s N=15 | FL:SSSSSSSSSSSwww FR:wwwwwwwwwwwSSS BL:wwwwwwwwwwwSSS BR:SSSSSSSSSSSwww
[mpc t=0.24 OK   iters=9 status=0]wall=0.168s N=15 | FL:SSSSSSSSSSwwww FR:wwwwwwwwwwSSSS BL:wwwwwwwwwwSSSS BR:SSSSSSSSSSwwww
[mpc t=0.26 OK   iters=8 status=0]wall=0.168s N=15 | FL:SSSSSSSSSSwwww FR:wwwwwwwwwwSSSS BL:wwwwwwwwwwSSSS BR:SSSSSSSSSSwwww
[mpc t=0.28 OK   iters=10 status=0]wall=0.177s N=15 | FL:SSSSSSSSSwwwww FR:wwwwwwwwwSSSSS BL:wwwwwwwwwSSSSS BR:SSSSSSSSSwwwww
[mpc t=0.30 OK   iters=10 status=0]wall=0.186s N=15 | FL:SSSSSSSSSwwwww FR:wwwwwwwwwSSSSS BL:wwwwwwwwwSSSSS BR:SSSSSSSSSwwwww
[mpc t=0.32 OK   iters=12 status=0]wall=0.210s N=15 | FL:SSSSSSSSwwwwww FR:wwwwwwwwSSSSSS BL:wwwwwwwwSSSSSS BR:SSSSSSSSwwwwww
[mpc t=0.34 OK   iters=9 status=0]wall=0.170s N=15 | FL:SSSSSSSSwwwwww FR:wwwwwwwwSSSSSS BL:wwwwwwwwSSSSSS BR:SSSSSSSSwwwwww
[mpc t=0.36 OK   iters=12 status=0]wall=0.214s N=15 | FL:SSSSSSSwwwwwww FR:wwwwwwwSSSSSSS BL:wwwwwwwSSSSSSS BR:SSSSSSSwwwwwww
[mpc t=0.38 OK   iters=8 status=0]wall=0.146s N=15 | FL:SSSSSSSwwwwwww FR:wwwwwwwSSSSSSS BL:wwwwwwwSSSSSSS BR:SSSSSSSwwwwwww
[mpc t=0.40 OK   iters=12 status=0]wall=0.211s N=15 | FL:SSSSSSwwwwwwww FR:wwwwwwSSSSSSSS BL:wwwwwwSSSSSSSS BR:SSSSSSwwwwwwww
[mpc t=0.42 OK   iters=8 status=0]wall=0.147s N=15 | FL:SSSSSSwwwwwwww FR:wwwwwwSSSSSSSS BL:wwwwwwSSSSSSSS BR:SSSSSSwwwwwwww
[mpc t=0.44 OK   iters=12 status=0]wall=0.211s N=15 | FL:SSSSSwwwwwwwww FR:wwwwwSSSSSSSSS BL:wwwwwSSSSSSSSS BR:SSSSSwwwwwwwww
[mpc t=0.46 OK   iters=9 status=0]wall=0.162s N=15 | FL:SSSSSwwwwwwwww FR:wwwwwSSSSSSSSS BL:wwwwwSSSSSSSSS BR:SSSSSwwwwwwwww
[mpc t=0.48 OK   iters=10 status=0]wall=0.186s N=15 | FL:SSSSwwwwwwwwww FR:wwwwSSSSSSSSSS BL:wwwwSSSSSSSSSS BR:SSSSwwwwwwwwww
[mpc t=0.50 OK   iters=8 status=0]wall=0.149s N=15 | FL:SSSSwwwwwwwwww FR:wwwwSSSSSSSSSS BL:wwwwSSSSSSSSSS BR:SSSSwwwwwwwwww

=== MPC/FOSMC DEBUG ===
MPC solves so far: 25 | time since last solve: 0.00s | last exception: None
GaitLogic state: WALK | walking=True turning=False jump_state=''
cmd['q_des'] (raw gait target, NOT what the MPC tracks anymore): [-0.     0.452 -0.807 -0.     0.699 -1.355  0.     0.677 -1.316  0.
  0.418 -0.745]
cmd['is_stance']              : [True, False, False, True]
q_act        : [ 0.003  0.601 -1.073 -0.007  0.444 -1.44   0.005  0.467 -1.4    0.005
  0.611 -1.041]
q_des (mpc)  : [ 0.003  0.601 -1.073 -0.007  0.444 -1.44   0.005  0.467 -1.4    0.005
  0.611 -1.041]   <- converges to NOMINAL_STANCE [ 0.   0.6 -1.1  0.   0.6 -1.1  0.   0.6 -1.1  0.   0.6 -1.1], not cmd['q_des']
q plan end   : [ 0.007  0.44  -1.318  0.005  0.608 -1.144  0.006  0.675 -1.033 -0.019
  0.49  -1.311]   <- where the MPC sends the joints by node n
base v_y actual: -0.1938   base v_y commanded: -0.3600
tau0 (mpc ff): [-44.7   15.48  51.33  -8.33  13.81  19.71   9.63  15.64  18.74  50.6
   5.28  39.62]
pd (fosmc fb): [ 0.02  0.23 -0.07 -0.02  0.74  2.17 -0.06  0.3   2.21  0.05  0.1   0.12]
applied ctrl : [-44.7   15.48  51.33  -8.33  13.81  19.71   9.63  15.64  18.74  50.6
   5.28  39.62]
base pos     : [ 0.0191 -0.0321  2.4889]  base quat: [ 1.0e+00 -1.6e-03  2.9e-03 -2.0e-04]
pitch (deg, + = nose down): -0.18 | foot y rel hip (+ = behind) FL FR BL BR: [ 0.04 -0.72 -0.64  0.11]
swing-phase floor contact (2 ms steps since last print) FL FR BL BR: [0 0 9 9]
=======================

[mpc t=0.52 OK   iters=9 status=0]wall=0.163s N=15 | FL:SSSwwwwwwwwwww FR:wwwSSSSSSSSSSS BL:wwwSSSSSSSSSSS BR:SSSwwwwwwwwwww
[mpc t=0.54 OK   iters=9 status=0]wall=0.160s N=15 | FL:SSSwwwwwwwwwww FR:wwwSSSSSSSSSSS BL:wwwSSSSSSSSSSS BR:SSSwwwwwwwwwww
[mpc t=0.56 OK   iters=9 status=0]wall=0.164s N=15 | FL:SSwwwwwwwwwwww FR:wwSSSSSSSSSSSS BL:wwSSSSSSSSSSSS BR:SSwwwwwwwwwwww
[mpc t=0.58 OK   iters=8 status=0]wall=0.151s N=15 | FL:SSwwwwwwwwwwww FR:wwSSSSSSSSSSSS BL:wwSSSSSSSSSSSS BR:SSwwwwwwwwwwww
[mpc t=0.60 OK   iters=9 status=0]wall=0.172s N=15 | FL:Swwwwwwwwwwwww FR:wSSSSSSSSSSSSS BL:wSSSSSSSSSSSSS BR:Swwwwwwwwwwwww
[mpc t=0.62 OK   iters=9 status=0]wall=0.163s N=15 | FL:SwwwwwwwwwwwwS FR:wSSSSSSSSSSSSw BL:wSSSSSSSSSSSSw BR:SwwwwwwwwwwwwS
[mpc t=0.64 OK   iters=9 status=0]wall=0.162s N=15 | FL:wwwwwwwwwwwwwS FR:SSSSSSSSSSSSSw BL:SSSSSSSSSSSSSw BR:wwwwwwwwwwwwwS
[mpc t=0.66 OK   iters=11 status=0]wall=0.195s N=15 | FL:wwwwwwwwwwwwSS FR:SSSSSSSSSSSSww BL:SSSSSSSSSSSSww BR:wwwwwwwwwwwwSS
[mpc t=0.68 OK   iters=15 status=0]wall=0.284s N=15 | FL:wwwwwwwwwwwwSS FR:SSSSSSSSSSSSww BL:SSSSSSSSSSSSww BR:wwwwwwwwwwwwSS
[mpc t=0.70 OK   iters=11 status=0]wall=0.193s N=15 | FL:wwwwwwwwwwwSSS FR:SSSSSSSSSSSwww BL:SSSSSSSSSSSwww BR:wwwwwwwwwwwSSS
[mpc t=0.72 OK   iters=8 status=0]wall=0.149s N=15 | FL:wwwwwwwwwwwSSS FR:SSSSSSSSSSSwww BL:SSSSSSSSSSSwww BR:wwwwwwwwwwwSSS
[mpc t=0.74 OK   iters=8 status=0]wall=0.147s N=15 | FL:wwwwwwwwwwSSSS FR:SSSSSSSSSSwwww BL:SSSSSSSSSSwwww BR:wwwwwwwwwwSSSS
[mpc t=0.76 OK   iters=8 status=0]wall=0.152s N=15 | FL:wwwwwwwwwwSSSS FR:SSSSSSSSSSwwww BL:SSSSSSSSSSwwww BR:wwwwwwwwwwSSSS
[mpc t=0.78 OK   iters=9 status=0]wall=0.165s N=15 | FL:wwwwwwwwwSSSSS FR:SSSSSSSSSwwwww BL:SSSSSSSSSwwwww BR:wwwwwwwwwSSSSS
[mpc t=0.80 OK   iters=10 status=0]wall=0.185s N=15 | FL:wwwwwwwwwSSSSS FR:SSSSSSSSSwwwww BL:SSSSSSSSSwwwww BR:wwwwwwwwwSSSSS
[mpc t=0.82 OK   iters=12 status=0]wall=0.211s N=15 | FL:wwwwwwwwSSSSSS FR:SSSSSSSSwwwwww BL:SSSSSSSSwwwwww BR:wwwwwwwwSSSSSS
[mpc t=0.84 OK   iters=10 status=0]wall=0.176s N=15 | FL:wwwwwwwwSSSSSS FR:SSSSSSSSwwwwww BL:SSSSSSSSwwwwww BR:wwwwwwwwSSSSSS
[mpc t=0.86 OK   iters=12 status=0]wall=0.208s N=15 | FL:wwwwwwwSSSSSSS FR:SSSSSSSwwwwwww BL:SSSSSSSwwwwwww BR:wwwwwwwSSSSSSS
[mpc t=0.88 OK   iters=9 status=0]wall=0.173s N=15 | FL:wwwwwwwSSSSSSS FR:SSSSSSSwwwwwww BL:SSSSSSSwwwwwww BR:wwwwwwwSSSSSSS
[mpc t=0.90 OK   iters=12 status=0]wall=0.209s N=15 | FL:wwwwwwSSSSSSSS FR:SSSSSSwwwwwwww BL:SSSSSSwwwwwwww BR:wwwwwwSSSSSSSS
[mpc t=0.92 OK   iters=8 status=0]wall=0.151s N=15 | FL:wwwwwwSSSSSSSS FR:SSSSSSwwwwwwww BL:SSSSSSwwwwwwww BR:wwwwwwSSSSSSSS
[mpc t=0.94 OK   iters=11 status=0]wall=0.197s N=15 | FL:wwwwwSSSSSSSSS FR:SSSSSwwwwwwwww BL:SSSSSwwwwwwwww BR:wwwwwSSSSSSSSS
[mpc t=0.96 OK   iters=8 status=0]wall=0.150s N=15 | FL:wwwwwSSSSSSSSS FR:SSSSSwwwwwwwww BL:SSSSSwwwwwwwww BR:wwwwwSSSSSSSSS
[mpc t=0.98 OK   iters=8 status=0]wall=0.151s N=15 | FL:wwwwSSSSSSSSSS FR:SSSSwwwwwwwwww BL:SSSSwwwwwwwwww BR:wwwwSSSSSSSSSS
[mpc t=1.00 OK   iters=7 status=0]wall=0.134s N=15 | FL:wwwwSSSSSSSSSS FR:SSSSwwwwwwwwww BL:SSSSwwwwwwwwww BR:wwwwSSSSSSSSSS

=== MPC/FOSMC DEBUG ===
MPC solves so far: 50 | time since last solve: 0.00s | last exception: None
GaitLogic state: WALK | walking=True turning=False jump_state=''
cmd['q_des'] (raw gait target, NOT what the MPC tracks anymore): [ 0.     0.694 -1.455  0.     0.565 -0.971 -0.     0.536 -0.92  -0.
  0.675 -1.419]
cmd['is_stance']              : [False, True, True, False]
q_act        : [ 0.003  0.446 -1.434  0.007  0.627 -1.062 -0.011  0.711 -0.881 -0.01
  0.5   -1.433]
q_des (mpc)  : [ 0.003  0.446 -1.434  0.007  0.627 -1.062 -0.011  0.711 -0.881 -0.01
  0.5   -1.433]   <- converges to NOMINAL_STANCE [ 0.   0.6 -1.1  0.   0.6 -1.1  0.   0.6 -1.1  0.   0.6 -1.1], not cmd['q_des']
q plan end   : [ 1.000e-03  7.030e-01 -1.116e+00 -8.000e-03  4.340e-01 -1.325e+00
  1.900e-02  4.560e-01 -1.344e+00 -1.000e-03  6.970e-01 -1.052e+00]   <- where the MPC sends the joints by node n
base v_y actual: -0.7908   base v_y commanded: -0.8600
tau0 (mpc ff): [  8.06  12.25  19.54  46.24  19.85  49.65 -46.44 -16.67  28.26  -6.83
   7.62  20.55]
pd (fosmc fb): [-0.1   0.6   2.18 -0.06  0.27 -0.05 -0.07 -0.18  0.56  0.33 -0.71  2.22]
applied ctrl : [  8.06  12.25  19.54  46.24  19.85  49.65 -46.44 -16.67  28.26  -6.83
   7.62  20.55]
base pos     : [ 0.0546 -0.2751  2.508 ]  base quat: [ 1.0e+00  5.0e-04  1.5e-03 -7.0e-04]
pitch (deg, + = nose down): 0.06 | foot y rel hip (+ = behind) FL FR BL BR: [-0.71  0.12  0.59 -0.6 ]
swing-phase floor contact (2 ms steps since last print) FL FR BL BR: [0 0 0 0]
=======================

[mpc t=1.02 OK   iters=8 status=0]wall=0.150s N=15 | FL:wwwSSSSSSSSSSS FR:SSSwwwwwwwwwww BL:SSSwwwwwwwwwww BR:wwwSSSSSSSSSSS
[mpc t=1.04 OK   iters=7 status=0]wall=0.133s N=15 | FL:wwwSSSSSSSSSSS FR:SSSwwwwwwwwwww BL:SSSwwwwwwwwwww BR:wwwSSSSSSSSSSS
[mpc t=1.06 OK   iters=8 status=0]wall=0.153s N=15 | FL:wwSSSSSSSSSSSS FR:SSwwwwwwwwwwww BL:SSwwwwwwwwwwww BR:wwSSSSSSSSSSSS
[mpc t=1.08 OK   iters=7 status=0]wall=0.167s N=15 | FL:wwSSSSSSSSSSSS FR:SSwwwwwwwwwwww BL:SSwwwwwwwwwwww BR:wwSSSSSSSSSSSS
[mpc t=1.10 OK   iters=9 status=0]wall=0.181s N=15 | FL:wSSSSSSSSSSSSS FR:Swwwwwwwwwwwww BL:Swwwwwwwwwwwww BR:wSSSSSSSSSSSSS
[mpc t=1.12 OK   iters=8 status=0]wall=0.157s N=15 | FL:wSSSSSSSSSSSSw FR:SwwwwwwwwwwwwS BL:SwwwwwwwwwwwwS BR:wSSSSSSSSSSSSw
[mpc t=1.14 OK   iters=8 status=0]wall=0.200s N=15 | FL:SSSSSSSSSSSSSw FR:wwwwwwwwwwwwwS BL:wwwwwwwwwwwwwS BR:SSSSSSSSSSSSSw
[mpc t=1.16 OK   iters=22 status=0]wall=0.463s N=15 | FL:SSSSSSSSSSSSww FR:wwwwwwwwwwwwSS BL:wwwwwwwwwwwwSS BR:SSSSSSSSSSSSww
[mpc t=1.18 OK   iters=12 status=0]wall=0.230s N=15 | FL:SSSSSSSSSSSSww FR:wwwwwwwwwwwwSS BL:wwwwwwwwwwwwSS BR:SSSSSSSSSSSSww
[mpc t=1.20 OK   iters=16 status=0]wall=0.278s N=15 | FL:SSSSSSSSSSSwww FR:wwwwwwwwwwwSSS BL:wwwwwwwwwwwSSS BR:SSSSSSSSSSSwww
[mpc t=1.22 OK   iters=9 status=0]wall=0.174s N=15 | FL:SSSSSSSSSSSwww FR:wwwwwwwwwwwSSS BL:wwwwwwwwwwwSSS BR:SSSSSSSSSSSwww
[mpc t=1.24 OK   iters=12 status=0]wall=0.238s N=15 | FL:SSSSSSSSSSwwww FR:wwwwwwwwwwSSSS BL:wwwwwwwwwwSSSS BR:SSSSSSSSSSwwww
[mpc t=1.26 OK   iters=12 status=0]wall=0.214s N=15 | FL:SSSSSSSSSSwwww FR:wwwwwwwwwwSSSS BL:wwwwwwwwwwSSSS BR:SSSSSSSSSSwwww
[mpc t=1.28 OK   iters=10 status=0]wall=0.184s N=15 | FL:SSSSSSSSSwwwww FR:wwwwwwwwwSSSSS BL:wwwwwwwwwSSSSS BR:SSSSSSSSSwwwww
[mpc t=1.30 OK   iters=11 status=0]wall=0.196s N=15 | FL:SSSSSSSSSwwwww FR:wwwwwwwwwSSSSS BL:wwwwwwwwwSSSSS BR:SSSSSSSSSwwwww
[mpc t=1.32 OK   iters=13 status=0]wall=0.227s N=15 | FL:SSSSSSSSwwwwww FR:wwwwwwwwSSSSSS BL:wwwwwwwwSSSSSS BR:SSSSSSSSwwwwww
[mpc t=1.34 OK   iters=10 status=0]wall=0.178s N=15 | FL:SSSSSSSSwwwwww FR:wwwwwwwwSSSSSS BL:wwwwwwwwSSSSSS BR:SSSSSSSSwwwwww
[mpc t=1.36 OK   iters=15 status=0]wall=0.268s N=15 | FL:SSSSSSSwwwwwww FR:wwwwwwwSSSSSSS BL:wwwwwwwSSSSSSS BR:SSSSSSSwwwwwww
[mpc t=1.38 OK   iters=10 status=0]wall=0.181s N=15 | FL:SSSSSSSwwwwwww FR:wwwwwwwSSSSSSS BL:wwwwwwwSSSSSSS BR:SSSSSSSwwwwwww
[mpc t=1.40 OK   iters=11 status=0]wall=0.196s N=15 | FL:SSSSSSwwwwwwww FR:wwwwwwSSSSSSSS BL:wwwwwwSSSSSSSS BR:SSSSSSwwwwwwww
[mpc t=1.42 OK   iters=11 status=0]wall=0.208s N=15 | FL:SSSSSSwwwwwwww FR:wwwwwwSSSSSSSS BL:wwwwwwSSSSSSSS BR:SSSSSSwwwwwwww
[mpc t=1.44 OK   iters=14 status=0]wall=0.239s N=15 | FL:SSSSSwwwwwwwww FR:wwwwwSSSSSSSSS BL:wwwwwSSSSSSSSS BR:SSSSSwwwwwwwww
[mpc t=1.46 OK   iters=9 status=0]wall=0.162s N=15 | FL:SSSSSwwwwwwwww FR:wwwwwSSSSSSSSS BL:wwwwwSSSSSSSSS BR:SSSSSwwwwwwwww
[mpc t=1.48 OK   iters=13 status=0]wall=0.233s N=15 | FL:SSSSwwwwwwwwww FR:wwwwSSSSSSSSSS BL:wwwwSSSSSSSSSS BR:SSSSwwwwwwwwww
[mpc t=1.50 OK   iters=9 status=0]wall=0.162s N=15 | FL:SSSSwwwwwwwwww FR:wwwwSSSSSSSSSS BL:wwwwSSSSSSSSSS BR:SSSSwwwwwwwwww

=== MPC/FOSMC DEBUG ===
MPC solves so far: 75 | time since last solve: 0.00s | last exception: None
GaitLogic state: WALK | walking=True turning=False jump_state=''
cmd['q_des'] (raw gait target, NOT what the MPC tracks anymore): [ 0.     0.594 -1.012 -0.     0.69  -1.481  0.     0.671 -1.446  0.
  0.566 -0.963]
cmd['is_stance']              : [True, False, False, True]
q_act        : [-0.014  0.685 -0.984  0.021  0.694 -1.559  0.017  0.53  -1.621 -0.009
  0.672 -0.84 ]
q_des (mpc)  : [-0.014  0.685 -0.984  0.021  0.694 -1.559  0.017  0.53  -1.621 -0.009
  0.672 -0.84 ]   <- converges to NOMINAL_STANCE [ 0.   0.6 -1.1  0.   0.6 -1.1  0.   0.6 -1.1  0.   0.6 -1.1], not cmd['q_des']
q plan end   : [-1.000e-03  3.910e-01 -1.331e+00 -1.100e-02  8.150e-01 -1.084e+00
  1.000e-03  6.330e-01 -1.329e+00 -2.700e-02  4.800e-01 -1.350e+00]   <- where the MPC sends the joints by node n
base v_y actual: -1.1914   base v_y commanded: -1.0000
tau0 (mpc ff): [-49.87   9.5   34.71  -4.65 -39.33  29.39   3.82  -5.21  23.77  29.42
  -8.34  35.45]
pd (fosmc fb): [ 0.02  0.11  0.09 -2.13 -2.66  2.53 -0.55  0.17  2.18  0.21 -0.1   0.3 ]
applied ctrl : [-49.87   9.5   34.71  -4.65 -39.33  29.39   3.82  -5.21  23.77  29.42
  -8.34  35.45]
base pos     : [ 0.013  -0.7999  2.5232]  base quat: [ 1.      0.0045 -0.0042 -0.0028]
pitch (deg, + = nose down): 0.52 | foot y rel hip (+ = behind) FL FR BL BR: [ 0.37 -0.33 -0.69  0.55]
swing-phase floor contact (2 ms steps since last print) FL FR BL BR: [ 0  0 10  0]
=======================

[mpc t=1.52 OK   iters=11 status=0]wall=0.198s N=15 | FL:SSSwwwwwwwwwww FR:wwwSSSSSSSSSSS BL:wwwSSSSSSSSSSS BR:SSSwwwwwwwwwww
[mpc t=1.54 OK   iters=9 status=0]wall=0.164s N=15 | FL:SSSwwwwwwwwwww FR:wwwSSSSSSSSSSS BL:wwwSSSSSSSSSSS BR:SSSwwwwwwwwwww
[mpc t=1.56 OK   iters=9 status=0]wall=0.167s N=15 | FL:SSwwwwwwwwwwww FR:wwSSSSSSSSSSSS BL:wwSSSSSSSSSSSS BR:SSwwwwwwwwwwww
[mpc t=1.58 OK   iters=9 status=0]wall=0.172s N=15 | FL:SSwwwwwwwwwwww FR:wwSSSSSSSSSSSS BL:wwSSSSSSSSSSSS BR:SSwwwwwwwwwwww
[mpc t=1.60 OK   iters=9 status=0]wall=0.171s N=15 | FL:Swwwwwwwwwwwww FR:wSSSSSSSSSSSSS BL:wSSSSSSSSSSSSS BR:Swwwwwwwwwwwww
[mpc t=1.62 OK   iters=9 status=0]wall=0.168s N=15 | FL:SwwwwwwwwwwwwS FR:wSSSSSSSSSSSSw BL:wSSSSSSSSSSSSw BR:SwwwwwwwwwwwwS
[mpc t=1.64 OK   iters=9 status=0]wall=0.164s N=15 | FL:wwwwwwwwwwwwwS FR:SSSSSSSSSSSSSw BL:SSSSSSSSSSSSSw BR:wwwwwwwwwwwwwS
[mpc t=1.66 OK   iters=15 status=0]wall=0.275s N=15 | FL:wwwwwwwwwwwwSS FR:SSSSSSSSSSSSww BL:SSSSSSSSSSSSww BR:wwwwwwwwwwwwSS
[mpc t=1.68 OK   iters=13 status=0]wall=0.229s N=15 | FL:wwwwwwwwwwwwSS FR:SSSSSSSSSSSSww BL:SSSSSSSSSSSSww BR:wwwwwwwwwwwwSS
[mpc t=1.70 OK   iters=16 status=0]wall=0.287s N=15 | FL:wwwwwwwwwwwSSS FR:SSSSSSSSSSSwww BL:SSSSSSSSSSSwww BR:wwwwwwwwwwwSSS
[mpc t=1.72 OK   iters=10 status=0]wall=0.177s N=15 | FL:wwwwwwwwwwwSSS FR:SSSSSSSSSSSwww BL:SSSSSSSSSSSwww BR:wwwwwwwwwwwSSS
[mpc t=1.74 OK   iters=12 status=0]wall=0.226s N=15 | FL:wwwwwwwwwwSSSS FR:SSSSSSSSSSwwww BL:SSSSSSSSSSwwww BR:wwwwwwwwwwSSSS
[mpc t=1.76 OK   iters=9 status=0]wall=0.164s N=15 | FL:wwwwwwwwwwSSSS FR:SSSSSSSSSSwwww BL:SSSSSSSSSSwwww BR:wwwwwwwwwwSSSS
[mpc t=1.78 OK   iters=11 status=0]wall=0.196s N=15 | FL:wwwwwwwwwSSSSS FR:SSSSSSSSSwwwww BL:SSSSSSSSSwwwww BR:wwwwwwwwwSSSSS
[mpc t=1.80 OK   iters=15 status=0]wall=0.292s N=15 | FL:wwwwwwwwwSSSSS FR:SSSSSSSSSwwwww BL:SSSSSSSSSwwwww BR:wwwwwwwwwSSSSS
[mpc t=1.82 OK   iters=13 status=0]wall=0.226s N=15 | FL:wwwwwwwwSSSSSS FR:SSSSSSSSwwwwww BL:SSSSSSSSwwwwww BR:wwwwwwwwSSSSSS
[mpc t=1.84 OK   iters=9 status=0]wall=0.164s N=15 | FL:wwwwwwwwSSSSSS FR:SSSSSSSSwwwwww BL:SSSSSSSSwwwwww BR:wwwwwwwwSSSSSS
[mpc t=1.86 OK   iters=18 status=0]wall=0.342s N=15 | FL:wwwwwwwSSSSSSS FR:SSSSSSSwwwwwww BL:SSSSSSSwwwwwww BR:wwwwwwwSSSSSSS
[mpc t=1.88 OK   iters=12 status=0]wall=0.212s N=15 | FL:wwwwwwwSSSSSSS FR:SSSSSSSwwwwwww BL:SSSSSSSwwwwwww BR:wwwwwwwSSSSSSS
[mpc t=1.90 OK   iters=14 status=0]wall=0.244s N=15 | FL:wwwwwwSSSSSSSS FR:SSSSSSwwwwwwww BL:SSSSSSwwwwwwww BR:wwwwwwSSSSSSSS
[mpc t=1.92 OK   iters=10 status=0]wall=0.188s N=15 | FL:wwwwwwSSSSSSSS FR:SSSSSSwwwwwwww BL:SSSSSSwwwwwwww BR:wwwwwwSSSSSSSS
[mpc t=1.94 OK   iters=27 status=0]wall=0.517s N=15 | FL:wwwwwSSSSSSSSS FR:SSSSSwwwwwwwww BL:SSSSSwwwwwwwww BR:wwwwwSSSSSSSSS
[mpc t=1.96 OK   iters=10 status=0]wall=0.175s N=15 | FL:wwwwwSSSSSSSSS FR:SSSSSwwwwwwwww BL:SSSSSwwwwwwwww BR:wwwwwSSSSSSSSS
[mpc t=1.98 OK   iters=12 status=0]wall=0.216s N=15 | FL:wwwwSSSSSSSSSS FR:SSSSwwwwwwwwww BL:SSSSwwwwwwwwww BR:wwwwSSSSSSSSSS
[mpc t=2.00 OK   iters=13 status=0]wall=0.228s N=15 | FL:wwwwSSSSSSSSSS FR:SSSSwwwwwwwwww BL:SSSSwwwwwwwwww BR:wwwwSSSSSSSSSS

=== MPC/FOSMC DEBUG ===
MPC solves so far: 100 | time since last solve: 0.00s | last exception: None
GaitLogic state: WALK | walking=True turning=False jump_state=''
cmd['q_des'] (raw gait target, NOT what the MPC tracks anymore): [ 0.     0.69  -1.481 -0.     0.594 -1.012 -0.     0.566 -0.963 -0.
  0.671 -1.446]
cmd['is_stance']              : [False, True, True, False]
q_act        : [ 0.     0.703 -1.602  0.025  0.77  -0.78   0.017  0.498 -0.951 -0.017
  0.542 -1.677]
q_des (mpc)  : [ 0.     0.703 -1.602  0.025  0.77  -0.78   0.017  0.498 -0.951 -0.017
  0.542 -1.677]   <- converges to NOMINAL_STANCE [ 0.   0.6 -1.1  0.   0.6 -1.1  0.   0.6 -1.1  0.   0.6 -1.1], not cmd['q_des']
q plan end   : [ 1.700e-02  8.170e-01 -1.176e+00  6.000e-03  3.280e-01 -1.369e+00
  3.000e-02  5.340e-01 -1.302e+00 -1.000e-03  5.990e-01 -1.385e+00]   <- where the MPC sends the joints by node n
base v_y actual: -1.1753   base v_y commanded: -1.0000
tau0 (mpc ff): [  5.48 -56.94  23.06  40.69 -14.54  18.5  -24.19  41.28  62.98  -4.08
  -6.91  26.27]
pd (fosmc fb): [-2.17  2.59 -2.06  0.36 -0.92  0.82  0.32 -0.28  0.14 -0.22  0.    2.21]
applied ctrl : [  5.48 -56.94  23.06  40.69 -14.54  18.5  -24.19  41.28  62.98  -4.08
  -6.91  26.27]
base pos     : [ 0.0101 -1.4048  2.5211]  base quat: [1.     0.0056 0.0077 0.0011]
pitch (deg, + = nose down): 0.64 | foot y rel hip (+ = behind) FL FR BL BR: [-0.35  0.88 -0.05 -0.7 ]
swing-phase floor contact (2 ms steps since last print) FL FR BL BR: [7 0 0 9]
=======================

[mpc t=2.02 OK   iters=14 status=0]wall=0.244s N=15 | FL:wwwwSSSSSSSSSS FR:SSSSwwwwwwwwww BL:SSSSwwwwwwwwww BR:wwwwSSSSSSSSSS
[mpc t=2.04 OK   iters=12 status=0]wall=0.209s N=15 | FL:wwwSSSSSSSSSSS FR:SSSwwwwwwwwwww BL:SSSwwwwwwwwwww BR:wwwSSSSSSSSSSS
[mpc t=2.06 OK   iters=9 status=0]wall=0.166s N=15 | FL:wwwSSSSSSSSSSS FR:SSSwwwwwwwwwww BL:SSSwwwwwwwwwww BR:wwwSSSSSSSSSSS
[mpc t=2.08 OK   iters=12 status=0]wall=0.210s N=15 | FL:wwSSSSSSSSSSSS FR:SSwwwwwwwwwwww BL:SSwwwwwwwwwwww BR:wwSSSSSSSSSSSS
[mpc t=2.10 OK   iters=9 status=0]wall=0.162s N=15 | FL:wwSSSSSSSSSSSS FR:SSwwwwwwwwwwww BL:SSwwwwwwwwwwww BR:wwSSSSSSSSSSSS
[mpc t=2.12 OK   iters=11 status=0]wall=0.195s N=15 | FL:wSSSSSSSSSSSSS FR:Swwwwwwwwwwwww BL:Swwwwwwwwwwwww BR:wSSSSSSSSSSSSS
[mpc t=2.14 OK   iters=9 status=0]wall=0.171s N=15 | FL:wSSSSSSSSSSSSw FR:SwwwwwwwwwwwwS BL:SwwwwwwwwwwwwS BR:wSSSSSSSSSSSSw
[mpc t=2.16 OK   iters=34 status=0]wall=0.623s N=15 | FL:SSSSSSSSSSSSSw FR:wwwwwwwwwwwwwS BL:wwwwwwwwwwwwwS BR:SSSSSSSSSSSSSw
[mpc t=2.18 OK   iters=15 status=0]wall=0.276s N=15 | FL:SSSSSSSSSSSSww FR:wwwwwwwwwwwwSS BL:wwwwwwwwwwwwSS BR:SSSSSSSSSSSSww
[mpc t=2.20 OK   iters=26 status=0]wall=0.487s N=15 | FL:SSSSSSSSSSSSww FR:wwwwwwwwwwwwSS BL:wwwwwwwwwwwwSS BR:SSSSSSSSSSSSww
[mpc t=2.22 OK   iters=14 status=0]wall=0.238s N=15 | FL:SSSSSSSSSSSwww FR:wwwwwwwwwwwSSS BL:wwwwwwwwwwwSSS BR:SSSSSSSSSSSwww
[mpc t=2.24 OK   iters=21 status=0]wall=0.386s N=15 | FL:SSSSSSSSSSSwww FR:wwwwwwwwwwwSSS BL:wwwwwwwwwwwSSS BR:SSSSSSSSSSSwww
[mpc t=2.26 OK   iters=29 status=0]wall=0.597s N=15 | FL:SSSSSSSSSSwwww FR:wwwwwwwwwwSSSS BL:wwwwwwwwwwSSSS BR:SSSSSSSSSSwwww
[mpc t=2.28 OK   iters=11 status=0]wall=0.196s N=15 | FL:SSSSSSSSSSwwww FR:wwwwwwwwwwSSSS BL:wwwwwwwwwwSSSS BR:SSSSSSSSSSwwww
[mpc t=2.30 OK   iters=21 status=0]wall=0.354s N=15 | FL:SSSSSSSSSwwwww FR:wwwwwwwwwSSSSS BL:wwwwwwwwwSSSSS BR:SSSSSSSSSwwwww
[mpc t=2.32 OK   iters=20 status=0]wall=0.385s N=15 | FL:SSSSSSSSSwwwww FR:wwwwwwwwwSSSSS BL:wwwwwwwwwSSSSS BR:SSSSSSSSSwwwww
[mpc t=2.34 OK   iters=17 status=0]wall=0.302s N=15 | FL:SSSSSSSSwwwwww FR:wwwwwwwwSSSSSS BL:wwwwwwwwSSSSSS BR:SSSSSSSSwwwwww
[mpc t=2.36 OK   iters=10 status=0]wall=0.180s N=15 | FL:SSSSSSSSwwwwww FR:wwwwwwwwSSSSSS BL:wwwwwwwwSSSSSS BR:SSSSSSSSwwwwww
[mpc t=2.38 OK   iters=14 status=0]wall=0.270s N=15 | FL:SSSSSSSwwwwwww FR:wwwwwwwSSSSSSS BL:wwwwwwwSSSSSSS BR:SSSSSSSwwwwwww
[mpc t=2.40 OK   iters=22 status=0]wall=0.603s N=15 | FL:SSSSSSSwwwwwww FR:wwwwwwwSSSSSSS BL:wwwwwwwSSSSSSS BR:SSSSSSSwwwwwww
[mpc t=2.42 OK   iters=13 status=0]wall=0.319s N=15 | FL:SSSSSSwwwwwwww FR:wwwwwwSSSSSSSS BL:wwwwwwSSSSSSSS BR:SSSSSSwwwwwwww
[mpc t=2.44 OK   iters=10 status=0]wall=0.257s N=15 | FL:SSSSSSwwwwwwww FR:wwwwwwSSSSSSSS BL:wwwwwwSSSSSSSS BR:SSSSSSwwwwwwww
[mpc t=2.46 OK   iters=15 status=0]wall=0.360s N=15 | FL:SSSSSwwwwwwwww FR:wwwwwSSSSSSSSS BL:wwwwwSSSSSSSSS BR:SSSSSwwwwwwwww
[mpc t=2.48 OK   iters=10 status=0]wall=0.256s N=15 | FL:SSSSSwwwwwwwww FR:wwwwwSSSSSSSSS BL:wwwwwSSSSSSSSS BR:SSSSSwwwwwwwww
[mpc t=2.50 OK   iters=13 status=0]wall=0.316s N=15 | FL:SSSSwwwwwwwwww FR:wwwwSSSSSSSSSS BL:wwwwSSSSSSSSSS BR:SSSSwwwwwwwwww

=== MPC/FOSMC DEBUG ===
MPC solves so far: 125 | time since last solve: 0.00s | last exception: None
GaitLogic state: WALK | walking=True turning=False jump_state=''
cmd['q_des'] (raw gait target, NOT what the MPC tracks anymore): [ 0.     0.594 -1.012 -0.     0.69  -1.481  0.     0.671 -1.446  0.
  0.566 -0.963]
cmd['is_stance']              : [True, False, False, True]
q_act        : [ 0.028  0.592 -0.909 -0.002  1.197 -1.093 -0.008  0.433 -1.385  0.034
  0.48  -1.106]
q_des (mpc)  : [ 0.028  0.592 -0.909 -0.002  1.197 -1.093 -0.008  0.433 -1.385  0.034
  0.48  -1.106]   <- converges to NOMINAL_STANCE [ 0.   0.6 -1.1  0.   0.6 -1.1  0.   0.6 -1.1  0.   0.6 -1.1], not cmd['q_des']
q plan end   : [ 0.011  0.445 -1.321  0.007  0.741 -1.138  0.013  0.729 -1.04  -0.015
  0.485 -1.306]   <- where the MPC sends the joints by node n
base v_y actual: -0.7874   base v_y commanded: -1.0000
tau0 (mpc ff): [-49.86 -19.53  28.44 -10.45 -56.89  -4.    32.75  65.42  24.36  21.43
  35.86  56.3 ]
pd (fosmc fb): [ 0.03 -0.08  0.14  0.24 -2.18  0.48 -0.25 -2.09  2.25 -0.   -0.08  0.19]
applied ctrl : [-49.86 -19.53  28.44 -10.45 -56.89  -4.    32.75  65.42  24.36  21.43
  35.86  56.3 ]
base pos     : [ 0.1613 -1.8685  2.5064]  base quat: [ 9.999e-01 -1.700e-03  1.510e-02 -2.000e-04]
pitch (deg, + = nose down): -0.20 | foot y rel hip (+ = behind) FL FR BL BR: [ 0.25  1.38 -0.7  -0.29]
swing-phase floor contact (2 ms steps since last print) FL FR BL BR: [0 5 0 0]
=======================

[mpc t=2.52 OK   iters=9 status=0]wall=0.236s N=15 | FL:SSSSwwwwwwwwww FR:wwwwSSSSSSSSSS BL:wwwwSSSSSSSSSS BR:SSSSwwwwwwwwww
[mpc t=2.54 OK   iters=10 status=0]wall=0.249s N=15 | FL:SSSwwwwwwwwwww FR:wwwSSSSSSSSSSS BL:wwwSSSSSSSSSSS BR:SSSwwwwwwwwwww
[mpc t=2.56 OK   iters=8 status=0]wall=0.212s N=15 | FL:SSSwwwwwwwwwww FR:wwwSSSSSSSSSSS BL:wwwSSSSSSSSSSS BR:SSSwwwwwwwwwww
[mpc t=2.58 OK   iters=10 status=0]wall=0.255s N=15 | FL:SSwwwwwwwwwwww FR:wwSSSSSSSSSSSS BL:wwSSSSSSSSSSSS BR:SSwwwwwwwwwwww
[mpc t=2.60 OK   iters=8 status=0]wall=0.208s N=15 | FL:SSwwwwwwwwwwww FR:wwSSSSSSSSSSSS BL:wwSSSSSSSSSSSS BR:SSwwwwwwwwwwww
[mpc t=2.62 OK   iters=11 status=0]wall=0.270s N=15 | FL:Swwwwwwwwwwwww FR:wSSSSSSSSSSSSS BL:wSSSSSSSSSSSSS BR:Swwwwwwwwwwwww
[mpc t=2.64 OK   iters=9 status=0]wall=0.226s N=15 | FL:SwwwwwwwwwwwwS FR:wSSSSSSSSSSSSw BL:wSSSSSSSSSSSSw BR:SwwwwwwwwwwwwS
[mpc t=2.66 OK   iters=9 status=0]wall=0.225s N=15 | FL:wwwwwwwwwwwwwS FR:SSSSSSSSSSSSSw BL:SSSSSSSSSSSSSw BR:wwwwwwwwwwwwwS
[mpc t=2.68 OK   iters=10 status=0]wall=0.255s N=15 | FL:wwwwwwwwwwwwSS FR:SSSSSSSSSSSSww BL:SSSSSSSSSSSSww BR:wwwwwwwwwwwwSS
[mpc t=2.70 OK   iters=19 status=0]wall=0.505s N=15 | FL:wwwwwwwwwwwwSS FR:SSSSSSSSSSSSww BL:SSSSSSSSSSSSww BR:wwwwwwwwwwwwSS
[mpc t=2.72 OK   iters=11 status=0]wall=0.273s N=15 | FL:wwwwwwwwwwwSSS FR:SSSSSSSSSSSwww BL:SSSSSSSSSSSwww BR:wwwwwwwwwwwSSS
[mpc t=2.74 OK   iters=11 status=0]wall=0.299s N=15 | FL:wwwwwwwwwwwSSS FR:SSSSSSSSSSSwww BL:SSSSSSSSSSSwww BR:wwwwwwwwwwwSSS
[mpc t=2.76 OK   iters=10 status=0]wall=0.252s N=15 | FL:wwwwwwwwwwSSSS FR:SSSSSSSSSSwwww BL:SSSSSSSSSSwwww BR:wwwwwwwwwwSSSS
[mpc t=2.78 OK   iters=13 status=0]wall=0.315s N=15 | FL:wwwwwwwwwwSSSS FR:SSSSSSSSSSwwww BL:SSSSSSSSSSwwww BR:wwwwwwwwwwSSSS
[mpc t=2.80 OK   iters=13 status=0]wall=0.325s N=15 | FL:wwwwwwwwwSSSSS FR:SSSSSSSSSwwwww BL:SSSSSSSSSwwwww BR:wwwwwwwwwSSSSS
[mpc t=2.82 OK   iters=13 status=0]wall=0.319s N=15 | FL:wwwwwwwwwSSSSS FR:SSSSSSSSSwwwww BL:SSSSSSSSSwwwww BR:wwwwwwwwwSSSSS
[mpc t=2.84 OK   iters=17 status=0]wall=0.410s N=15 | FL:wwwwwwwwSSSSSS FR:SSSSSSSSwwwwww BL:SSSSSSSSwwwwww BR:wwwwwwwwSSSSSS
[mpc t=2.86 OK   iters=22 status=0]wall=0.549s N=15 | FL:wwwwwwwwSSSSSS FR:SSSSSSSSwwwwww BL:SSSSSSSSwwwwww BR:wwwwwwwwSSSSSS
[mpc t=2.88 OK   iters=18 status=0]wall=0.450s N=15 | FL:wwwwwwwSSSSSSS FR:SSSSSSSwwwwwww BL:SSSSSSSwwwwwww BR:wwwwwwwSSSSSSS
[mpc t=2.90 OK   iters=12 status=0]wall=0.309s N=15 | FL:wwwwwwwSSSSSSS FR:SSSSSSSwwwwwww BL:SSSSSSSwwwwwww BR:wwwwwwwSSSSSSS
[mpc t=2.92 OK   iters=26 status=0]wall=0.685s N=15 | FL:wwwwwwSSSSSSSS FR:SSSSSSwwwwwwww BL:SSSSSSwwwwwwww BR:wwwwwwSSSSSSSS
[mpc t=2.94 OK   iters=9 status=0]wall=0.236s N=15 | FL:wwwwwwSSSSSSSS FR:SSSSSSwwwwwwww BL:SSSSSSwwwwwwww BR:wwwwwwSSSSSSSS
[mpc t=2.96 OK   iters=16 status=0]wall=0.399s N=15 | FL:wwwwwSSSSSSSSS FR:SSSSSwwwwwwwww BL:SSSSSwwwwwwwww BR:wwwwwSSSSSSSSS
[mpc t=2.98 OK   iters=9 status=0]wall=0.227s N=15 | FL:wwwwwSSSSSSSSS FR:SSSSSwwwwwwwww BL:SSSSSwwwwwwwww BR:wwwwwSSSSSSSSS
[mpc t=3.00 OK   iters=11 status=0]wall=0.272s N=15 | FL:wwwwSSSSSSSSSS FR:SSSSwwwwwwwwww BL:SSSSwwwwwwwwww BR:wwwwSSSSSSSSSS

=== MPC/FOSMC DEBUG ===
MPC solves so far: 150 | time since last solve: 0.00s | last exception: None
GaitLogic state: WALK | walking=True turning=False jump_state=''
cmd['q_des'] (raw gait target, NOT what the MPC tracks anymore): [ 0.     0.69  -1.481 -0.     0.594 -1.012 -0.     0.566 -0.963 -0.
  0.671 -1.446]
cmd['is_stance']              : [False, True, True, False]
q_act        : [-0.003  0.649 -1.576  0.013  0.721 -0.991 -0.008  0.706 -0.823 -0.011
  0.517 -1.415]
q_des (mpc)  : [-0.003  0.649 -1.576  0.013  0.721 -0.991 -0.008  0.706 -0.823 -0.011
  0.517 -1.415]   <- converges to NOMINAL_STANCE [ 0.   0.6 -1.1  0.   0.6 -1.1  0.   0.6 -1.1  0.   0.6 -1.1], not cmd['q_des']
q plan end   : [ 0.01   0.773 -1.14   0.003  0.401 -1.337  0.03   0.991 -1.04   0.003
  0.679 -1.047]   <- where the MPC sends the joints by node n
base v_y actual: -1.1365   base v_y commanded: -1.0000
tau0 (mpc ff): [  2.95  51.97  36.14  68.82 -14.08  30.53 -52.95 -65.16   2.89  -8.8
  -4.34  19.61]
pd (fosmc fb): [-0.05 -2.27  2.34  0.12 -0.06  0.09 -0.09 -0.63  0.29  0.55 -2.06  2.22]
applied ctrl : [  2.95  51.97  36.14  68.82 -14.08  30.53 -52.95 -65.16   2.89  -8.8
  -4.34  19.61]
base pos     : [ 0.2314 -2.3305  2.5136]  base quat: [1.     0.0027 0.0052 0.0019]
pitch (deg, + = nose down): 0.31 | foot y rel hip (+ = behind) FL FR BL BR: [-0.43  0.45  0.66 -0.55]
swing-phase floor contact (2 ms steps since last print) FL FR BL BR: [0 0 0 0]
=======================

[mpc t=3.02 OK   iters=9 status=0]wall=0.228s N=15 | FL:wwwwSSSSSSSSSS FR:SSSSwwwwwwwwww BL:SSSSwwwwwwwwww BR:wwwwSSSSSSSSSS
[mpc t=3.04 OK   iters=9 status=0]wall=0.219s N=15 | FL:wwwSSSSSSSSSSS FR:SSSwwwwwwwwwww BL:SSSwwwwwwwwwww BR:wwwSSSSSSSSSSS
[mpc t=3.06 OK   iters=8 status=0]wall=0.215s N=15 | FL:wwwSSSSSSSSSSS FR:SSSwwwwwwwwwww BL:SSSwwwwwwwwwww BR:wwwSSSSSSSSSSS
[mpc t=3.08 OK   iters=9 status=0]wall=0.241s N=15 | FL:wwSSSSSSSSSSSS FR:SSwwwwwwwwwwww BL:SSwwwwwwwwwwww BR:wwSSSSSSSSSSSS
[mpc t=3.10 OK   iters=8 status=0]wall=0.226s N=15 | FL:wwSSSSSSSSSSSS FR:SSwwwwwwwwwwww BL:SSwwwwwwwwwwww BR:wwSSSSSSSSSSSS
[mpc t=3.12 OK   iters=9 status=0]wall=0.248s N=15 | FL:wSSSSSSSSSSSSS FR:Swwwwwwwwwwwww BL:Swwwwwwwwwwwww BR:wSSSSSSSSSSSSS
[mpc t=3.14 OK   iters=9 status=0]wall=0.228s N=15 | FL:wSSSSSSSSSSSSw FR:SwwwwwwwwwwwwS BL:SwwwwwwwwwwwwS BR:wSSSSSSSSSSSSw
[mpc t=3.16 OK   iters=10 status=0]wall=0.249s N=15 | FL:SSSSSSSSSSSSSw FR:wwwwwwwwwwwwwS BL:wwwwwwwwwwwwwS BR:SSSSSSSSSSSSSw
[mpc t=3.18 OK   iters=12 status=0]wall=0.318s N=15 | FL:SSSSSSSSSSSSww FR:wwwwwwwwwwwwSS BL:wwwwwwwwwwwwSS BR:SSSSSSSSSSSSww
[mpc t=3.20 OK   iters=9 status=0]wall=0.223s N=15 | FL:SSSSSSSSSSSSww FR:wwwwwwwwwwwwSS BL:wwwwwwwwwwwwSS BR:SSSSSSSSSSSSww
[mpc t=3.22 OK   iters=10 status=0]wall=0.257s N=15 | FL:SSSSSSSSSSSwww FR:wwwwwwwwwwwSSS BL:wwwwwwwwwwwSSS BR:SSSSSSSSSSSwww
[mpc t=3.24 OK   iters=9 status=0]wall=0.236s N=15 | FL:SSSSSSSSSSSwww FR:wwwwwwwwwwwSSS BL:wwwwwwwwwwwSSS BR:SSSSSSSSSSSwww
[mpc t=3.26 OK   iters=9 status=0]wall=0.227s N=15 | FL:SSSSSSSSSSwwww FR:wwwwwwwwwwSSSS BL:wwwwwwwwwwSSSS BR:SSSSSSSSSSwwww
[mpc t=3.28 OK   iters=9 status=0]wall=0.226s N=15 | FL:SSSSSSSSSSwwww FR:wwwwwwwwwwSSSS BL:wwwwwwwwwwSSSS BR:SSSSSSSSSSwwww
[mpc t=3.30 OK   iters=16 status=0]wall=0.421s N=15 | FL:SSSSSSSSSwwwww FR:wwwwwwwwwSSSSS BL:wwwwwwwwwSSSSS BR:SSSSSSSSSwwwww
[mpc t=3.32 OK   iters=10 status=0]wall=0.253s N=15 | FL:SSSSSSSSSwwwww FR:wwwwwwwwwSSSSS BL:wwwwwwwwwSSSSS BR:SSSSSSSSSwwwww
[mpc t=3.34 OK   iters=14 status=0]wall=0.373s N=15 | FL:SSSSSSSSwwwwww FR:wwwwwwwwSSSSSS BL:wwwwwwwwSSSSSS BR:SSSSSSSSwwwwww
[mpc t=3.36 OK   iters=9 status=0]wall=0.236s N=15 | FL:SSSSSSSSwwwwww FR:wwwwwwwwSSSSSS BL:wwwwwwwwSSSSSS BR:SSSSSSSSwwwwww
[mpc t=3.38 OK   iters=11 status=0]wall=0.281s N=15 | FL:SSSSSSSwwwwwww FR:wwwwwwwSSSSSSS BL:wwwwwwwSSSSSSS BR:SSSSSSSwwwwwww
[mpc t=3.40 OK   iters=16 status=0]wall=0.421s N=15 | FL:SSSSSSSwwwwwww FR:wwwwwwwSSSSSSS BL:wwwwwwwSSSSSSS BR:SSSSSSSwwwwwww
[mpc t=3.42 OK   iters=10 status=0]wall=0.255s N=15 | FL:SSSSSSwwwwwwww FR:wwwwwwSSSSSSSS BL:wwwwwwSSSSSSSS BR:SSSSSSwwwwwwww
[mpc t=3.44 OK   iters=8 status=0]wall=0.228s N=15 | FL:SSSSSSwwwwwwww FR:wwwwwwSSSSSSSS BL:wwwwwwSSSSSSSS BR:SSSSSSwwwwwwww
[mpc t=3.46 OK   iters=9 status=0]wall=0.237s N=15 | FL:SSSSSwwwwwwwww FR:wwwwwSSSSSSSSS BL:wwwwwSSSSSSSSS BR:SSSSSwwwwwwwww
[mpc t=3.48 OK   iters=8 status=0]wall=0.212s N=15 | FL:SSSSSwwwwwwwww FR:wwwwwSSSSSSSSS BL:wwwwwSSSSSSSSS BR:SSSSSwwwwwwwww
[mpc t=3.50 OK   iters=9 status=0]wall=0.261s N=15 | FL:SSSSwwwwwwwwww FR:wwwwSSSSSSSSSS BL:wwwwSSSSSSSSSS BR:SSSSwwwwwwwwww

=== MPC/FOSMC DEBUG ===
MPC solves so far: 175 | time since last solve: 0.00s | last exception: None
GaitLogic state: WALK | walking=True turning=False jump_state=''
cmd['q_des'] (raw gait target, NOT what the MPC tracks anymore): [ 0.     0.594 -1.012 -0.     0.69  -1.481  0.     0.671 -1.446  0.
  0.566 -0.963]
cmd['is_stance']              : [True, False, False, True]
q_act        : [-0.03   0.634 -1.006 -0.016  0.599 -1.554  0.007  1.117 -0.965  0.003
  0.643 -0.973]
q_des (mpc)  : [-0.03   0.634 -1.006 -0.016  0.599 -1.554  0.007  1.117 -0.965  0.003
  0.643 -0.973]   <- converges to NOMINAL_STANCE [ 0.   0.6 -1.1  0.   0.6 -1.1  0.   0.6 -1.1  0.   0.6 -1.1], not cmd['q_des']
q plan end   : [ 6.000e-03  4.320e-01 -1.325e+00 -8.000e-03  7.390e-01 -1.217e+00
  1.000e-03  7.220e-01 -1.048e+00 -2.000e-02  4.860e-01 -1.322e+00]   <- where the MPC sends the joints by node n
base v_y actual: -1.0697   base v_y commanded: -1.0000
tau0 (mpc ff): [-49.14   8.13  37.89 -10.73   4.85  24.89   7.17 -51.3   -7.53  54.36
 -17.47  32.37]
pd (fosmc fb): [-0.06 -0.3   0.4   0.15  0.89  2.2   0.12 -2.18 -0.08  0.01 -0.2   0.11]
applied ctrl : [-49.14   8.13  37.89 -10.73   4.85  24.89   7.17 -51.3   -7.53  54.36
 -17.47  32.37]
base pos     : [ 0.2601 -2.8977  2.5238]  base quat: [ 0.9999  0.0096 -0.0033 -0.0028]
pitch (deg, + = nose down): 1.10 | foot y rel hip (+ = behind) FL FR BL BR: [ 0.22 -0.51  1.41  0.28]
swing-phase floor contact (2 ms steps since last print) FL FR BL BR: [0 6 7 0]
=======================

[mpc t=3.52 OK   iters=9 status=0]wall=0.248s N=15 | FL:SSSSwwwwwwwwww FR:wwwwSSSSSSSSSS BL:wwwwSSSSSSSSSS BR:SSSSwwwwwwwwww
[mpc t=3.54 OK   iters=9 status=0]wall=0.227s N=15 | FL:SSSwwwwwwwwwww FR:wwwSSSSSSSSSSS BL:wwwSSSSSSSSSSS BR:SSSwwwwwwwwwww
[mpc t=3.56 OK   iters=8 status=0]wall=0.191s N=15 | FL:SSSwwwwwwwwwww FR:wwwSSSSSSSSSSS BL:wwwSSSSSSSSSSS BR:SSSwwwwwwwwwww
[mpc t=3.58 OK   iters=9 status=0]wall=0.235s N=15 | FL:SSwwwwwwwwwwww FR:wwSSSSSSSSSSSS BL:wwSSSSSSSSSSSS BR:SSwwwwwwwwwwww
[mpc t=3.60 OK   iters=8 status=0]wall=0.206s N=15 | FL:SSwwwwwwwwwwww FR:wwSSSSSSSSSSSS BL:wwSSSSSSSSSSSS BR:SSwwwwwwwwwwww
[mpc t=3.62 OK   iters=10 status=0]wall=0.244s N=15 | FL:Swwwwwwwwwwwww FR:wSSSSSSSSSSSSS BL:wSSSSSSSSSSSSS BR:Swwwwwwwwwwwww
[mpc t=3.64 OK   iters=9 status=0]wall=0.222s N=15 | FL:SwwwwwwwwwwwwS FR:wSSSSSSSSSSSSw BL:wSSSSSSSSSSSSw BR:SwwwwwwwwwwwwS
[mpc t=3.66 OK   iters=9 status=0]wall=0.230s N=15 | FL:wwwwwwwwwwwwwS FR:SSSSSSSSSSSSSw BL:SSSSSSSSSSSSSw BR:wwwwwwwwwwwwwS
[mpc t=3.68 OK   iters=11 status=0]wall=0.289s N=15 | FL:wwwwwwwwwwwwSS FR:SSSSSSSSSSSSww BL:SSSSSSSSSSSSww BR:wwwwwwwwwwwwSS
[mpc t=3.70 OK   iters=11 status=0]wall=0.282s N=15 | FL:wwwwwwwwwwwwSS FR:SSSSSSSSSSSSww BL:SSSSSSSSSSSSww BR:wwwwwwwwwwwwSS
[mpc t=3.72 OK   iters=14 status=0]wall=0.351s N=15 | FL:wwwwwwwwwwwSSS FR:SSSSSSSSSSSwww BL:SSSSSSSSSSSwww BR:wwwwwwwwwwwSSS
[mpc t=3.74 OK   iters=32 status=0]wall=0.850s N=15 | FL:wwwwwwwwwwwSSS FR:SSSSSSSSSSSwww BL:SSSSSSSSSSSwww BR:wwwwwwwwwwwSSS
[mpc t=3.76 OK   iters=15 status=0]wall=0.357s N=15 | FL:wwwwwwwwwwSSSS FR:SSSSSSSSSSwwww BL:SSSSSSSSSSwwww BR:wwwwwwwwwwSSSS
[mpc t=3.78 OK   iters=11 status=0]wall=0.275s N=15 | FL:wwwwwwwwwwSSSS FR:SSSSSSSSSSwwww BL:SSSSSSSSSSwwww BR:wwwwwwwwwwSSSS
[mpc t=3.80 OK   iters=16 status=0]wall=0.382s N=15 | FL:wwwwwwwwwSSSSS FR:SSSSSSSSSwwwww BL:SSSSSSSSSwwwww BR:wwwwwwwwwSSSSS
[mpc t=3.82 OK   iters=10 status=0]wall=0.255s N=15 | FL:wwwwwwwwwSSSSS FR:SSSSSSSSSwwwww BL:SSSSSSSSSwwwww BR:wwwwwwwwwSSSSS
[mpc t=3.84 OK   iters=17 status=0]wall=0.418s N=15 | FL:wwwwwwwwSSSSSS FR:SSSSSSSSwwwwww BL:SSSSSSSSwwwwww BR:wwwwwwwwSSSSSS
[mpc t=3.86 OK   iters=10 status=0]wall=0.262s N=15 | FL:wwwwwwwwSSSSSS FR:SSSSSSSSwwwwww BL:SSSSSSSSwwwwww BR:wwwwwwwwSSSSSS
[mpc t=3.88 OK   iters=12 status=0]wall=0.330s N=15 | FL:wwwwwwwSSSSSSS FR:SSSSSSSwwwwwww BL:SSSSSSSwwwwwww BR:wwwwwwwSSSSSSS
[mpc t=3.90 OK   iters=10 status=0]wall=0.274s N=15 | FL:wwwwwwwSSSSSSS FR:SSSSSSSwwwwwww BL:SSSSSSSwwwwwww BR:wwwwwwwSSSSSSS
[mpc t=3.92 OK   iters=11 status=0]wall=0.296s N=15 | FL:wwwwwwSSSSSSSS FR:SSSSSSwwwwwwww BL:SSSSSSwwwwwwww BR:wwwwwwSSSSSSSS
[mpc t=3.94 OK   iters=11 status=0]wall=0.290s N=15 | FL:wwwwwwSSSSSSSS FR:SSSSSSwwwwwwww BL:SSSSSSwwwwwwww BR:wwwwwwSSSSSSSS
[mpc t=3.96 OK   iters=14 status=0]wall=0.345s N=15 | FL:wwwwwSSSSSSSSS FR:SSSSSwwwwwwwww BL:SSSSSwwwwwwwww BR:wwwwwSSSSSSSSS
[mpc t=3.98 OK   iters=10 status=0]wall=0.260s N=15 | FL:wwwwwSSSSSSSSS FR:SSSSSwwwwwwwww BL:SSSSSwwwwwwwww BR:wwwwwSSSSSSSSS
[mpc t=4.00 OK   iters=12 status=0]wall=0.302s N=15 | FL:wwwwSSSSSSSSSS FR:SSSSwwwwwwwwww BL:SSSSwwwwwwwwww BR:wwwwSSSSSSSSSS

=== MPC/FOSMC DEBUG ===
MPC solves so far: 200 | time since last solve: 0.00s | last exception: None
GaitLogic state: WALK | walking=True turning=False jump_state=''
cmd['q_des'] (raw gait target, NOT what the MPC tracks anymore): [ 0.     0.69  -1.481 -0.     0.594 -1.012 -0.     0.566 -0.963 -0.
  0.671 -1.446]
cmd['is_stance']              : [False, True, True, False]
q_act        : [ 0.02   0.478 -1.445  0.029  0.621 -0.993 -0.002  0.692 -0.883 -0.01
  0.514 -1.551]
q_des (mpc)  : [ 0.02   0.478 -1.445  0.029  0.621 -0.993 -0.002  0.692 -0.883 -0.01
  0.514 -1.551]   <- converges to NOMINAL_STANCE [ 0.   0.6 -1.1  0.   0.6 -1.1  0.   0.6 -1.1  0.   0.6 -1.1], not cmd['q_des']
q plan end   : [ 0.009  0.784 -1.092  0.008  0.408 -1.304  0.033  0.983 -1.048 -0.003
  0.677 -1.232]   <- where the MPC sends the joints by node n
base v_y actual: -1.1602   base v_y commanded: -1.0000
tau0 (mpc ff): [  9.81  67.45  27.55  60.08 -20.05  25.32 -52.04 -66.09   7.56 -14.53
   2.83  23.18]
pd (fosmc fb): [ 0.07 -0.87  2.23  0.07 -0.29  0.45  0.07 -0.3   0.43  0.2   0.58  2.19]
applied ctrl : [  9.81  67.45  27.55  60.08 -20.05  25.32 -52.04 -66.09   7.56 -14.53
   2.83  23.18]
base pos     : [ 0.2509 -3.4477  2.5303]  base quat: [ 1.      0.0095  0.0023 -0.0012]
pitch (deg, + = nose down): 1.09 | foot y rel hip (+ = behind) FL FR BL BR: [-0.65  0.2   0.54 -0.67]
swing-phase floor contact (2 ms steps since last print) FL FR BL BR: [0 0 0 6]
=======================

[mpc t=4.02 OK   iters=9 status=0]wall=0.232s N=15 | FL:wwwwSSSSSSSSSS FR:SSSSwwwwwwwwww BL:SSSSwwwwwwwwww BR:wwwwSSSSSSSSSS
[mpc t=4.04 OK   iters=10 status=0]wall=0.256s N=15 | FL:wwwSSSSSSSSSSS FR:SSSwwwwwwwwwww BL:SSSwwwwwwwwwww BR:wwwSSSSSSSSSSS
[mpc t=4.06 OK   iters=10 status=0]wall=0.251s N=15 | FL:wwwSSSSSSSSSSS FR:SSSwwwwwwwwwww BL:SSSwwwwwwwwwww BR:wwwSSSSSSSSSSS
[mpc t=4.08 OK   iters=10 status=0]wall=0.270s N=15 | FL:wwSSSSSSSSSSSS FR:SSwwwwwwwwwwww BL:SSwwwwwwwwwwww BR:wwSSSSSSSSSSSS
[mpc t=4.10 OK   iters=8 status=0]wall=0.206s N=15 | FL:wwSSSSSSSSSSSS FR:SSwwwwwwwwwwww BL:SSwwwwwwwwwwww BR:wwSSSSSSSSSSSS
[mpc t=4.12 OK   iters=10 status=0]wall=0.257s N=15 | FL:wSSSSSSSSSSSSS FR:Swwwwwwwwwwwww BL:Swwwwwwwwwwwww BR:wSSSSSSSSSSSSS
[mpc t=4.14 OK   iters=9 status=0]wall=0.228s N=15 | FL:wSSSSSSSSSSSSw FR:SwwwwwwwwwwwwS BL:SwwwwwwwwwwwwS BR:wSSSSSSSSSSSSw
[mpc t=4.16 OK   iters=9 status=0]wall=0.221s N=15 | FL:SSSSSSSSSSSSSw FR:wwwwwwwwwwwwwS BL:wwwwwwwwwwwwwS BR:SSSSSSSSSSSSSw
[mpc t=4.18 OK   iters=14 status=0]wall=0.420s N=15 | FL:SSSSSSSSSSSSww FR:wwwwwwwwwwwwSS BL:wwwwwwwwwwwwSS BR:SSSSSSSSSSSSww
[mpc t=4.20 OK   iters=13 status=0]wall=0.318s N=15 | FL:SSSSSSSSSSSSww FR:wwwwwwwwwwwwSS BL:wwwwwwwwwwwwSS BR:SSSSSSSSSSSSww
[mpc t=4.22 OK   iters=14 status=0]wall=0.348s N=15 | FL:SSSSSSSSSSSwww FR:wwwwwwwwwwwSSS BL:wwwwwwwwwwwSSS BR:SSSSSSSSSSSwww
[mpc t=4.24 OK   iters=16 status=0]wall=0.431s N=15 | FL:SSSSSSSSSSSwww FR:wwwwwwwwwwwSSS BL:wwwwwwwwwwwSSS BR:SSSSSSSSSSSwww
[mpc t=4.26 OK   iters=12 status=0]wall=0.288s N=15 | FL:SSSSSSSSSSwwww FR:wwwwwwwwwwSSSS BL:wwwwwwwwwwSSSS BR:SSSSSSSSSSwwww
[mpc t=4.28 OK   iters=14 status=0]wall=0.347s N=15 | FL:SSSSSSSSSSwwww FR:wwwwwwwwwwSSSS BL:wwwwwwwwwwSSSS BR:SSSSSSSSSSwwww
[mpc t=4.30 OK   iters=17 status=0]wall=0.407s N=15 | FL:SSSSSSSSSwwwww FR:wwwwwwwwwSSSSS BL:wwwwwwwwwSSSSS BR:SSSSSSSSSwwwww
[mpc t=4.32 OK   iters=10 status=0]wall=0.248s N=15 | FL:SSSSSSSSSwwwww FR:wwwwwwwwwSSSSS BL:wwwwwwwwwSSSSS BR:SSSSSSSSSwwwww
[mpc t=4.34 OK   iters=13 status=0]wall=0.324s N=15 | FL:SSSSSSSSwwwwww FR:wwwwwwwwSSSSSS BL:wwwwwwwwSSSSSS BR:SSSSSSSSwwwwww
[mpc t=4.36 OK   iters=9 status=0]wall=0.237s N=15 | FL:SSSSSSSSwwwwww FR:wwwwwwwwSSSSSS BL:wwwwwwwwSSSSSS BR:SSSSSSSSwwwwww
[mpc t=4.38 OK   iters=15 status=0]wall=0.362s N=15 | FL:SSSSSSSwwwwwww FR:wwwwwwwSSSSSSS BL:wwwwwwwSSSSSSS BR:SSSSSSSwwwwwww
[mpc t=4.40 OK   iters=9 status=0]wall=0.237s N=15 | FL:SSSSSSSwwwwwww FR:wwwwwwwSSSSSSS BL:wwwwwwwSSSSSSS BR:SSSSSSSwwwwwww
[mpc t=4.42 OK   iters=13 status=0]wall=0.317s N=15 | FL:SSSSSSwwwwwwww FR:wwwwwwSSSSSSSS BL:wwwwwwSSSSSSSS BR:SSSSSSwwwwwwww
[mpc t=4.44 OK   iters=12 status=0]wall=0.312s N=15 | FL:SSSSSSwwwwwwww FR:wwwwwwSSSSSSSS BL:wwwwwwSSSSSSSS BR:SSSSSSwwwwwwww
[mpc t=4.46 OK   iters=12 status=0]wall=0.288s N=15 | FL:SSSSSwwwwwwwww FR:wwwwwSSSSSSSSS BL:wwwwwSSSSSSSSS BR:SSSSSwwwwwwwww
[mpc t=4.48 OK   iters=9 status=0]wall=0.236s N=15 | FL:SSSSSwwwwwwwww FR:wwwwwSSSSSSSSS BL:wwwwwSSSSSSSSS BR:SSSSSwwwwwwwww
[mpc t=4.50 OK   iters=14 status=0]wall=0.349s N=15 | FL:SSSSwwwwwwwwww FR:wwwwSSSSSSSSSS BL:wwwwSSSSSSSSSS BR:SSSSwwwwwwwwww

=== MPC/FOSMC DEBUG ===
MPC solves so far: 225 | time since last solve: 0.00s | last exception: None
GaitLogic state: WALK | walking=True turning=False jump_state=''
cmd['q_des'] (raw gait target, NOT what the MPC tracks anymore): [ 0.     0.594 -1.012 -0.     0.69  -1.481  0.     0.671 -1.446  0.
  0.566 -0.963]
cmd['is_stance']              : [True, False, False, True]
q_act        : [-0.023  0.69  -0.935  0.005  0.741 -1.536  0.01   1.122 -0.99  -0.013
  0.566 -0.958]
q_des (mpc)  : [-0.023  0.69  -0.935  0.005  0.741 -1.536  0.01   1.122 -0.99  -0.013
  0.566 -0.958]   <- converges to NOMINAL_STANCE [ 0.   0.6 -1.1  0.   0.6 -1.1  0.   0.6 -1.1  0.   0.6 -1.1], not cmd['q_des']
q plan end   : [ 0.01   0.416 -1.349 -0.009  0.754 -1.096 -0.002  0.709 -1.079 -0.017
  0.488 -1.309]   <- where the MPC sends the joints by node n
base v_y actual: -1.1312   base v_y commanded: -1.0000
tau0 (mpc ff): [-32.93  27.24  42.13 -11.64 -80.57  20.08   1.43 -51.88  -6.78  34.13
  47.61  64.74]
pd (fosmc fb): [-0.08 -0.35  0.41  0.28 -2.08  2.27 -0.01 -2.18  0.05  0.   -0.23  0.09]
applied ctrl : [-32.93  27.24  42.13 -11.64 -80.57  20.08   1.43 -51.88  -6.78  34.13
  47.61  64.74]
base pos     : [ 0.2536 -4.0412  2.5296]  base quat: [ 0.9999  0.0093 -0.0062 -0.0035]
pitch (deg, + = nose down): 1.07 | foot y rel hip (+ = behind) FL FR BL BR: [ 0.46 -0.21  1.38  0.11]
swing-phase floor contact (2 ms steps since last print) FL FR BL BR: [0 0 7 0]
=======================

[mpc t=4.52 OK   iters=9 status=0]wall=0.228s N=15 | FL:SSSSwwwwwwwwww FR:wwwwSSSSSSSSSS BL:wwwwSSSSSSSSSS BR:SSSSwwwwwwwwww
[mpc t=4.54 OK   iters=10 status=0]wall=0.252s N=15 | FL:SSSwwwwwwwwwww FR:wwwSSSSSSSSSSS BL:wwwSSSSSSSSSSS BR:SSSwwwwwwwwwww
[mpc t=4.56 OK   iters=9 status=0]wall=0.234s N=15 | FL:SSSwwwwwwwwwww FR:wwwSSSSSSSSSSS BL:wwwSSSSSSSSSSS BR:SSSwwwwwwwwwww
[mpc t=4.58 OK   iters=10 status=0]wall=0.247s N=15 | FL:SSwwwwwwwwwwww FR:wwSSSSSSSSSSSS BL:wwSSSSSSSSSSSS BR:SSwwwwwwwwwwww
[mpc t=4.60 OK   iters=9 status=0]wall=0.230s N=15 | FL:SSwwwwwwwwwwww FR:wwSSSSSSSSSSSS BL:wwSSSSSSSSSSSS BR:SSwwwwwwwwwwww
[mpc t=4.62 OK   iters=11 status=0]wall=0.268s N=15 | FL:Swwwwwwwwwwwww FR:wSSSSSSSSSSSSS BL:wSSSSSSSSSSSSS BR:Swwwwwwwwwwwww
[mpc t=4.64 OK   iters=9 status=0]wall=0.234s N=15 | FL:SwwwwwwwwwwwwS FR:wSSSSSSSSSSSSw BL:wSSSSSSSSSSSSw BR:SwwwwwwwwwwwwS
[mpc t=4.66 OK   iters=10 status=0]wall=0.245s N=15 | FL:wwwwwwwwwwwwwS FR:SSSSSSSSSSSSSw BL:SSSSSSSSSSSSSw BR:wwwwwwwwwwwwwS
[mpc t=4.68 OK   iters=10 status=0]wall=0.251s N=15 | FL:wwwwwwwwwwwwSS FR:SSSSSSSSSSSSww BL:SSSSSSSSSSSSww BR:wwwwwwwwwwwwSS
[mpc t=4.70 OK   iters=9 status=0]wall=0.220s N=15 | FL:wwwwwwwwwwwwSS FR:SSSSSSSSSSSSww BL:SSSSSSSSSSSSww BR:wwwwwwwwwwwwSS
[mpc t=4.72 OK   iters=9 status=0]wall=0.228s N=15 | FL:wwwwwwwwwwwSSS FR:SSSSSSSSSSSwww BL:SSSSSSSSSSSwww BR:wwwwwwwwwwwSSS
[mpc t=4.74 OK   iters=8 status=0]wall=0.204s N=15 | FL:wwwwwwwwwwwSSS FR:SSSSSSSSSSSwww BL:SSSSSSSSSSSwww BR:wwwwwwwwwwwSSS
[mpc t=4.76 OK   iters=9 status=0]wall=0.228s N=15 | FL:wwwwwwwwwwSSSS FR:SSSSSSSSSSwwww BL:SSSSSSSSSSwwww BR:wwwwwwwwwwSSSS
[mpc t=4.78 OK   iters=8 status=0]wall=0.203s N=15 | FL:wwwwwwwwwwSSSS FR:SSSSSSSSSSwwww BL:SSSSSSSSSSwwww BR:wwwwwwwwwwSSSS
[mpc t=4.80 OK   iters=10 status=0]wall=0.247s N=15 | FL:wwwwwwwwwSSSSS FR:SSSSSSSSSwwwww BL:SSSSSSSSSwwwww BR:wwwwwwwwwSSSSS
[mpc t=4.82 OK   iters=9 status=0]wall=0.231s N=15 | FL:wwwwwwwwwSSSSS FR:SSSSSSSSSwwwww BL:SSSSSSSSSwwwww BR:wwwwwwwwwSSSSS
[mpc t=4.84 OK   iters=10 status=0]wall=0.243s N=15 | FL:wwwwwwwwSSSSSS FR:SSSSSSSSwwwwww BL:SSSSSSSSwwwwww BR:wwwwwwwwSSSSSS
[mpc t=4.86 OK   iters=9 status=0]wall=0.251s N=15 | FL:wwwwwwwwSSSSSS FR:SSSSSSSSwwwwww BL:SSSSSSSSwwwwww BR:wwwwwwwwSSSSSS
[mpc t=4.88 OK   iters=10 status=0]wall=0.251s N=15 | FL:wwwwwwwSSSSSSS FR:SSSSSSSwwwwwww BL:SSSSSSSwwwwwww BR:wwwwwwwSSSSSSS
[mpc t=4.90 OK   iters=8 status=0]wall=0.207s N=15 | FL:wwwwwwwSSSSSSS FR:SSSSSSSwwwwwww BL:SSSSSSSwwwwwww BR:wwwwwwwSSSSSSS
[mpc t=4.92 OK   iters=9 status=0]wall=0.227s N=15 | FL:wwwwwwSSSSSSSS FR:SSSSSSwwwwwwww BL:SSSSSSwwwwwwww BR:wwwwwwSSSSSSSS
[mpc t=4.94 OK   iters=8 status=0]wall=0.211s N=15 | FL:wwwwwwSSSSSSSS FR:SSSSSSwwwwwwww BL:SSSSSSwwwwwwww BR:wwwwwwSSSSSSSS
[mpc t=4.96 OK   iters=8 status=0]wall=0.214s N=15 | FL:wwwwwSSSSSSSSS FR:SSSSSwwwwwwwww BL:SSSSSwwwwwwwww BR:wwwwwSSSSSSSSS
[mpc t=4.98 OK   iters=8 status=0]wall=0.211s N=15 | FL:wwwwwSSSSSSSSS FR:SSSSSwwwwwwwww BL:SSSSSwwwwwwwww BR:wwwwwSSSSSSSSS
[mpc t=5.00 OK   iters=8 status=0]wall=0.215s N=15 | FL:wwwwSSSSSSSSSS FR:SSSSwwwwwwwwww BL:SSSSwwwwwwwwww BR:wwwwSSSSSSSSSS

=== MPC/FOSMC DEBUG ===
MPC solves so far: 250 | time since last solve: 0.00s | last exception: None
GaitLogic state: WALK | walking=True turning=False jump_state=''
cmd['q_des'] (raw gait target, NOT what the MPC tracks anymore): [ 0.     0.69  -1.481 -0.     0.594 -1.012 -0.     0.566 -0.963 -0.
  0.671 -1.446]
cmd['is_stance']              : [False, True, True, False]
q_act        : [ 0.01   0.504 -1.562  0.024  0.628 -0.993 -0.008  0.671 -0.951 -0.008
  0.48  -1.479]
q_des (mpc)  : [ 0.01   0.504 -1.562  0.024  0.628 -0.993 -0.008  0.671 -0.951 -0.008
  0.48  -1.479]   <- converges to NOMINAL_STANCE [ 0.   0.6 -1.1  0.   0.6 -1.1  0.   0.6 -1.1  0.   0.6 -1.1], not cmd['q_des']
q plan end   : [ 7.000e-03  7.320e-01 -1.275e+00  1.000e-03  4.190e-01 -1.311e+00
  2.600e-02  4.990e-01 -1.327e+00 -5.000e-03  7.170e-01 -1.140e+00]   <- where the MPC sends the joints by node n
base v_y actual: -1.0394   base v_y commanded: -1.0000
tau0 (mpc ff): [ 11.49  12.01  22.89  46.99  -4.74  31.46 -47.54 -26.23  29.22  -9.35
  11.03  21.16]
pd (fosmc fb): [-0.03  1.04  2.18  0.13 -0.25  0.4   0.05 -0.18  0.17  0.16  0.53  2.19]
applied ctrl : [ 11.49  12.01  22.89  46.99  -4.74  31.46 -47.54 -26.23  29.22  -9.35
  11.03  21.16]
base pos     : [ 0.1996 -4.5684  2.529 ]  base quat: [ 1.      0.0051 -0.0018 -0.0012]
pitch (deg, + = nose down): 0.58 | foot y rel hip (+ = behind) FL FR BL BR: [-0.7   0.22  0.39 -0.68]
swing-phase floor contact (2 ms steps since last print) FL FR BL BR: [7 0 0 0]
=======================

[mpc t=5.02 OK   iters=8 status=0]wall=0.210s N=15 | FL:wwwwSSSSSSSSSS FR:SSSSwwwwwwwwww BL:SSSSwwwwwwwwww BR:wwwwSSSSSSSSSS
[mpc t=5.04 OK   iters=9 status=0]wall=0.234s N=15 | FL:wwwSSSSSSSSSSS FR:SSSwwwwwwwwwww BL:SSSwwwwwwwwwww BR:wwwSSSSSSSSSSS
[mpc t=5.06 OK   iters=8 status=0]wall=0.205s N=15 | FL:wwwSSSSSSSSSSS FR:SSSwwwwwwwwwww BL:SSSwwwwwwwwwww BR:wwwSSSSSSSSSSS
[mpc t=5.08 OK   iters=9 status=0]wall=0.230s N=15 | FL:wwSSSSSSSSSSSS FR:SSwwwwwwwwwwww BL:SSwwwwwwwwwwww BR:wwSSSSSSSSSSSS
[mpc t=5.10 OK   iters=8 status=0]wall=0.206s N=15 | FL:wwSSSSSSSSSSSS FR:SSwwwwwwwwwwww BL:SSwwwwwwwwwwww BR:wwSSSSSSSSSSSS
[mpc t=5.12 OK   iters=9 status=0]wall=0.236s N=15 | FL:wSSSSSSSSSSSSS FR:Swwwwwwwwwwwww BL:Swwwwwwwwwwwww BR:wSSSSSSSSSSSSS
[mpc t=5.14 OK   iters=9 status=0]wall=0.236s N=15 | FL:wSSSSSSSSSSSSw FR:SwwwwwwwwwwwwS BL:SwwwwwwwwwwwwS BR:wSSSSSSSSSSSSw
[mpc t=5.16 OK   iters=9 status=0]wall=0.232s N=15 | FL:SSSSSSSSSSSSSw FR:wwwwwwwwwwwwwS BL:wwwwwwwwwwwwwS BR:SSSSSSSSSSSSSw
[mpc t=5.18 OK   iters=13 status=0]wall=0.324s N=15 | FL:SSSSSSSSSSSSww FR:wwwwwwwwwwwwSS BL:wwwwwwwwwwwwSS BR:SSSSSSSSSSSSww
[mpc t=5.20 OK   iters=12 status=0]wall=0.328s N=15 | FL:SSSSSSSSSSSSww FR:wwwwwwwwwwwwSS BL:wwwwwwwwwwwwSS BR:SSSSSSSSSSSSww
[mpc t=5.22 OK   iters=13 status=0]wall=0.325s N=15 | FL:SSSSSSSSSSSwww FR:wwwwwwwwwwwSSS BL:wwwwwwwwwwwSSS BR:SSSSSSSSSSSwww
[mpc t=5.24 OK   iters=10 status=0]wall=0.250s N=15 | FL:SSSSSSSSSSSwww FR:wwwwwwwwwwwSSS BL:wwwwwwwwwwwSSS BR:SSSSSSSSSSSwww
[mpc t=5.26 OK   iters=12 status=0]wall=0.292s N=15 | FL:SSSSSSSSSSwwww FR:wwwwwwwwwwSSSS BL:wwwwwwwwwwSSSS BR:SSSSSSSSSSwwww
[mpc t=5.28 OK   iters=24 status=0]wall=0.611s N=15 | FL:SSSSSSSSSSwwww FR:wwwwwwwwwwSSSS BL:wwwwwwwwwwSSSS BR:SSSSSSSSSSwwww
[mpc t=5.30 OK   iters=14 status=0]wall=0.343s N=15 | FL:SSSSSSSSSwwwww FR:wwwwwwwwwSSSSS BL:wwwwwwwwwSSSSS BR:SSSSSSSSSwwwww
[mpc t=5.32 OK   iters=15 status=0]wall=0.387s N=15 | FL:SSSSSSSSSwwwww FR:wwwwwwwwwSSSSS BL:wwwwwwwwwSSSSS BR:SSSSSSSSSwwwww
[mpc t=5.34 OK   iters=13 status=0]wall=0.318s N=15 | FL:SSSSSSSSwwwwww FR:wwwwwwwwSSSSSS BL:wwwwwwwwSSSSSS BR:SSSSSSSSwwwwww
[mpc t=5.36 OK   iters=9 status=0]wall=0.232s N=15 | FL:SSSSSSSSwwwwww FR:wwwwwwwwSSSSSS BL:wwwwwwwwSSSSSS BR:SSSSSSSSwwwwww
[mpc t=5.38 OK   iters=16 status=0]wall=0.406s N=15 | FL:SSSSSSSwwwwwww FR:wwwwwwwSSSSSSS BL:wwwwwwwSSSSSSS BR:SSSSSSSwwwwwww
[mpc t=5.40 OK   iters=10 status=0]wall=0.249s N=15 | FL:SSSSSSSwwwwwww FR:wwwwwwwSSSSSSS BL:wwwwwwwSSSSSSS BR:SSSSSSSwwwwwww
[mpc t=5.42 OK   iters=11 status=0]wall=0.270s N=15 | FL:SSSSSSwwwwwwww FR:wwwwwwSSSSSSSS BL:wwwwwwSSSSSSSS BR:SSSSSSwwwwwwww
[mpc t=5.44 OK   iters=8 status=0]wall=0.206s N=15 | FL:SSSSSSwwwwwwww FR:wwwwwwSSSSSSSS BL:wwwwwwSSSSSSSS BR:SSSSSSwwwwwwww
[mpc t=5.46 OK   iters=11 status=0]wall=0.266s N=15 | FL:SSSSSwwwwwwwww FR:wwwwwSSSSSSSSS BL:wwwwwSSSSSSSSS BR:SSSSSwwwwwwwww
[mpc t=5.48 OK   iters=8 status=0]wall=0.207s N=15 | FL:SSSSSwwwwwwwww FR:wwwwwSSSSSSSSS BL:wwwwwSSSSSSSSS BR:SSSSSwwwwwwwww
[mpc t=5.50 OK   iters=13 status=0]wall=0.314s N=15 | FL:SSSSwwwwwwwwww FR:wwwwSSSSSSSSSS BL:wwwwSSSSSSSSSS BR:SSSSwwwwwwwwww

=== MPC/FOSMC DEBUG ===
MPC solves so far: 275 | time since last solve: 0.00s | last exception: None
GaitLogic state: WALK | walking=True turning=False jump_state=''
cmd['q_des'] (raw gait target, NOT what the MPC tracks anymore): [ 0.     0.594 -1.012 -0.     0.69  -1.481  0.     0.671 -1.446  0.
  0.566 -0.963]
cmd['is_stance']              : [True, False, False, True]
q_act        : [-2.100e-02  6.280e-01 -9.650e-01 -3.200e-02  5.470e-01 -1.448e+00
  9.000e-03  5.410e-01 -1.574e+00 -1.000e-03  6.340e-01 -8.960e-01]
q_des (mpc)  : [-2.100e-02  6.280e-01 -9.650e-01 -3.200e-02  5.470e-01 -1.448e+00
  9.000e-03  5.410e-01 -1.574e+00 -1.000e-03  6.340e-01 -8.960e-01]   <- converges to NOMINAL_STANCE [ 0.   0.6 -1.1  0.   0.6 -1.1  0.   0.6 -1.1  0.   0.6 -1.1], not cmd['q_des']
q plan end   : [ 2.000e-03  4.180e-01 -1.321e+00 -1.000e-02  7.950e-01 -1.105e+00
  1.000e-03  6.640e-01 -1.237e+00 -2.300e-02  4.950e-01 -1.324e+00]   <- where the MPC sends the joints by node n
base v_y actual: -1.1846   base v_y commanded: -1.0000
tau0 (mpc ff): [-69.91 -38.11  16.49  -7.98  99.9   32.42  16.83   0.45  24.46  62.4
 -79.93  -1.33]
pd (fosmc fb): [-0.07 -0.2   0.36 -0.21  0.39  2.22 -0.1   0.94  2.19 -0.01 -0.32  0.45]
applied ctrl : [-69.91 -38.11  16.49  -7.98  99.9   32.42  16.83   0.45  24.46  62.4
 -79.93  -1.33]
base pos     : [ 0.1904 -5.1268  2.5438]  base quat: [ 0.9999  0.0089 -0.0052 -0.0042]
pitch (deg, + = nose down): 1.02 | foot y rel hip (+ = behind) FL FR BL BR: [ 0.26 -0.52 -0.63  0.38]
swing-phase floor contact (2 ms steps since last print) FL FR BL BR: [0 0 7 0]
=======================

[mpc t=5.52 OK   iters=14 status=0]wall=0.404s N=15 | FL:SSSSwwwwwwwwww FR:wwwwSSSSSSSSSS BL:wwwwSSSSSSSSSS BR:SSSSwwwwwwwwww
[mpc t=5.54 OK   iters=10 status=0]wall=0.258s N=15 | FL:SSSwwwwwwwwwww FR:wwwSSSSSSSSSSS BL:wwwSSSSSSSSSSS BR:SSSwwwwwwwwwww
[mpc t=5.56 OK   iters=8 status=0]wall=0.217s N=15 | FL:SSSwwwwwwwwwww FR:wwwSSSSSSSSSSS BL:wwwSSSSSSSSSSS BR:SSSwwwwwwwwwww
[mpc t=5.58 OK   iters=9 status=0]wall=0.243s N=15 | FL:SSwwwwwwwwwwww FR:wwSSSSSSSSSSSS BL:wwSSSSSSSSSSSS BR:SSwwwwwwwwwwww
[mpc t=5.60 OK   iters=8 status=0]wall=0.210s N=15 | FL:SSwwwwwwwwwwww FR:wwSSSSSSSSSSSS BL:wwSSSSSSSSSSSS BR:SSwwwwwwwwwwww
[mpc t=5.62 OK   iters=9 status=0]wall=0.241s N=15 | FL:Swwwwwwwwwwwww FR:wSSSSSSSSSSSSS BL:wSSSSSSSSSSSSS BR:Swwwwwwwwwwwww
[mpc t=5.64 OK   iters=9 status=0]wall=0.235s N=15 | FL:SwwwwwwwwwwwwS FR:wSSSSSSSSSSSSw BL:wSSSSSSSSSSSSw BR:SwwwwwwwwwwwwS
[mpc t=5.66 OK   iters=9 status=0]wall=0.236s N=15 | FL:wwwwwwwwwwwwwS FR:SSSSSSSSSSSSSw BL:SSSSSSSSSSSSSw BR:wwwwwwwwwwwwwS
[mpc t=5.68 OK   iters=12 status=0]wall=0.317s N=15 | FL:wwwwwwwwwwwwSS FR:SSSSSSSSSSSSww BL:SSSSSSSSSSSSww BR:wwwwwwwwwwwwSS
[mpc t=5.70 OK   iters=17 status=0]wall=0.428s N=15 | FL:wwwwwwwwwwwwSS FR:SSSSSSSSSSSSww BL:SSSSSSSSSSSSww BR:wwwwwwwwwwwwSS
[mpc t=5.72 OK   iters=11 status=0]wall=0.281s N=15 | FL:wwwwwwwwwwwSSS FR:SSSSSSSSSSSwww BL:SSSSSSSSSSSwww BR:wwwwwwwwwwwSSS
[mpc t=5.74 OK   iters=9 status=0]wall=0.234s N=15 | FL:wwwwwwwwwwwSSS FR:SSSSSSSSSSSwww BL:SSSSSSSSSSSwww BR:wwwwwwwwwwwSSS
[mpc t=5.76 OK   iters=17 status=0]wall=0.428s N=15 | FL:wwwwwwwwwwSSSS FR:SSSSSSSSSSwwww BL:SSSSSSSSSSwwww BR:wwwwwwwwwwSSSS
[mpc t=5.78 OK   iters=10 status=0]wall=0.254s N=15 | FL:wwwwwwwwwwSSSS FR:SSSSSSSSSSwwww BL:SSSSSSSSSSwwww BR:wwwwwwwwwwSSSS
[mpc t=5.80 OK   iters=13 status=0]wall=0.313s N=15 | FL:wwwwwwwwwSSSSS FR:SSSSSSSSSwwwww BL:SSSSSSSSSwwwww BR:wwwwwwwwwSSSSS
[mpc t=5.82 OK   iters=18 status=0]wall=0.453s N=15 | FL:wwwwwwwwwSSSSS FR:SSSSSSSSSwwwww BL:SSSSSSSSSwwwww BR:wwwwwwwwwSSSSS
[mpc t=5.84 OK   iters=17 status=0]wall=0.402s N=15 | FL:wwwwwwwwSSSSSS FR:SSSSSSSSwwwwww BL:SSSSSSSSwwwwww BR:wwwwwwwwSSSSSS
[mpc t=5.86 OK   iters=9 status=0]wall=0.234s N=15 | FL:wwwwwwwwSSSSSS FR:SSSSSSSSwwwwww BL:SSSSSSSSwwwwww BR:wwwwwwwwSSSSSS
[mpc t=5.88 OK   iters=12 status=0]wall=0.287s N=15 | FL:wwwwwwwSSSSSSS FR:SSSSSSSwwwwwww BL:SSSSSSSwwwwwww BR:wwwwwwwSSSSSSS
[mpc t=5.90 OK   iters=11 status=0]wall=0.270s N=15 | FL:wwwwwwwSSSSSSS FR:SSSSSSSwwwwwww BL:SSSSSSSwwwwwww BR:wwwwwwwSSSSSSS
[mpc t=5.92 OK   iters=11 status=0]wall=0.269s N=15 | FL:wwwwwwSSSSSSSS FR:SSSSSSwwwwwwww BL:SSSSSSwwwwwwww BR:wwwwwwSSSSSSSS
[mpc t=5.94 OK   iters=9 status=0]wall=0.242s N=15 | FL:wwwwwwSSSSSSSS FR:SSSSSSwwwwwwww BL:SSSSSSwwwwwwww BR:wwwwwwSSSSSSSS
[mpc t=5.96 OK   iters=19 status=0]wall=0.469s N=15 | FL:wwwwwSSSSSSSSS FR:SSSSSwwwwwwwww BL:SSSSSwwwwwwwww BR:wwwwwSSSSSSSSS
[mpc t=5.98 OK   iters=9 status=0]wall=0.232s N=15 | FL:wwwwwSSSSSSSSS FR:SSSSSwwwwwwwww BL:SSSSSwwwwwwwww BR:wwwwwSSSSSSSSS
[mpc t=6.00 OK   iters=11 status=0]wall=0.286s N=15 | FL:wwwwSSSSSSSSSS FR:SSSSwwwwwwwwww BL:SSSSwwwwwwwwww BR:wwwwSSSSSSSSSS

=== MPC/FOSMC DEBUG ===
MPC solves so far: 300 | time since last solve: 0.00s | last exception: None
GaitLogic state: WALK | walking=True turning=False jump_state=''
cmd['q_des'] (raw gait target, NOT what the MPC tracks anymore): [ 0.     0.69  -1.481 -0.     0.594 -1.012 -0.     0.566 -0.963 -0.
  0.671 -1.446]
cmd['is_stance']              : [False, True, True, False]
q_act        : [ 0.018  0.543 -1.486  0.022  0.708 -0.891  0.006  0.536 -0.963 -0.011
  0.536 -1.602]
q_des (mpc)  : [ 0.018  0.543 -1.486  0.022  0.708 -0.891  0.006  0.536 -0.963 -0.011
  0.536 -1.602]   <- converges to NOMINAL_STANCE [ 0.   0.6 -1.1  0.   0.6 -1.1  0.   0.6 -1.1  0.   0.6 -1.1], not cmd['q_des']
q plan end   : [ 1.100e-02  7.820e-01 -1.127e+00  1.000e-03  3.860e-01 -1.339e+00
  2.500e-02  5.260e-01 -1.300e+00 -2.000e-03  6.560e-01 -1.284e+00]   <- where the MPC sends the joints by node n
base v_y actual: -1.1414   base v_y commanded: -1.0000
tau0 (mpc ff): [ 12.13 -49.3   12.07  30.    -1.78  29.29 -28.67  46.62  66.73  -6.05
   0.74  25.  ]
pd (fosmc fb): [-0.5   2.18  2.13 -0.02 -0.21  0.44  0.13 -0.15  0.45 -0.03  1.01  2.19]
applied ctrl : [ 12.13 -49.3   12.07  30.    -1.78  29.29 -28.67  46.62  66.73  -6.05
   0.74  25.  ]
base pos     : [ 0.1716 -5.7047  2.536 ]  base quat: [ 1.      0.0072  0.0049 -0.0029]
pitch (deg, + = nose down): 0.82 | foot y rel hip (+ = behind) FL FR BL BR: [-0.57  0.56  0.03 -0.66]
swing-phase floor contact (2 ms steps since last print) FL FR BL BR: [4 0 0 7]
=======================

[mpc t=6.02 OK   iters=8 status=0]wall=0.215s N=15 | FL:wwwwSSSSSSSSSS FR:SSSSwwwwwwwwww BL:SSSSwwwwwwwwww BR:wwwwSSSSSSSSSS
[mpc t=6.04 OK   iters=9 status=0]wall=0.235s N=15 | FL:wwwSSSSSSSSSSS FR:SSSwwwwwwwwwww BL:SSSwwwwwwwwwww BR:wwwSSSSSSSSSSS
[mpc t=6.06 OK   iters=8 status=0]wall=0.213s N=15 | FL:wwwSSSSSSSSSSS FR:SSSwwwwwwwwwww BL:SSSwwwwwwwwwww BR:wwwSSSSSSSSSSS
[mpc t=6.08 OK   iters=9 status=0]wall=0.236s N=15 | FL:wwSSSSSSSSSSSS FR:SSwwwwwwwwwwww BL:SSwwwwwwwwwwww BR:wwSSSSSSSSSSSS
[mpc t=6.10 OK   iters=8 status=0]wall=0.214s N=15 | FL:wwSSSSSSSSSSSS FR:SSwwwwwwwwwwww BL:SSwwwwwwwwwwww BR:wwSSSSSSSSSSSS
[mpc t=6.12 OK   iters=9 status=0]wall=0.236s N=15 | FL:wSSSSSSSSSSSSS FR:Swwwwwwwwwwwww BL:Swwwwwwwwwwwww BR:wSSSSSSSSSSSSS
[mpc t=6.14 OK   iters=9 status=0]wall=0.227s N=15 | FL:wSSSSSSSSSSSSw FR:SwwwwwwwwwwwwS BL:SwwwwwwwwwwwwS BR:wSSSSSSSSSSSSw
[mpc t=6.16 OK   iters=25 status=0]wall=0.661s N=15 | FL:SSSSSSSSSSSSSw FR:wwwwwwwwwwwwwS BL:wwwwwwwwwwwwwS BR:SSSSSSSSSSSSSw
[mpc t=6.18 OK   iters=11 status=0]wall=0.269s N=15 | FL:SSSSSSSSSSSSww FR:wwwwwwwwwwwwSS BL:wwwwwwwwwwwwSS BR:SSSSSSSSSSSSww
[mpc t=6.20 OK   iters=9 status=0]wall=0.224s N=15 | FL:SSSSSSSSSSSSww FR:wwwwwwwwwwwwSS BL:wwwwwwwwwwwwSS BR:SSSSSSSSSSSSww
[mpc t=6.22 OK   iters=12 status=0]wall=0.285s N=15 | FL:SSSSSSSSSSSwww FR:wwwwwwwwwwwSSS BL:wwwwwwwwwwwSSS BR:SSSSSSSSSSSwww
[mpc t=6.24 OK   iters=10 status=0]wall=0.248s N=15 | FL:SSSSSSSSSSSwww FR:wwwwwwwwwwwSSS BL:wwwwwwwwwwwSSS BR:SSSSSSSSSSSwww
[mpc t=6.26 OK   iters=9 status=0]wall=0.246s N=15 | FL:SSSSSSSSSSwwww FR:wwwwwwwwwwSSSS BL:wwwwwwwwwwSSSS BR:SSSSSSSSSSwwww
[mpc t=6.28 OK   iters=9 status=0]wall=0.248s N=15 | FL:SSSSSSSSSSwwww FR:wwwwwwwwwwSSSS BL:wwwwwwwwwwSSSS BR:SSSSSSSSSSwwww
[mpc t=6.30 OK   iters=10 status=0]wall=0.248s N=15 | FL:SSSSSSSSSwwwww FR:wwwwwwwwwSSSSS BL:wwwwwwwwwSSSSS BR:SSSSSSSSSwwwww
[mpc t=6.32 OK   iters=10 status=0]wall=0.246s N=15 | FL:SSSSSSSSSwwwww FR:wwwwwwwwwSSSSS BL:wwwwwwwwwSSSSS BR:SSSSSSSSSwwwww
[mpc t=6.34 OK   iters=10 status=0]wall=0.286s N=15 | FL:SSSSSSSSwwwwww FR:wwwwwwwwSSSSSS BL:wwwwwwwwSSSSSS BR:SSSSSSSSwwwwww
[mpc t=6.36 OK   iters=10 status=0]wall=0.264s N=15 | FL:SSSSSSSSwwwwww FR:wwwwwwwwSSSSSS BL:wwwwwwwwSSSSSS BR:SSSSSSSSwwwwww
[mpc t=6.38 OK   iters=10 status=0]wall=0.241s N=15 | FL:SSSSSSSwwwwwww FR:wwwwwwwSSSSSSS BL:wwwwwwwSSSSSSS BR:SSSSSSSwwwwwww
[mpc t=6.40 OK   iters=9 status=0]wall=0.246s N=15 | FL:SSSSSSSwwwwwww FR:wwwwwwwSSSSSSS BL:wwwwwwwSSSSSSS BR:SSSSSSSwwwwwww
[mpc t=6.42 OK   iters=10 status=0]wall=0.254s N=15 | FL:SSSSSSwwwwwwww FR:wwwwwwSSSSSSSS BL:wwwwwwSSSSSSSS BR:SSSSSSwwwwwwww
[mpc t=6.44 OK   iters=8 status=0]wall=0.210s N=15 | FL:SSSSSSwwwwwwww FR:wwwwwwSSSSSSSS BL:wwwwwwSSSSSSSS BR:SSSSSSwwwwwwww
[mpc t=6.46 OK   iters=9 status=0]wall=0.233s N=15 | FL:SSSSSwwwwwwwww FR:wwwwwSSSSSSSSS BL:wwwwwSSSSSSSSS BR:SSSSSwwwwwwwww
[mpc t=6.48 OK   iters=8 status=0]wall=0.203s N=15 | FL:SSSSSwwwwwwwww FR:wwwwwSSSSSSSSS BL:wwwwwSSSSSSSSS BR:SSSSSwwwwwwwww
[mpc t=6.50 OK   iters=9 status=0]wall=0.227s N=15 | FL:SSSSwwwwwwwwww FR:wwwwSSSSSSSSSS BL:wwwwSSSSSSSSSS BR:SSSSwwwwwwwwww

=== MPC/FOSMC DEBUG ===
MPC solves so far: 325 | time since last solve: 0.00s | last exception: None
GaitLogic state: WALK | walking=True turning=False jump_state=''
cmd['q_des'] (raw gait target, NOT what the MPC tracks anymore): [ 0.     0.594 -1.012 -0.     0.69  -1.481  0.     0.671 -1.446  0.
  0.566 -0.963]
cmd['is_stance']              : [True, False, False, True]
q_act        : [ 0.008  0.657 -0.909 -0.013  0.579 -1.642  0.004  0.463 -1.44   0.007
  0.524 -1.016]
q_des (mpc)  : [ 0.008  0.657 -0.909 -0.013  0.579 -1.642  0.004  0.463 -1.44   0.007
  0.524 -1.016]   <- converges to NOMINAL_STANCE [ 0.   0.6 -1.1  0.   0.6 -1.1  0.   0.6 -1.1  0.   0.6 -1.1], not cmd['q_des']
q plan end   : [-0.003  0.406 -1.317 -0.003  0.688 -1.35   0.008  0.737 -1.085 -0.027
  0.529 -1.301]   <- where the MPC sends the joints by node n
base v_y actual: -0.9808   base v_y commanded: -1.0000
tau0 (mpc ff): [-49.8  -23.86  22.39 -12.93   4.5   25.43  11.79  16.49  20.39  52.87
   1.94  42.44]
pd (fosmc fb): [-0.04 -0.19  0.35  0.06  2.06  2.19  0.02  0.69  2.19 -0.02 -0.21  0.36]
applied ctrl : [-49.8  -23.86  22.39 -12.93   4.5   25.43  11.79  16.49  20.39  52.87
   1.94  42.44]
base pos     : [ 0.2246 -6.2262  2.5274]  base quat: [ 1.0e+00  2.0e-03  3.4e-03 -9.0e-04]
pitch (deg, + = nose down): 0.23 | foot y rel hip (+ = behind) FL FR BL BR: [ 0.41 -0.61 -0.68 -0.07]
swing-phase floor contact (2 ms steps since last print) FL FR BL BR: [0 7 0 0]
=======================

[mpc t=6.52 OK   iters=8 status=0]wall=0.205s N=15 | FL:SSSSwwwwwwwwww FR:wwwwSSSSSSSSSS BL:wwwwSSSSSSSSSS BR:SSSSwwwwwwwwww
[mpc t=6.54 OK   iters=9 status=0]wall=0.226s N=15 | FL:SSSwwwwwwwwwww FR:wwwSSSSSSSSSSS BL:wwwSSSSSSSSSSS BR:SSSwwwwwwwwwww
[mpc t=6.56 OK   iters=8 status=0]wall=0.208s N=15 | FL:SSSwwwwwwwwwww FR:wwwSSSSSSSSSSS BL:wwwSSSSSSSSSSS BR:SSSwwwwwwwwwww
[mpc t=6.58 OK   iters=9 status=0]wall=0.233s N=15 | FL:SSwwwwwwwwwwww FR:wwSSSSSSSSSSSS BL:wwSSSSSSSSSSSS BR:SSwwwwwwwwwwww
[mpc t=6.60 OK   iters=8 status=0]wall=0.200s N=15 | FL:SSwwwwwwwwwwww FR:wwSSSSSSSSSSSS BL:wwSSSSSSSSSSSS BR:SSwwwwwwwwwwww
[mpc t=6.62 OK   iters=9 status=0]wall=0.237s N=15 | FL:Swwwwwwwwwwwww FR:wSSSSSSSSSSSSS BL:wSSSSSSSSSSSSS BR:Swwwwwwwwwwwww
[mpc t=6.64 OK   iters=9 status=0]wall=0.230s N=15 | FL:SwwwwwwwwwwwwS FR:wSSSSSSSSSSSSw BL:wSSSSSSSSSSSSw BR:SwwwwwwwwwwwwS
[mpc t=6.66 OK   iters=9 status=0]wall=0.250s N=15 | FL:wwwwwwwwwwwwwS FR:SSSSSSSSSSSSSw BL:SSSSSSSSSSSSSw BR:wwwwwwwwwwwwwS
[mpc t=6.68 OK   iters=9 status=0]wall=0.257s N=15 | FL:wwwwwwwwwwwwSS FR:SSSSSSSSSSSSww BL:SSSSSSSSSSSSww BR:wwwwwwwwwwwwSS
[mpc t=6.70 OK   iters=13 status=0]wall=0.355s N=15 | FL:wwwwwwwwwwwwSS FR:SSSSSSSSSSSSww BL:SSSSSSSSSSSSww BR:wwwwwwwwwwwwSS
[mpc t=6.72 OK   iters=10 status=0]wall=0.268s N=15 | FL:wwwwwwwwwwwSSS FR:SSSSSSSSSSSwww BL:SSSSSSSSSSSwww BR:wwwwwwwwwwwSSS
[mpc t=6.74 OK   iters=10 status=0]wall=0.299s N=15 | FL:wwwwwwwwwwwSSS FR:SSSSSSSSSSSwww BL:SSSSSSSSSSSwww BR:wwwwwwwwwwwSSS
[mpc t=6.76 OK   iters=9 status=0]wall=0.299s N=15 | FL:wwwwwwwwwwSSSS FR:SSSSSSSSSSwwww BL:SSSSSSSSSSwwww BR:wwwwwwwwwwSSSS
[mpc t=6.78 OK   iters=9 status=0]wall=0.272s N=15 | FL:wwwwwwwwwwSSSS FR:SSSSSSSSSSwwww BL:SSSSSSSSSSwwww BR:wwwwwwwwwwSSSS
[mpc t=6.80 OK   iters=13 status=0]wall=0.418s N=15 | FL:wwwwwwwwwSSSSS FR:SSSSSSSSSwwwww BL:SSSSSSSSSwwwww BR:wwwwwwwwwSSSSS
[mpc t=6.82 OK   iters=11 status=0]wall=0.324s N=15 | FL:wwwwwwwwwSSSSS FR:SSSSSSSSSwwwww BL:SSSSSSSSSwwwww BR:wwwwwwwwwSSSSS
[mpc t=6.84 OK   iters=11 status=0]wall=0.317s N=15 | FL:wwwwwwwwSSSSSS FR:SSSSSSSSwwwwww BL:SSSSSSSSwwwwww BR:wwwwwwwwSSSSSS
[mpc t=6.86 OK   iters=15 status=0]wall=0.400s N=15 | FL:wwwwwwwwSSSSSS FR:SSSSSSSSwwwwww BL:SSSSSSSSwwwwww BR:wwwwwwwwSSSSSS
[mpc t=6.88 OK   iters=14 status=0]wall=0.339s N=15 | FL:wwwwwwwSSSSSSS FR:SSSSSSSwwwwwww BL:SSSSSSSwwwwwww BR:wwwwwwwSSSSSSS
[mpc t=6.90 OK   iters=12 status=0]wall=0.409s N=15 | FL:wwwwwwwSSSSSSS FR:SSSSSSSwwwwwww BL:SSSSSSSwwwwwww BR:wwwwwwwSSSSSSS
[mpc t=6.92 OK   iters=11 status=0]wall=0.320s N=15 | FL:wwwwwwSSSSSSSS FR:SSSSSSwwwwwwww BL:SSSSSSwwwwwwww BR:wwwwwwSSSSSSSS
[mpc t=6.94 OK   iters=8 status=0]wall=0.209s N=15 | FL:wwwwwwSSSSSSSS FR:SSSSSSwwwwwwww BL:SSSSSSwwwwwwww BR:wwwwwwSSSSSSSS
[mpc t=6.96 OK   iters=9 status=0]wall=0.234s N=15 | FL:wwwwwSSSSSSSSS FR:SSSSSwwwwwwwww BL:SSSSSwwwwwwwww BR:wwwwwSSSSSSSSS
[mpc t=6.98 OK   iters=8 status=0]wall=0.212s N=15 | FL:wwwwwSSSSSSSSS FR:SSSSSwwwwwwwww BL:SSSSSwwwwwwwww BR:wwwwwSSSSSSSSS
[mpc t=7.00 OK   iters=9 status=0]wall=0.247s N=15 | FL:wwwwSSSSSSSSSS FR:SSSSwwwwwwwwww BL:SSSSwwwwwwwwww BR:wwwwSSSSSSSSSS

=== MPC/FOSMC DEBUG ===
MPC solves so far: 350 | time since last solve: 0.00s | last exception: None
GaitLogic state: WALK | walking=True turning=False jump_state=''
cmd['q_des'] (raw gait target, NOT what the MPC tracks anymore): [ 0.     0.69  -1.481 -0.     0.594 -1.012 -0.     0.566 -0.963 -0.
  0.671 -1.446]
cmd['is_stance']              : [False, True, True, False]
q_act        : [ 0.01   0.537 -1.545  0.012  0.601 -1.008 -0.022  0.688 -0.904 -0.008
  0.499 -1.431]
q_des (mpc)  : [ 0.01   0.537 -1.545  0.012  0.601 -1.008 -0.022  0.688 -0.904 -0.008
  0.499 -1.431]   <- converges to NOMINAL_STANCE [ 0.   0.6 -1.1  0.   0.6 -1.1  0.   0.6 -1.1  0.   0.6 -1.1], not cmd['q_des']
q plan end   : [ 0.008  0.748 -1.227 -0.004  0.432 -1.317  0.022  0.478 -1.337 -0.
  0.7   -1.052]   <- where the MPC sends the joints by node n
base v_y actual: -1.0929   base v_y commanded: -1.0000
tau0 (mpc ff): [ 10.87   8.89  22.89  45.69   7.75  37.65 -48.08 -28.52  25.05  -5.23
   4.57  20.51]
pd (fosmc fb): [ 0.04  0.67  2.2   0.03 -0.13  0.28 -0.06 -0.26  0.34  0.29 -0.31  2.21]
applied ctrl : [ 10.87   8.89  22.89  45.69   7.75  37.65 -48.08 -28.52  25.05  -5.23
   4.57  20.51]
base pos     : [ 0.2426 -6.7381  2.5342]  base quat: [1.     0.0045 0.0023 0.0034]
pitch (deg, + = nose down): 0.51 | foot y rel hip (+ = behind) FL FR BL BR: [-0.62  0.13  0.5  -0.6 ]
swing-phase floor contact (2 ms steps since last print) FL FR BL BR: [7 0 0 0]
=======================

[mpc t=7.02 OK   iters=8 status=0]wall=0.214s N=15 | FL:wwwwSSSSSSSSSS FR:SSSSwwwwwwwwww BL:SSSSwwwwwwwwww BR:wwwwSSSSSSSSSS
[mpc t=7.04 OK   iters=9 status=0]wall=0.229s N=15 | FL:wwwSSSSSSSSSSS FR:SSSwwwwwwwwwww BL:SSSwwwwwwwwwww BR:wwwSSSSSSSSSSS
[mpc t=7.06 OK   iters=8 status=0]wall=0.221s N=15 | FL:wwwSSSSSSSSSSS FR:SSSwwwwwwwwwww BL:SSSwwwwwwwwwww BR:wwwSSSSSSSSSSS
[mpc t=7.08 OK   iters=9 status=0]wall=0.239s N=15 | FL:wwSSSSSSSSSSSS FR:SSwwwwwwwwwwww BL:SSwwwwwwwwwwww BR:wwSSSSSSSSSSSS
[mpc t=7.10 OK   iters=8 status=0]wall=0.211s N=15 | FL:wwSSSSSSSSSSSS FR:SSwwwwwwwwwwww BL:SSwwwwwwwwwwww BR:wwSSSSSSSSSSSS
[mpc t=7.12 OK   iters=9 status=0]wall=0.249s N=15 | FL:wSSSSSSSSSSSSS FR:Swwwwwwwwwwwww BL:Swwwwwwwwwwwww BR:wSSSSSSSSSSSSS
[mpc t=7.14 OK   iters=9 status=0]wall=0.241s N=15 | FL:wSSSSSSSSSSSSw FR:SwwwwwwwwwwwwS BL:SwwwwwwwwwwwwS BR:wSSSSSSSSSSSSw
[mpc t=7.16 OK   iters=10 status=0]wall=0.262s N=15 | FL:SSSSSSSSSSSSSw FR:wwwwwwwwwwwwwS BL:wwwwwwwwwwwwwS BR:SSSSSSSSSSSSSw
[mpc t=7.18 OK   iters=12 status=0]wall=0.310s N=15 | FL:SSSSSSSSSSSSww FR:wwwwwwwwwwwwSS BL:wwwwwwwwwwwwSS BR:SSSSSSSSSSSSww
[mpc t=7.20 OK   iters=13 status=0]wall=0.324s N=15 | FL:SSSSSSSSSSSSww FR:wwwwwwwwwwwwSS BL:wwwwwwwwwwwwSS BR:SSSSSSSSSSSSww
[mpc t=7.22 OK   iters=10 status=0]wall=0.256s N=15 | FL:SSSSSSSSSSSwww FR:wwwwwwwwwwwSSS BL:wwwwwwwwwwwSSS BR:SSSSSSSSSSSwww
[mpc t=7.24 OK   iters=10 status=0]wall=0.259s N=15 | FL:SSSSSSSSSSSwww FR:wwwwwwwwwwwSSS BL:wwwwwwwwwwwSSS BR:SSSSSSSSSSSwww
[mpc t=7.26 OK   iters=19 status=0]wall=0.490s N=15 | FL:SSSSSSSSSSwwww FR:wwwwwwwwwwSSSS BL:wwwwwwwwwwSSSS BR:SSSSSSSSSSwwww
[mpc t=7.28 OK   iters=11 status=0]wall=0.271s N=15 | FL:SSSSSSSSSSwwww FR:wwwwwwwwwwSSSS BL:wwwwwwwwwwSSSS BR:SSSSSSSSSSwwww
[mpc t=7.30 OK   iters=12 status=0]wall=0.291s N=15 | FL:SSSSSSSSSwwwww FR:wwwwwwwwwSSSSS BL:wwwwwwwwwSSSSS BR:SSSSSSSSSwwwww
[mpc t=7.32 OK   iters=17 status=0]wall=0.435s N=15 | FL:SSSSSSSSSwwwww FR:wwwwwwwwwSSSSS BL:wwwwwwwwwSSSSS BR:SSSSSSSSSwwwww
[mpc t=7.34 OK   iters=12 status=0]wall=0.291s N=15 | FL:SSSSSSSSwwwwww FR:wwwwwwwwSSSSSS BL:wwwwwwwwSSSSSS BR:SSSSSSSSwwwwww
[mpc t=7.36 OK   iters=9 status=0]wall=0.220s N=15 | FL:SSSSSSSSwwwwww FR:wwwwwwwwSSSSSS BL:wwwwwwwwSSSSSS BR:SSSSSSSSwwwwww
[mpc t=7.38 OK   iters=14 status=0]wall=0.345s N=15 | FL:SSSSSSSwwwwwww FR:wwwwwwwSSSSSSS BL:wwwwwwwSSSSSSS BR:SSSSSSSwwwwwww
[mpc t=7.40 OK   iters=8 status=0]wall=0.204s N=15 | FL:SSSSSSSwwwwwww FR:wwwwwwwSSSSSSS BL:wwwwwwwSSSSSSS BR:SSSSSSSwwwwwww
[mpc t=7.42 OK   iters=9 status=0]wall=0.231s N=15 | FL:SSSSSSwwwwwwww FR:wwwwwwSSSSSSSS BL:wwwwwwSSSSSSSS BR:SSSSSSwwwwwwww
[mpc t=7.44 OK   iters=9 status=0]wall=0.226s N=15 | FL:SSSSSSwwwwwwww FR:wwwwwwSSSSSSSS BL:wwwwwwSSSSSSSS BR:SSSSSSwwwwwwww
[mpc t=7.46 OK   iters=12 status=0]wall=0.290s N=15 | FL:SSSSSwwwwwwwww FR:wwwwwSSSSSSSSS BL:wwwwwSSSSSSSSS BR:SSSSSwwwwwwwww
[mpc t=7.48 OK   iters=9 status=0]wall=0.228s N=15 | FL:SSSSSwwwwwwwww FR:wwwwwSSSSSSSSS BL:wwwwwSSSSSSSSS BR:SSSSSwwwwwwwww
[mpc t=7.50 OK   iters=16 status=0]wall=0.386s N=15 | FL:SSSSwwwwwwwwww FR:wwwwSSSSSSSSSS BL:wwwwSSSSSSSSSS BR:SSSSwwwwwwwwww

=== MPC/FOSMC DEBUG ===
MPC solves so far: 375 | time since last solve: 0.00s | last exception: None
GaitLogic state: WALK | walking=True turning=False jump_state=''
cmd['q_des'] (raw gait target, NOT what the MPC tracks anymore): [ 0.     0.594 -1.012 -0.     0.69  -1.481  0.     0.671 -1.446  0.
  0.566 -0.963]
cmd['is_stance']              : [True, False, False, True]
q_act        : [-0.031  0.651 -0.962 -0.036  0.546 -1.438  0.012  0.576 -1.622 -0.002
  0.647 -0.896]
q_des (mpc)  : [-0.031  0.651 -0.962 -0.036  0.546 -1.438  0.012  0.576 -1.622 -0.002
  0.647 -0.896]   <- converges to NOMINAL_STANCE [ 0.   0.6 -1.1  0.   0.6 -1.1  0.   0.6 -1.1  0.   0.6 -1.1], not cmd['q_des']
q plan end   : [ 1.000e-03  4.060e-01 -1.325e+00 -1.100e-02  7.970e-01 -1.086e+00
  1.000e-03  6.500e-01 -1.288e+00 -2.500e-02  4.950e-01 -1.330e+00]   <- where the MPC sends the joints by node n
base v_y actual: -1.1937   base v_y commanded: -1.0000
tau0 (mpc ff): [-7.198e+01 -3.759e+01  1.577e+01 -5.600e-01  1.000e+02  3.256e+01
  1.537e+01 -4.340e+00  2.543e+01  5.608e+01 -7.779e+01  4.000e-02]
pd (fosmc fb): [-0.06 -0.29  0.44 -0.21 -0.32  2.22 -0.04  0.91  2.2  -0.   -0.31  0.4 ]
applied ctrl : [-7.198e+01 -3.759e+01  1.577e+01 -5.600e-01  1.000e+02  3.256e+01
  1.537e+01 -4.340e+00  2.543e+01  5.608e+01 -7.779e+01  4.000e-02]
base pos     : [ 0.2419 -7.3077  2.5406]  base quat: [ 9.999e-01  9.300e-03 -4.400e-03 -2.000e-04]
pitch (deg, + = nose down): 1.06 | foot y rel hip (+ = behind) FL FR BL BR: [ 0.32 -0.51 -0.6   0.41]
swing-phase floor contact (2 ms steps since last print) FL FR BL BR: [0 0 8 0]
=======================

[mpc t=7.52 OK   iters=10 status=0]wall=0.244s N=15 | FL:SSSSwwwwwwwwww FR:wwwwSSSSSSSSSS BL:wwwwSSSSSSSSSS BR:SSSSwwwwwwwwww
[mpc t=7.54 OK   iters=11 status=0]wall=0.277s N=15 | FL:SSSwwwwwwwwwww FR:wwwSSSSSSSSSSS BL:wwwSSSSSSSSSSS BR:SSSwwwwwwwwwww
[mpc t=7.56 OK   iters=9 status=0]wall=0.242s N=15 | FL:SSSwwwwwwwwwww FR:wwwSSSSSSSSSSS BL:wwwSSSSSSSSSSS BR:SSSwwwwwwwwwww
[mpc t=7.58 OK   iters=9 status=0]wall=0.234s N=15 | FL:SSwwwwwwwwwwww FR:wwSSSSSSSSSSSS BL:wwSSSSSSSSSSSS BR:SSwwwwwwwwwwww
[mpc t=7.60 OK   iters=9 status=0]wall=0.236s N=15 | FL:SSwwwwwwwwwwww FR:wwSSSSSSSSSSSS BL:wwSSSSSSSSSSSS BR:SSwwwwwwwwwwww
[mpc t=7.62 OK   iters=9 status=0]wall=0.236s N=15 | FL:Swwwwwwwwwwwww FR:wSSSSSSSSSSSSS BL:wSSSSSSSSSSSSS BR:Swwwwwwwwwwwww
[mpc t=7.64 OK   iters=9 status=0]wall=0.248s N=15 | FL:SwwwwwwwwwwwwS FR:wSSSSSSSSSSSSw BL:wSSSSSSSSSSSSw BR:SwwwwwwwwwwwwS
[mpc t=7.66 OK   iters=9 status=0]wall=0.257s N=15 | FL:wwwwwwwwwwwwwS FR:SSSSSSSSSSSSSw BL:SSSSSSSSSSSSSw BR:wwwwwwwwwwwwwS
[mpc t=7.68 OK   iters=10 status=0]wall=0.259s N=15 | FL:wwwwwwwwwwwwSS FR:SSSSSSSSSSSSww BL:SSSSSSSSSSSSww BR:wwwwwwwwwwwwSS
[mpc t=7.70 OK   iters=16 status=0]wall=0.428s N=15 | FL:wwwwwwwwwwwwSS FR:SSSSSSSSSSSSww BL:SSSSSSSSSSSSww BR:wwwwwwwwwwwwSS
[mpc t=7.72 OK   iters=13 status=0]wall=0.315s N=15 | FL:wwwwwwwwwwwSSS FR:SSSSSSSSSSSwww BL:SSSSSSSSSSSwww BR:wwwwwwwwwwwSSS
[mpc t=7.74 OK   iters=11 status=0]wall=0.274s N=15 | FL:wwwwwwwwwwwSSS FR:SSSSSSSSSSSwww BL:SSSSSSSSSSSwww BR:wwwwwwwwwwwSSS
[mpc t=7.76 OK   iters=17 status=0]wall=0.410s N=15 | FL:wwwwwwwwwwSSSS FR:SSSSSSSSSSwwww BL:SSSSSSSSSSwwww BR:wwwwwwwwwwSSSS
[mpc t=7.78 OK   iters=9 status=0]wall=0.232s N=15 | FL:wwwwwwwwwwSSSS FR:SSSSSSSSSSwwww BL:SSSSSSSSSSwwww BR:wwwwwwwwwwSSSS
[mpc t=7.80 OK   iters=11 status=0]wall=0.275s N=15 | FL:wwwwwwwwwSSSSS FR:SSSSSSSSSwwwww BL:SSSSSSSSSwwwww BR:wwwwwwwwwSSSSS
[mpc t=7.82 OK   iters=11 status=0]wall=0.269s N=15 | FL:wwwwwwwwwSSSSS FR:SSSSSSSSSwwwww BL:SSSSSSSSSwwwww BR:wwwwwwwwwSSSSS
[mpc t=7.84 OK   iters=13 status=0]wall=0.317s N=15 | FL:wwwwwwwwSSSSSS FR:SSSSSSSSwwwwww BL:SSSSSSSSwwwwww BR:wwwwwwwwSSSSSS
[mpc t=7.86 OK   iters=11 status=0]wall=0.303s N=15 | FL:wwwwwwwwSSSSSS FR:SSSSSSSSwwwwww BL:SSSSSSSSwwwwww BR:wwwwwwwwSSSSSS
[mpc t=7.88 OK   iters=13 status=0]wall=0.318s N=15 | FL:wwwwwwwSSSSSSS FR:SSSSSSSwwwwwww BL:SSSSSSSwwwwwww BR:wwwwwwwSSSSSSS
[mpc t=7.90 OK   iters=12 status=0]wall=0.310s N=15 | FL:wwwwwwwSSSSSSS FR:SSSSSSSwwwwwww BL:SSSSSSSwwwwwww BR:wwwwwwwSSSSSSS
[mpc t=7.92 OK   iters=11 status=0]wall=0.272s N=15 | FL:wwwwwwSSSSSSSS FR:SSSSSSwwwwwwww BL:SSSSSSwwwwwwww BR:wwwwwwSSSSSSSS
[mpc t=7.94 OK   iters=8 status=0]wall=0.211s N=15 | FL:wwwwwwSSSSSSSS FR:SSSSSSwwwwwwww BL:SSSSSSwwwwwwww BR:wwwwwwSSSSSSSS
[mpc t=7.96 OK   iters=14 status=0]wall=0.351s N=15 | FL:wwwwwSSSSSSSSS FR:SSSSSwwwwwwwww BL:SSSSSwwwwwwwww BR:wwwwwSSSSSSSSS
[mpc t=7.98 OK   iters=13 status=0]wall=0.357s N=15 | FL:wwwwwSSSSSSSSS FR:SSSSSwwwwwwwww BL:SSSSSwwwwwwwww BR:wwwwwSSSSSSSSS
[mpc t=8.00 OK   iters=10 status=0]wall=0.255s N=15 | FL:wwwwSSSSSSSSSS FR:SSSSwwwwwwwwww BL:SSSSwwwwwwwwww BR:wwwwSSSSSSSSSS

=== MPC/FOSMC DEBUG ===
MPC solves so far: 400 | time since last solve: 0.00s | last exception: None
GaitLogic state: WALK | walking=True turning=False jump_state=''
cmd['q_des'] (raw gait target, NOT what the MPC tracks anymore): [ 0.     0.69  -1.481 -0.     0.594 -1.012 -0.     0.566 -0.963 -0.
  0.671 -1.446]
cmd['is_stance']              : [False, True, True, False]
q_act        : [ 0.019  0.524 -1.499  0.018  0.73  -0.852  0.005  0.504 -0.978 -0.011
  0.55  -1.623]
q_des (mpc)  : [ 0.019  0.524 -1.499  0.018  0.73  -0.852  0.005  0.504 -0.978 -0.011
  0.55  -1.623]   <- converges to NOMINAL_STANCE [ 0.   0.6 -1.1  0.   0.6 -1.1  0.   0.6 -1.1  0.   0.6 -1.1], not cmd['q_des']
q plan end   : [ 0.012  0.776 -1.178  0.003  0.367 -1.346  0.028  0.534 -1.298 -0.003
  0.653 -1.303]   <- where the MPC sends the joints by node n
base v_y actual: -1.1145   base v_y commanded: -1.0000
tau0 (mpc ff): [ 10.43  31.64  24.66  58.13 -44.33   9.64 -51.31  -5.25  40.11 -13.87
   0.44  25.71]
pd (fosmc fb): [ 0.9  -2.32  2.37 -0.1   0.24  0.47  0.04 -0.13  0.33  0.52  2.06  2.18]
applied ctrl : [ 10.43  31.64  24.66  58.13 -44.33   9.64 -51.31  -5.25  40.11 -13.87
   0.44  25.71]
base pos     : [ 0.2174 -7.8884  2.5293]  base quat: [ 1.0e+00  6.3e-03  5.0e-03 -3.0e-04]
pitch (deg, + = nose down): 0.73 | foot y rel hip (+ = behind) FL FR BL BR: [-0.61  0.68 -0.07 -0.65]
swing-phase floor contact (2 ms steps since last print) FL FR BL BR: [5 0 0 7]
=======================

[mpc t=8.02 OK   iters=8 status=0]wall=0.210s N=15 | FL:wwwwSSSSSSSSSS FR:SSSSwwwwwwwwww BL:SSSSwwwwwwwwww BR:wwwwSSSSSSSSSS
[mpc t=8.04 OK   iters=9 status=0]wall=0.233s N=15 | FL:wwwSSSSSSSSSSS FR:SSSwwwwwwwwwww BL:SSSwwwwwwwwwww BR:wwwSSSSSSSSSSS
[mpc t=8.06 OK   iters=8 status=0]wall=0.205s N=15 | FL:wwwSSSSSSSSSSS FR:SSSwwwwwwwwwww BL:SSSwwwwwwwwwww BR:wwwSSSSSSSSSSS
[mpc t=8.08 OK   iters=9 status=0]wall=0.228s N=15 | FL:wwSSSSSSSSSSSS FR:SSwwwwwwwwwwww BL:SSwwwwwwwwwwww BR:wwSSSSSSSSSSSS
[mpc t=8.10 OK   iters=8 status=0]wall=0.207s N=15 | FL:wwSSSSSSSSSSSS FR:SSwwwwwwwwwwww BL:SSwwwwwwwwwwww BR:wwSSSSSSSSSSSS
[mpc t=8.12 OK   iters=9 status=0]wall=0.236s N=15 | FL:wSSSSSSSSSSSSS FR:Swwwwwwwwwwwww BL:Swwwwwwwwwwwww BR:wSSSSSSSSSSSSS
[mpc t=8.14 OK   iters=9 status=0]wall=0.234s N=15 | FL:wSSSSSSSSSSSSw FR:SwwwwwwwwwwwwS BL:SwwwwwwwwwwwwS BR:wSSSSSSSSSSSSw
[mpc t=8.16 OK   iters=26 status=0]wall=0.672s N=15 | FL:SSSSSSSSSSSSSw FR:wwwwwwwwwwwwwS BL:wwwwwwwwwwwwwS BR:SSSSSSSSSSSSSw
[mpc t=8.18 OK   iters=13 status=0]wall=0.323s N=15 | FL:SSSSSSSSSSSSww FR:wwwwwwwwwwwwSS BL:wwwwwwwwwwwwSS BR:SSSSSSSSSSSSww
[mpc t=8.20 OK   iters=14 status=0]wall=0.346s N=15 | FL:SSSSSSSSSSSSww FR:wwwwwwwwwwwwSS BL:wwwwwwwwwwwwSS BR:SSSSSSSSSSSSww
[mpc t=8.22 OK   iters=13 status=0]wall=0.321s N=15 | FL:SSSSSSSSSSSwww FR:wwwwwwwwwwwSSS BL:wwwwwwwwwwwSSS BR:SSSSSSSSSSSwww
[mpc t=8.24 OK   iters=12 status=0]wall=0.293s N=15 | FL:SSSSSSSSSSSwww FR:wwwwwwwwwwwSSS BL:wwwwwwwwwwwSSS BR:SSSSSSSSSSSwww
[mpc t=8.26 OK   iters=17 status=0]wall=0.443s N=15 | FL:SSSSSSSSSSwwww FR:wwwwwwwwwwSSSS BL:wwwwwwwwwwSSSS BR:SSSSSSSSSSwwww
[mpc t=8.28 OK   iters=14 status=0]wall=0.359s N=15 | FL:SSSSSSSSSSwwww FR:wwwwwwwwwwSSSS BL:wwwwwwwwwwSSSS BR:SSSSSSSSSSwwww
[mpc t=8.30 OK   iters=11 status=0]wall=0.270s N=15 | FL:SSSSSSSSSwwwww FR:wwwwwwwwwSSSSS BL:wwwwwwwwwSSSSS BR:SSSSSSSSSwwwww
[mpc t=8.32 OK   iters=15 status=0]wall=0.411s N=15 | FL:SSSSSSSSSwwwww FR:wwwwwwwwwSSSSS BL:wwwwwwwwwSSSSS BR:SSSSSSSSSwwwww
[mpc t=8.34 OK   iters=12 status=0]wall=0.288s N=15 | FL:SSSSSSSSwwwwww FR:wwwwwwwwSSSSSS BL:wwwwwwwwSSSSSS BR:SSSSSSSSwwwwww
[mpc t=8.36 OK   iters=10 status=0]wall=0.243s N=15 | FL:SSSSSSSSwwwwww FR:wwwwwwwwSSSSSS BL:wwwwwwwwSSSSSS BR:SSSSSSSSwwwwww
[mpc t=8.38 OK   iters=12 status=0]wall=0.286s N=15 | FL:SSSSSSSwwwwwww FR:wwwwwwwSSSSSSS BL:wwwwwwwSSSSSSS BR:SSSSSSSwwwwwww
[mpc t=8.40 OK   iters=10 status=0]wall=0.246s N=15 | FL:SSSSSSSwwwwwww FR:wwwwwwwSSSSSSS BL:wwwwwwwSSSSSSS BR:SSSSSSSwwwwwww
[mpc t=8.42 OK   iters=10 status=0]wall=0.265s N=15 | FL:SSSSSSwwwwwwww FR:wwwwwwSSSSSSSS BL:wwwwwwSSSSSSSS BR:SSSSSSwwwwwwww
[mpc t=8.44 OK   iters=10 status=0]wall=0.269s N=15 | FL:SSSSSSwwwwwwww FR:wwwwwwSSSSSSSS BL:wwwwwwSSSSSSSS BR:SSSSSSwwwwwwww
[mpc t=8.46 OK   iters=9 status=0]wall=0.232s N=15 | FL:SSSSSwwwwwwwww FR:wwwwwSSSSSSSSS BL:wwwwwSSSSSSSSS BR:SSSSSwwwwwwwww
[mpc t=8.48 OK   iters=8 status=0]wall=0.208s N=15 | FL:SSSSSwwwwwwwww FR:wwwwwSSSSSSSSS BL:wwwwwSSSSSSSSS BR:SSSSSwwwwwwwww
[mpc t=8.50 OK   iters=9 status=0]wall=0.248s N=15 | FL:SSSSwwwwwwwwww FR:wwwwSSSSSSSSSS BL:wwwwSSSSSSSSSS BR:SSSSwwwwwwwwww

=== MPC/FOSMC DEBUG ===
MPC solves so far: 425 | time since last solve: 0.00s | last exception: None
GaitLogic state: WALK | walking=True turning=False jump_state=''
cmd['q_des'] (raw gait target, NOT what the MPC tracks anymore): [ 0.     0.594 -1.012 -0.     0.69  -1.481  0.     0.671 -1.446  0.
  0.566 -0.963]
cmd['is_stance']              : [True, False, False, True]
q_act        : [ 0.014  0.623 -0.941 -0.015  0.673 -1.712  0.003  0.456 -1.392  0.017
  0.536 -1.038]
q_des (mpc)  : [ 0.014  0.623 -0.941 -0.015  0.673 -1.712  0.003  0.456 -1.392  0.017
  0.536 -1.038]   <- converges to NOMINAL_STANCE [ 0.   0.6 -1.1  0.   0.6 -1.1  0.   0.6 -1.1  0.   0.6 -1.1], not cmd['q_des']
q plan end   : [-4.000e-03  4.160e-01 -1.309e+00  1.000e-03  6.590e-01 -1.397e+00
  9.000e-03  7.460e-01 -1.004e+00 -2.700e-02  5.250e-01 -1.304e+00]   <- where the MPC sends the joints by node n
base v_y actual: -0.9187   base v_y commanded: -1.0000
tau0 (mpc ff): [-48.4  -11.86  30.18 -13.33  -4.85  27.39  11.33  14.96  18.14  54.84
   2.48  41.31]
pd (fosmc fb): [-0.02 -0.15  0.28  0.07  2.05  2.22  0.22  0.54  2.21  0.04 -0.17  0.24]
applied ctrl : [-48.4  -11.86  30.18 -13.33  -4.85  27.39  11.33  14.96  18.14  54.84
   2.48  41.31]
base pos     : [ 0.2887 -8.3828  2.5235]  base quat: [ 1.e+00 -1.e-04  6.e-03  7.e-04]
pitch (deg, + = nose down): -0.01 | foot y rel hip (+ = behind) FL FR BL BR: [ 0.28 -0.5  -0.66 -0.07]
swing-phase floor contact (2 ms steps since last print) FL FR BL BR: [0 6 0 0]
=======================

[mpc t=8.52 OK   iters=8 status=0]wall=0.209s N=15 | FL:SSSSwwwwwwwwww FR:wwwwSSSSSSSSSS BL:wwwwSSSSSSSSSS BR:SSSSwwwwwwwwww
[mpc t=8.54 OK   iters=9 status=0]wall=0.232s N=15 | FL:SSSwwwwwwwwwww FR:wwwSSSSSSSSSSS BL:wwwSSSSSSSSSSS BR:SSSwwwwwwwwwww
[mpc t=8.56 OK   iters=8 status=0]wall=0.215s N=15 | FL:SSSwwwwwwwwwww FR:wwwSSSSSSSSSSS BL:wwwSSSSSSSSSSS BR:SSSwwwwwwwwwww
[mpc t=8.58 OK   iters=9 status=0]wall=0.230s N=15 | FL:SSwwwwwwwwwwww FR:wwSSSSSSSSSSSS BL:wwSSSSSSSSSSSS BR:SSwwwwwwwwwwww
[mpc t=8.60 OK   iters=8 status=0]wall=0.213s N=15 | FL:SSwwwwwwwwwwww FR:wwSSSSSSSSSSSS BL:wwSSSSSSSSSSSS BR:SSwwwwwwwwwwww
[mpc t=8.62 OK   iters=10 status=0]wall=0.259s N=15 | FL:Swwwwwwwwwwwww FR:wSSSSSSSSSSSSS BL:wSSSSSSSSSSSSS BR:Swwwwwwwwwwwww
[mpc t=8.64 OK   iters=9 status=0]wall=0.231s N=15 | FL:SwwwwwwwwwwwwS FR:wSSSSSSSSSSSSw BL:wSSSSSSSSSSSSw BR:SwwwwwwwwwwwwS
[mpc t=8.66 OK   iters=9 status=0]wall=0.255s N=15 | FL:wwwwwwwwwwwwwS FR:SSSSSSSSSSSSSw BL:SSSSSSSSSSSSSw BR:wwwwwwwwwwwwwS
[mpc t=8.68 OK   iters=11 status=0]wall=0.284s N=15 | FL:wwwwwwwwwwwwSS FR:SSSSSSSSSSSSww BL:SSSSSSSSSSSSww BR:wwwwwwwwwwwwSS
[mpc t=8.70 OK   iters=11 status=0]wall=0.280s N=15 | FL:wwwwwwwwwwwwSS FR:SSSSSSSSSSSSww BL:SSSSSSSSSSSSww BR:wwwwwwwwwwwwSS
[mpc t=8.72 OK   iters=12 status=0]wall=0.299s N=15 | FL:wwwwwwwwwwwSSS FR:SSSSSSSSSSSwww BL:SSSSSSSSSSSwww BR:wwwwwwwwwwwSSS
[mpc t=8.74 OK   iters=14 status=0]wall=0.364s N=15 | FL:wwwwwwwwwwwSSS FR:SSSSSSSSSSSwww BL:SSSSSSSSSSSwww BR:wwwwwwwwwwwSSS
[mpc t=8.76 OK   iters=12 status=0]wall=0.300s N=15 | FL:wwwwwwwwwwSSSS FR:SSSSSSSSSSwwww BL:SSSSSSSSSSwwww BR:wwwwwwwwwwSSSS
[mpc t=8.78 OK   iters=12 status=0]wall=0.296s N=15 | FL:wwwwwwwwwwSSSS FR:SSSSSSSSSSwwww BL:SSSSSSSSSSwwww BR:wwwwwwwwwwSSSS
[mpc t=8.80 OK   iters=15 status=0]wall=0.360s N=15 | FL:wwwwwwwwwSSSSS FR:SSSSSSSSSwwwww BL:SSSSSSSSSwwwww BR:wwwwwwwwwSSSSS
[mpc t=8.82 OK   iters=11 status=0]wall=0.277s N=15 | FL:wwwwwwwwwSSSSS FR:SSSSSSSSSwwwww BL:SSSSSSSSSwwwww BR:wwwwwwwwwSSSSS
[mpc t=8.84 OK   iters=35 status=0]wall=0.898s N=15 | FL:wwwwwwwwSSSSSS FR:SSSSSSSSwwwwww BL:SSSSSSSSwwwwww BR:wwwwwwwwSSSSSS
[mpc t=8.86 OK   iters=11 status=0]wall=0.265s N=15 | FL:wwwwwwwwSSSSSS FR:SSSSSSSSwwwwww BL:SSSSSSSSwwwwww BR:wwwwwwwwSSSSSS
[mpc t=8.88 OK   iters=21 status=0]wall=0.522s N=15 | FL:wwwwwwwSSSSSSS FR:SSSSSSSwwwwwww BL:SSSSSSSwwwwwww BR:wwwwwwwSSSSSSS
[mpc t=8.90 OK   iters=11 status=0]wall=0.286s N=15 | FL:wwwwwwwSSSSSSS FR:SSSSSSSwwwwwww BL:SSSSSSSwwwwwww BR:wwwwwwwSSSSSSS
[mpc t=8.92 OK   iters=13 status=0]wall=0.330s N=15 | FL:wwwwwwSSSSSSSS FR:SSSSSSwwwwwwww BL:SSSSSSwwwwwwww BR:wwwwwwSSSSSSSS
[mpc t=8.94 OK   iters=11 status=0]wall=0.266s N=15 | FL:wwwwwwSSSSSSSS FR:SSSSSSwwwwwwww BL:SSSSSSwwwwwwww BR:wwwwwwSSSSSSSS
[mpc t=8.96 OK   iters=11 status=0]wall=0.281s N=15 | FL:wwwwwSSSSSSSSS FR:SSSSSwwwwwwwww BL:SSSSSwwwwwwwww BR:wwwwwSSSSSSSSS
[mpc t=8.98 OK   iters=10 status=0]wall=0.253s N=15 | FL:wwwwwSSSSSSSSS FR:SSSSSwwwwwwwww BL:SSSSSwwwwwwwww BR:wwwwwSSSSSSSSS
[mpc t=9.00 OK   iters=13 status=0]wall=0.312s N=15 | FL:wwwwSSSSSSSSSS FR:SSSSwwwwwwwwww BL:SSSSwwwwwwwwww BR:wwwwSSSSSSSSSS

=== MPC/FOSMC DEBUG ===
MPC solves so far: 450 | time since last solve: 0.00s | last exception: None
GaitLogic state: WALK | walking=True turning=False jump_state=''
cmd['q_des'] (raw gait target, NOT what the MPC tracks anymore): [ 0.     0.69  -1.481 -0.     0.594 -1.012 -0.     0.566 -0.963 -0.
  0.671 -1.446]
cmd['is_stance']              : [False, True, True, False]
q_act        : [ 0.027  0.501 -1.472  0.023  0.566 -1.023 -0.031  0.742 -0.777 -0.007
  0.513 -1.455]
q_des (mpc)  : [ 0.027  0.501 -1.472  0.023  0.566 -1.023 -0.031  0.742 -0.777 -0.007
  0.513 -1.455]   <- converges to NOMINAL_STANCE [ 0.   0.6 -1.1  0.   0.6 -1.1  0.   0.6 -1.1  0.   0.6 -1.1], not cmd['q_des']
q plan end   : [ 0.009  0.781 -1.129  0.004  0.428 -1.306  0.029  0.98  -1.045  0.
  0.682 -1.09 ]   <- where the MPC sends the joints by node n
base v_y actual: -1.1768   base v_y commanded: -1.0000
tau0 (mpc ff): [  8.7   72.86  28.07  59.13  -2.37  35.36 -53.55 -88.71  -9.26 -11.93
   0.83  21.68]
pd (fosmc fb): [ 0.19 -0.32  2.22 -0.   -0.08  0.27 -0.03 -0.4   0.69  0.31 -0.52  2.21]
applied ctrl : [  8.7   72.86  28.07  59.13  -2.37  35.36 -53.55 -88.71  -9.26 -11.93
   0.83  21.68]
base pos     : [ 0.3458 -8.8842  2.5296]  base quat: [1.     0.0085 0.0035 0.0034]
pitch (deg, + = nose down): 0.98 | foot y rel hip (+ = behind) FL FR BL BR: [-0.63  0.02  0.82 -0.59]
swing-phase floor contact (2 ms steps since last print) FL FR BL BR: [0 0 0 0]
=======================

[mpc t=9.02 OK   iters=10 status=0]wall=0.247s N=15 | FL:wwwwSSSSSSSSSS FR:SSSSwwwwwwwwww BL:SSSSwwwwwwwwww BR:wwwwSSSSSSSSSS
[mpc t=9.04 OK   iters=9 status=0]wall=0.235s N=15 | FL:wwwSSSSSSSSSSS FR:SSSwwwwwwwwwww BL:SSSwwwwwwwwwww BR:wwwSSSSSSSSSSS
[mpc t=9.06 OK   iters=8 status=0]wall=0.206s N=15 | FL:wwwSSSSSSSSSSS FR:SSSwwwwwwwwwww BL:SSSwwwwwwwwwww BR:wwwSSSSSSSSSSS
[mpc t=9.08 OK   iters=9 status=0]wall=0.240s N=15 | FL:wwSSSSSSSSSSSS FR:SSwwwwwwwwwwww BL:SSwwwwwwwwwwww BR:wwSSSSSSSSSSSS
[mpc t=9.10 OK   iters=8 status=0]wall=0.200s N=15 | FL:wwSSSSSSSSSSSS FR:SSwwwwwwwwwwww BL:SSwwwwwwwwwwww BR:wwSSSSSSSSSSSS
[mpc t=9.12 OK   iters=9 status=0]wall=0.241s N=15 | FL:wSSSSSSSSSSSSS FR:Swwwwwwwwwwwww BL:Swwwwwwwwwwwww BR:wSSSSSSSSSSSSS
[mpc t=9.14 OK   iters=9 status=0]wall=0.232s N=15 | FL:wSSSSSSSSSSSSw FR:SwwwwwwwwwwwwS BL:SwwwwwwwwwwwwS BR:wSSSSSSSSSSSSw
[mpc t=9.16 OK   iters=10 status=0]wall=0.251s N=15 | FL:SSSSSSSSSSSSSw FR:wwwwwwwwwwwwwS BL:wwwwwwwwwwwwwS BR:SSSSSSSSSSSSSw
[mpc t=9.18 OK   iters=21 status=0]wall=0.560s N=15 | FL:SSSSSSSSSSSSww FR:wwwwwwwwwwwwSS BL:wwwwwwwwwwwwSS BR:SSSSSSSSSSSSww
[mpc t=9.20 OK   iters=12 status=0]wall=0.359s N=15 | FL:SSSSSSSSSSSSww FR:wwwwwwwwwwwwSS BL:wwwwwwwwwwwwSS BR:SSSSSSSSSSSSww
[mpc t=9.22 OK   iters=12 status=0]wall=0.315s N=15 | FL:SSSSSSSSSSSwww FR:wwwwwwwwwwwSSS BL:wwwwwwwwwwwSSS BR:SSSSSSSSSSSwww
[mpc t=9.24 OK   iters=11 status=0]wall=0.279s N=15 | FL:SSSSSSSSSSSwww FR:wwwwwwwwwwwSSS BL:wwwwwwwwwwwSSS BR:SSSSSSSSSSSwww
[mpc t=9.26 OK   iters=14 status=0]wall=0.340s N=15 | FL:SSSSSSSSSSwwww FR:wwwwwwwwwwSSSS BL:wwwwwwwwwwSSSS BR:SSSSSSSSSSwwww
[mpc t=9.28 OK   iters=14 status=0]wall=0.381s N=15 | FL:SSSSSSSSSSwwww FR:wwwwwwwwwwSSSS BL:wwwwwwwwwwSSSS BR:SSSSSSSSSSwwww
[mpc t=9.30 OK   iters=16 status=0]wall=0.386s N=15 | FL:SSSSSSSSSwwwww FR:wwwwwwwwwSSSSS BL:wwwwwwwwwSSSSS BR:SSSSSSSSSwwwww
[mpc t=9.32 OK   iters=11 status=0]wall=0.278s N=15 | FL:SSSSSSSSSwwwww FR:wwwwwwwwwSSSSS BL:wwwwwwwwwSSSSS BR:SSSSSSSSSwwwww
[mpc t=9.34 OK   iters=12 status=0]wall=0.295s N=15 | FL:SSSSSSSSwwwwww FR:wwwwwwwwSSSSSS BL:wwwwwwwwSSSSSS BR:SSSSSSSSwwwwww
[mpc t=9.36 OK   iters=10 status=0]wall=0.254s N=15 | FL:SSSSSSSSwwwwww FR:wwwwwwwwSSSSSS BL:wwwwwwwwSSSSSS BR:SSSSSSSSwwwwww
[mpc t=9.38 OK   iters=14 status=0]wall=0.337s N=15 | FL:SSSSSSSwwwwwww FR:wwwwwwwSSSSSSS BL:wwwwwwwSSSSSSS BR:SSSSSSSwwwwwww
[mpc t=9.40 OK   iters=9 status=0]wall=0.229s N=15 | FL:SSSSSSSwwwwwww FR:wwwwwwwSSSSSSS BL:wwwwwwwSSSSSSS BR:SSSSSSSwwwwwww
[mpc t=9.42 OK   iters=12 status=0]wall=0.308s N=15 | FL:SSSSSSwwwwwwww FR:wwwwwwSSSSSSSS BL:wwwwwwSSSSSSSS BR:SSSSSSwwwwwwww
[mpc t=9.44 OK   iters=11 status=0]wall=0.277s N=15 | FL:SSSSSSwwwwwwww FR:wwwwwwSSSSSSSS BL:wwwwwwSSSSSSSS BR:SSSSSSwwwwwwww
[mpc t=9.46 OK   iters=14 status=0]wall=0.327s N=15 | FL:SSSSSwwwwwwwww FR:wwwwwSSSSSSSSS BL:wwwwwSSSSSSSSS BR:SSSSSwwwwwwwww
[mpc t=9.48 OK   iters=10 status=0]wall=0.265s N=15 | FL:SSSSSwwwwwwwww FR:wwwwwSSSSSSSSS BL:wwwwwSSSSSSSSS BR:SSSSSwwwwwwwww
[mpc t=9.50 OK   iters=12 status=0]wall=0.289s N=15 | FL:SSSSwwwwwwwwww FR:wwwwSSSSSSSSSS BL:wwwwSSSSSSSSSS BR:SSSSwwwwwwwwww

=== MPC/FOSMC DEBUG ===
MPC solves so far: 475 | time since last solve: 0.00s | last exception: None
GaitLogic state: WALK | walking=True turning=False jump_state=''
cmd['q_des'] (raw gait target, NOT what the MPC tracks anymore): [ 0.     0.594 -1.012 -0.     0.69  -1.481  0.     0.671 -1.446  0.
  0.566 -0.963]
cmd['is_stance']              : [True, False, False, True]
q_act        : [-0.032  0.693 -0.934 -0.042  0.524 -1.385  0.007  1.137 -0.96  -0.007
  0.619 -0.942]
q_des (mpc)  : [-0.032  0.693 -0.934 -0.042  0.524 -1.385  0.007  1.137 -0.96  -0.007
  0.619 -0.942]   <- converges to NOMINAL_STANCE [ 0.   0.6 -1.1  0.   0.6 -1.1  0.   0.6 -1.1  0.   0.6 -1.1], not cmd['q_des']
q plan end   : [ 0.012  0.416 -1.355 -0.011  0.75  -1.05  -0.003  0.756 -1.116 -0.015
  0.469 -1.317]   <- where the MPC sends the joints by node n
base v_y actual: -1.1798   base v_y commanded: -1.0000
tau0 (mpc ff): [-54.02   9.51  34.23   7.29  -7.91  24.92   6.37 -47.17 -10.82  33.68
   5.14  43.42]
pd (fosmc fb): [ 0.02 -0.33  0.43 -0.42 -2.09  2.26  0.13 -2.17 -0.34  0.05 -0.24  0.24]
applied ctrl : [-54.02   9.51  34.23   7.29  -7.91  24.92   6.37 -47.17 -10.82  33.68
   5.14  43.42]
base pos     : [ 0.3413 -9.4837  2.5285]  base quat: [ 0.9999  0.0118 -0.0072  0.003 ]
pitch (deg, + = nose down): 1.35 | foot y rel hip (+ = behind) FL FR BL BR: [ 0.46 -0.51  1.46  0.27]
swing-phase floor contact (2 ms steps since last print) FL FR BL BR: [0 0 7 0]
=======================

[mpc t=9.52 OK   iters=9 status=0]wall=0.225s N=15 | FL:SSSSwwwwwwwwww FR:wwwwSSSSSSSSSS BL:wwwwSSSSSSSSSS BR:SSSSwwwwwwwwww
[mpc t=9.54 OK   iters=14 status=0]wall=0.336s N=15 | FL:SSSwwwwwwwwwww FR:wwwSSSSSSSSSSS BL:wwwSSSSSSSSSSS BR:SSSwwwwwwwwwww
[mpc t=9.56 OK   iters=11 status=0]wall=0.284s N=15 | FL:SSSwwwwwwwwwww FR:wwwSSSSSSSSSSS BL:wwwSSSSSSSSSSS BR:SSSwwwwwwwwwww
[mpc t=9.58 OK   iters=12 status=0]wall=0.298s N=15 | FL:SSwwwwwwwwwwww FR:wwSSSSSSSSSSSS BL:wwSSSSSSSSSSSS BR:SSwwwwwwwwwwww
[mpc t=9.60 OK   iters=9 status=0]wall=0.228s N=15 | FL:SSwwwwwwwwwwww FR:wwSSSSSSSSSSSS BL:wwSSSSSSSSSSSS BR:SSwwwwwwwwwwww
[mpc t=9.62 OK   iters=12 status=0]wall=0.303s N=15 | FL:Swwwwwwwwwwwww FR:wSSSSSSSSSSSSS BL:wSSSSSSSSSSSSS BR:Swwwwwwwwwwwww
[mpc t=9.64 OK   iters=9 status=0]wall=0.235s N=15 | FL:SwwwwwwwwwwwwS FR:wSSSSSSSSSSSSw BL:wSSSSSSSSSSSSw BR:SwwwwwwwwwwwwS
[mpc t=9.66 OK   iters=11 status=0]wall=0.293s N=15 | FL:wwwwwwwwwwwwwS FR:SSSSSSSSSSSSSw BL:SSSSSSSSSSSSSw BR:wwwwwwwwwwwwwS
[mpc t=9.68 OK   iters=10 status=0]wall=0.255s N=15 | FL:wwwwwwwwwwwwSS FR:SSSSSSSSSSSSww BL:SSSSSSSSSSSSww BR:wwwwwwwwwwwwSS
[mpc t=9.70 OK   iters=9 status=0]wall=0.239s N=15 | FL:wwwwwwwwwwwwSS FR:SSSSSSSSSSSSww BL:SSSSSSSSSSSSww BR:wwwwwwwwwwwwSS
[mpc t=9.72 OK   iters=10 status=0]wall=0.264s N=15 | FL:wwwwwwwwwwwSSS FR:SSSSSSSSSSSwww BL:SSSSSSSSSSSwww BR:wwwwwwwwwwwSSS
[mpc t=9.74 OK   iters=8 status=0]wall=0.217s N=15 | FL:wwwwwwwwwwwSSS FR:SSSSSSSSSSSwww BL:SSSSSSSSSSSwww BR:wwwwwwwwwwwSSS
[mpc t=9.76 OK   iters=9 status=0]wall=0.229s N=15 | FL:wwwwwwwwwwSSSS FR:SSSSSSSSSSwwww BL:SSSSSSSSSSwwww BR:wwwwwwwwwwSSSS
[mpc t=9.78 OK   iters=9 status=0]wall=0.250s N=15 | FL:wwwwwwwwwwSSSS FR:SSSSSSSSSSwwww BL:SSSSSSSSSSwwww BR:wwwwwwwwwwSSSS
[mpc t=9.80 OK   iters=9 status=0]wall=0.223s N=15 | FL:wwwwwwwwwSSSSS FR:SSSSSSSSSwwwww BL:SSSSSSSSSwwwww BR:wwwwwwwwwSSSSS
[mpc t=9.82 OK   iters=9 status=0]wall=0.225s N=15 | FL:wwwwwwwwwSSSSS FR:SSSSSSSSSwwwww BL:SSSSSSSSSwwwww BR:wwwwwwwwwSSSSS
[mpc t=9.84 OK   iters=10 status=0]wall=0.252s N=15 | FL:wwwwwwwwSSSSSS FR:SSSSSSSSwwwwww BL:SSSSSSSSwwwwww BR:wwwwwwwwSSSSSS
[mpc t=9.86 OK   iters=8 status=0]wall=0.213s N=15 | FL:wwwwwwwwSSSSSS FR:SSSSSSSSwwwwww BL:SSSSSSSSwwwwww BR:wwwwwwwwSSSSSS
[mpc t=9.88 OK   iters=9 status=0]wall=0.244s N=15 | FL:wwwwwwwSSSSSSS FR:SSSSSSSwwwwwww BL:SSSSSSSwwwwwww BR:wwwwwwwSSSSSSS
[mpc t=9.90 OK   iters=8 status=0]wall=0.211s N=15 | FL:wwwwwwwSSSSSSS FR:SSSSSSSwwwwwww BL:SSSSSSSwwwwwww BR:wwwwwwwSSSSSSS
[mpc t=9.92 OK   iters=8 status=0]wall=0.209s N=15 | FL:wwwwwwSSSSSSSS FR:SSSSSSwwwwwwww BL:SSSSSSwwwwwwww BR:wwwwwwSSSSSSSS
[mpc t=9.94 OK   iters=9 status=0]wall=0.233s N=15 | FL:wwwwwwSSSSSSSS FR:SSSSSSwwwwwwww BL:SSSSSSwwwwwwww BR:wwwwwwSSSSSSSS
[mpc t=9.96 OK   iters=9 status=0]wall=0.227s N=15 | FL:wwwwwSSSSSSSSS FR:SSSSSwwwwwwwww BL:SSSSSwwwwwwwww BR:wwwwwSSSSSSSSS
[mpc t=9.98 OK   iters=9 status=0]wall=0.241s N=15 | FL:wwwwSSSSSSSSSS FR:SSSSwwwwwwwwww BL:SSSSwwwwwwwwww BR:wwwwSSSSSSSSSS
[mpc t=10.00 OK   iters=8 status=0]wall=0.217s N=15 | FL:wwwwSSSSSSSSSS FR:SSSSwwwwwwwwww BL:SSSSwwwwwwwwww BR:wwwwSSSSSSSSSS

=== MPC/FOSMC DEBUG ===
MPC solves so far: 500 | time since last solve: 0.00s | last exception: None
GaitLogic state: WALK | walking=True turning=False jump_state=''
cmd['q_des'] (raw gait target, NOT what the MPC tracks anymore): [ 0.     0.69  -1.481 -0.     0.594 -1.012 -0.     0.566 -0.963 -0.
  0.671 -1.446]
cmd['is_stance']              : [False, True, True, False]
q_act        : [ 0.01   0.515 -1.57   0.03   0.607 -1.018 -0.008  0.697 -0.924 -0.01
  0.499 -1.544]
q_des (mpc)  : [ 0.01   0.515 -1.57   0.03   0.607 -1.018 -0.008  0.697 -0.924 -0.01
  0.499 -1.544]   <- converges to NOMINAL_STANCE [ 0.   0.6 -1.1  0.   0.6 -1.1  0.   0.6 -1.1  0.   0.6 -1.1], not cmd['q_des']
q plan end   : [ 0.008  0.751 -1.279  0.004  0.413 -1.304  0.029  0.495 -1.338 -0.008
  0.703 -1.224]   <- where the MPC sends the joints by node n
base v_y actual: -1.0599   base v_y commanded: -1.0000
tau0 (mpc ff): [ 11.27  11.89  22.92  47.14  -1.76  33.07 -46.76 -36.44  24.12  -9.38
   8.97  22.72]
pd (fosmc fb): [ 0.12  2.06  2.18  0.09 -0.12  0.3   0.06 -0.24  0.39  0.14  0.89  2.19]
applied ctrl : [ 11.27  11.89  22.92  47.14  -1.76  33.07 -46.76 -36.44  24.12  -9.38
   8.97  22.72]
base pos     : [  0.2743 -10.0322   2.5257]  base quat: [ 1.      0.0061 -0.0013  0.0046]
pitch (deg, + = nose down): 0.70 | foot y rel hip (+ = behind) FL FR BL BR: [-0.68  0.13  0.49 -0.69]
swing-phase floor contact (2 ms steps since last print) FL FR BL BR: [6 0 0 7]
=======================

[mpc t=10.02 OK   iters=9 status=0]wall=0.230s N=15 | FL:wwwSSSSSSSSSSS FR:SSSwwwwwwwwwww BL:SSSwwwwwwwwwww BR:wwwSSSSSSSSSSS
[mpc t=10.04 OK   iters=8 status=0]wall=0.216s N=15 | FL:wwwSSSSSSSSSSS FR:SSSwwwwwwwwwww BL:SSSwwwwwwwwwww BR:wwwSSSSSSSSSSS
[mpc t=10.06 OK   iters=9 status=0]wall=0.250s N=15 | FL:wwSSSSSSSSSSSS FR:SSwwwwwwwwwwww BL:SSwwwwwwwwwwww BR:wwSSSSSSSSSSSS
[mpc t=10.08 OK   iters=8 status=0]wall=0.236s N=15 | FL:wwSSSSSSSSSSSS FR:SSwwwwwwwwwwww BL:SSwwwwwwwwwwww BR:wwSSSSSSSSSSSS
[mpc t=10.10 OK   iters=9 status=0]wall=0.244s N=15 | FL:wSSSSSSSSSSSSS FR:Swwwwwwwwwwwww BL:Swwwwwwwwwwwww BR:wSSSSSSSSSSSSS
[mpc t=10.12 OK   iters=9 status=0]wall=0.229s N=15 | FL:wSSSSSSSSSSSSw FR:SwwwwwwwwwwwwS BL:SwwwwwwwwwwwwS BR:wSSSSSSSSSSSSw
[mpc t=10.14 OK   iters=10 status=0]wall=0.255s N=15 | FL:SSSSSSSSSSSSSw FR:wwwwwwwwwwwwwS BL:wwwwwwwwwwwwwS BR:SSSSSSSSSSSSSw
[mpc t=10.16 OK   iters=13 status=0]wall=0.353s N=15 | FL:SSSSSSSSSSSSww FR:wwwwwwwwwwwwSS BL:wwwwwwwwwwwwSS BR:SSSSSSSSSSSSww
[mpc t=10.18 OK   iters=12 status=0]wall=0.316s N=15 | FL:SSSSSSSSSSSSww FR:wwwwwwwwwwwwSS BL:wwwwwwwwwwwwSS BR:SSSSSSSSSSSSww
[mpc t=10.20 OK   iters=13 status=0]wall=0.320s N=15 | FL:SSSSSSSSSSSwww FR:wwwwwwwwwwwSSS BL:wwwwwwwwwwwSSS BR:SSSSSSSSSSSwww
[mpc t=10.22 OK   iters=11 status=0]wall=0.275s N=15 | FL:SSSSSSSSSSSwww FR:wwwwwwwwwwwSSS BL:wwwwwwwwwwwSSS BR:SSSSSSSSSSSwww
[mpc t=10.24 OK   iters=17 status=0]wall=0.426s N=15 | FL:SSSSSSSSSSwwww FR:wwwwwwwwwwSSSS BL:wwwwwwwwwwSSSS BR:SSSSSSSSSSwwww
[mpc t=10.26 OK   iters=10 status=0]wall=0.256s N=15 | FL:SSSSSSSSSSwwww FR:wwwwwwwwwwSSSS BL:wwwwwwwwwwSSSS BR:SSSSSSSSSSwwww
[mpc t=10.28 OK   iters=11 status=0]wall=0.282s N=15 | FL:SSSSSSSSSwwwww FR:wwwwwwwwwSSSSS BL:wwwwwwwwwSSSSS BR:SSSSSSSSSwwwww
[mpc t=10.30 OK   iters=34 status=0]wall=0.906s N=15 | FL:SSSSSSSSSwwwww FR:wwwwwwwwwSSSSS BL:wwwwwwwwwSSSSS BR:SSSSSSSSSwwwww
[mpc t=10.32 OK   iters=14 status=0]wall=0.361s N=15 | FL:SSSSSSSSwwwwww FR:wwwwwwwwSSSSSS BL:wwwwwwwwSSSSSS BR:SSSSSSSSwwwwww
[mpc t=10.34 OK   iters=10 status=0]wall=0.254s N=15 | FL:SSSSSSSSwwwwww FR:wwwwwwwwSSSSSS BL:wwwwwwwwSSSSSS BR:SSSSSSSSwwwwww
[mpc t=10.36 OK   iters=20 status=0]wall=0.492s N=15 | FL:SSSSSSSwwwwwww FR:wwwwwwwSSSSSSS BL:wwwwwwwSSSSSSS BR:SSSSSSSwwwwwww
[mpc t=10.38 OK   iters=12 status=0]wall=0.333s N=15 | FL:SSSSSSSwwwwwww FR:wwwwwwwSSSSSSS BL:wwwwwwwSSSSSSS BR:SSSSSSSwwwwwww
[mpc t=10.40 OK   iters=10 status=0]wall=0.249s N=15 | FL:SSSSSSwwwwwwww FR:wwwwwwSSSSSSSS BL:wwwwwwSSSSSSSS BR:SSSSSSwwwwwwww
[mpc t=10.42 OK   iters=8 status=0]wall=0.211s N=15 | FL:SSSSSSwwwwwwww FR:wwwwwwSSSSSSSS BL:wwwwwwSSSSSSSS BR:SSSSSSwwwwwwww
[mpc t=10.44 OK   iters=12 status=0]wall=0.286s N=15 | FL:SSSSSwwwwwwwww FR:wwwwwSSSSSSSSS BL:wwwwwSSSSSSSSS BR:SSSSSwwwwwwwww
[mpc t=10.46 OK   iters=8 status=0]wall=0.200s N=15 | FL:SSSSSwwwwwwwww FR:wwwwwSSSSSSSSS BL:wwwwwSSSSSSSSS BR:SSSSSwwwwwwwww
[mpc t=10.48 OK   iters=14 status=0]wall=0.332s N=15 | FL:SSSSwwwwwwwwww FR:wwwwSSSSSSSSSS BL:wwwwSSSSSSSSSS BR:SSSSwwwwwwwwww
[mpc t=10.50 OK   iters=9 status=0]wall=0.226s N=15 | FL:SSSSwwwwwwwwww FR:wwwwSSSSSSSSSS BL:wwwwSSSSSSSSSS BR:SSSSwwwwwwwwww

=== MPC/FOSMC DEBUG ===
MPC solves so far: 525 | time since last solve: 0.00s | last exception: None
GaitLogic state: WALK | walking=True turning=False jump_state=''
cmd['q_des'] (raw gait target, NOT what the MPC tracks anymore): [ 0.     0.594 -1.012 -0.     0.69  -1.481  0.     0.671 -1.446  0.
  0.566 -0.963]
cmd['is_stance']              : [True, False, False, True]
q_act        : [-0.017  0.686 -0.942 -0.032  0.554 -1.453  0.014  0.518 -1.614 -0.011
  0.605 -0.89 ]
q_des (mpc)  : [-0.017  0.686 -0.942 -0.032  0.554 -1.453  0.014  0.518 -1.614 -0.011
  0.605 -0.89 ]   <- converges to NOMINAL_STANCE [ 0.   0.6 -1.1  0.   0.6 -1.1  0.   0.6 -1.1  0.   0.6 -1.1], not cmd['q_des']
q plan end   : [-0.     0.391 -1.336 -0.014  0.814 -1.068 -0.002  0.63  -1.318 -0.026
  0.506 -1.321]   <- where the MPC sends the joints by node n
base v_y actual: -1.2431   base v_y commanded: -1.0000
tau0 (mpc ff): [-57.99 -30.62  18.35  -9.89  60.9   23.56  13.36  -2.05  24.72  54.57
 -40.46  20.58]
pd (fosmc fb): [ 0.02 -0.6   0.68  2.09  2.51 -2.07  0.19  0.03  2.21 -0.29 -0.21  0.43]
applied ctrl : [-57.99 -30.62  18.35  -9.89  60.9   23.56  13.36  -2.05  24.72  54.57
 -40.46  20.58]
base pos     : [  0.244  -10.6074   2.537 ]  base quat: [ 0.9999  0.0074 -0.0071  0.0066]
pitch (deg, + = nose down): 0.84 | foot y rel hip (+ = behind) FL FR BL BR: [ 0.44 -0.51 -0.71  0.31]
swing-phase floor contact (2 ms steps since last print) FL FR BL BR: [ 0  0 10  0]
=======================

[mpc t=10.52 OK   iters=12 status=0]wall=0.288s N=15 | FL:SSSwwwwwwwwwww FR:wwwSSSSSSSSSSS BL:wwwSSSSSSSSSSS BR:SSSwwwwwwwwwww
[mpc t=10.54 OK   iters=9 status=0]wall=0.233s N=15 | FL:SSSwwwwwwwwwww FR:wwwSSSSSSSSSSS BL:wwwSSSSSSSSSSS BR:SSSwwwwwwwwwww
[mpc t=10.56 OK   iters=9 status=0]wall=0.228s N=15 | FL:SSwwwwwwwwwwww FR:wwSSSSSSSSSSSS BL:wwSSSSSSSSSSSS BR:SSwwwwwwwwwwww
[mpc t=10.58 OK   iters=9 status=0]wall=0.241s N=15 | FL:SSwwwwwwwwwwww FR:wwSSSSSSSSSSSS BL:wwSSSSSSSSSSSS BR:SSwwwwwwwwwwww
[mpc t=10.60 OK   iters=9 status=0]wall=0.222s N=15 | FL:Swwwwwwwwwwwww FR:wSSSSSSSSSSSSS BL:wSSSSSSSSSSSSS BR:Swwwwwwwwwwwww
[mpc t=10.62 OK   iters=9 status=0]wall=0.247s N=15 | FL:SwwwwwwwwwwwwS FR:wSSSSSSSSSSSSw BL:wSSSSSSSSSSSSw BR:SwwwwwwwwwwwwS
[mpc t=10.64 OK   iters=9 status=0]wall=0.236s N=15 | FL:wwwwwwwwwwwwwS FR:SSSSSSSSSSSSSw BL:SSSSSSSSSSSSSw BR:wwwwwwwwwwwwwS
[mpc t=10.66 OK   iters=10 status=0]wall=0.262s N=15 | FL:wwwwwwwwwwwwSS FR:SSSSSSSSSSSSww BL:SSSSSSSSSSSSww BR:wwwwwwwwwwwwSS
[mpc t=10.68 OK   iters=11 status=0]wall=0.299s N=15 | FL:wwwwwwwwwwwwSS FR:SSSSSSSSSSSSww BL:SSSSSSSSSSSSww BR:wwwwwwwwwwwwSS
[mpc t=10.70 OK   iters=11 status=0]wall=0.304s N=15 | FL:wwwwwwwwwwwSSS FR:SSSSSSSSSSSwww BL:SSSSSSSSSSSwww BR:wwwwwwwwwwwSSS
[mpc t=10.72 OK   iters=10 status=0]wall=0.271s N=15 | FL:wwwwwwwwwwwSSS FR:SSSSSSSSSSSwww BL:SSSSSSSSSSSwww BR:wwwwwwwwwwwSSS
[mpc t=10.74 OK   iters=9 status=0]wall=0.253s N=15 | FL:wwwwwwwwwwSSSS FR:SSSSSSSSSSwwww BL:SSSSSSSSSSwwww BR:wwwwwwwwwwSSSS
[mpc t=10.76 OK   iters=10 status=0]wall=0.250s N=15 | FL:wwwwwwwwwwSSSS FR:SSSSSSSSSSwwww BL:SSSSSSSSSSwwww BR:wwwwwwwwwwSSSS
[mpc t=10.78 OK   iters=9 status=0]wall=0.224s N=15 | FL:wwwwwwwwwSSSSS FR:SSSSSSSSSwwwww BL:SSSSSSSSSwwwww BR:wwwwwwwwwSSSSS
[mpc t=10.80 OK   iters=12 status=0]wall=0.292s N=15 | FL:wwwwwwwwwSSSSS FR:SSSSSSSSSwwwww BL:SSSSSSSSSwwwww BR:wwwwwwwwwSSSSS
[mpc t=10.82 OK   iters=14 status=0]wall=0.360s N=15 | FL:wwwwwwwwSSSSSS FR:SSSSSSSSwwwwww BL:SSSSSSSSwwwwww BR:wwwwwwwwSSSSSS
[mpc t=10.84 OK   iters=10 status=0]wall=0.251s N=15 | FL:wwwwwwwwSSSSSS FR:SSSSSSSSwwwwww BL:SSSSSSSSwwwwww BR:wwwwwwwwSSSSSS
[mpc t=10.86 OK   iters=12 status=0]wall=0.300s N=15 | FL:wwwwwwwSSSSSSS FR:SSSSSSSwwwwwww BL:SSSSSSSwwwwwww BR:wwwwwwwSSSSSSS
[mpc t=10.88 OK   iters=9 status=0]wall=0.239s N=15 | FL:wwwwwwwSSSSSSS FR:SSSSSSSwwwwwww BL:SSSSSSSwwwwwww BR:wwwwwwwSSSSSSS
[mpc t=10.90 OK   iters=11 status=0]wall=0.269s N=15 | FL:wwwwwwSSSSSSSS FR:SSSSSSwwwwwwww BL:SSSSSSwwwwwwww BR:wwwwwwSSSSSSSS
[mpc t=10.92 OK   iters=9 status=0]wall=0.229s N=15 | FL:wwwwwwSSSSSSSS FR:SSSSSSwwwwwwww BL:SSSSSSwwwwwwww BR:wwwwwwSSSSSSSS
[mpc t=10.94 OK   iters=9 status=0]wall=0.232s N=15 | FL:wwwwwSSSSSSSSS FR:SSSSSwwwwwwwww BL:SSSSSwwwwwwwww BR:wwwwwSSSSSSSSS
[mpc t=10.96 OK   iters=8 status=0]wall=0.201s N=15 | FL:wwwwwSSSSSSSSS FR:SSSSSwwwwwwwww BL:SSSSSwwwwwwwww BR:wwwwwSSSSSSSSS
[mpc t=10.98 OK   iters=9 status=0]wall=0.223s N=15 | FL:wwwwSSSSSSSSSS FR:SSSSwwwwwwwwww BL:SSSSwwwwwwwwww BR:wwwwSSSSSSSSSS
[mpc t=11.00 OK   iters=8 status=0]wall=0.213s N=15 | FL:wwwwSSSSSSSSSS FR:SSSSwwwwwwwwww BL:SSSSwwwwwwwwww BR:wwwwSSSSSSSSSS

=== MPC/FOSMC DEBUG ===
MPC solves so far: 550 | time since last solve: 0.00s | last exception: None
GaitLogic state: WALK | walking=True turning=False jump_state=''
cmd['q_des'] (raw gait target, NOT what the MPC tracks anymore): [ 0.     0.69  -1.481 -0.     0.594 -1.012 -0.     0.566 -0.963 -0.
  0.671 -1.446]
cmd['is_stance']              : [False, True, True, False]
q_act        : [ 0.01   0.536 -1.569  0.017  0.724 -0.885  0.003  0.511 -0.988 -0.011
  0.483 -1.571]
q_des (mpc)  : [ 0.01   0.536 -1.569  0.017  0.724 -0.885  0.003  0.511 -0.988 -0.011
  0.483 -1.571]   <- converges to NOMINAL_STANCE [ 0.   0.6 -1.1  0.   0.6 -1.1  0.   0.6 -1.1  0.   0.6 -1.1], not cmd['q_des']
q plan end   : [ 0.01   0.762 -1.264  0.006  0.373 -1.333  0.029  0.539 -1.299 -0.007
  0.672 -1.277]   <- where the MPC sends the joints by node n
base v_y actual: -1.0992   base v_y commanded: -1.0000
tau0 (mpc ff): [ 11.03  10.23  22.87  49.66 -33.48  15.36 -47.33   3.88  44.1   -9.66
   6.39  23.12]
pd (fosmc fb): [-0.    1.01  2.19  0.06 -0.46  0.59  0.05 -0.16  0.08 -0.01  0.76  2.18]
applied ctrl : [ 11.03  10.23  22.87  49.66 -33.48  15.36 -47.33   3.88  44.1   -9.66
   6.39  23.12]
base pos     : [  0.2106 -11.191    2.5264]  base quat: [1.     0.0049 0.0029 0.0073]
pitch (deg, + = nose down): 0.56 | foot y rel hip (+ = behind) FL FR BL BR: [-0.64  0.61 -0.06 -0.74]
swing-phase floor contact (2 ms steps since last print) FL FR BL BR: [ 8  0  0 12]
=======================

[mpc t=11.02 OK   iters=9 status=0]wall=0.226s N=15 | FL:wwwSSSSSSSSSSS FR:SSSwwwwwwwwwww BL:SSSwwwwwwwwwww BR:wwwSSSSSSSSSSS
[mpc t=11.04 OK   iters=8 status=0]wall=0.213s N=15 | FL:wwwSSSSSSSSSSS FR:SSSwwwwwwwwwww BL:SSSwwwwwwwwwww BR:wwwSSSSSSSSSSS
[mpc t=11.06 OK   iters=9 status=0]wall=0.228s N=15 | FL:wwSSSSSSSSSSSS FR:SSwwwwwwwwwwww BL:SSwwwwwwwwwwww BR:wwSSSSSSSSSSSS
[mpc t=11.08 OK   iters=8 status=0]wall=0.206s N=15 | FL:wwSSSSSSSSSSSS FR:SSwwwwwwwwwwww BL:SSwwwwwwwwwwww BR:wwSSSSSSSSSSSS
[mpc t=11.10 OK   iters=9 status=0]wall=0.239s N=15 | FL:wSSSSSSSSSSSSS FR:Swwwwwwwwwwwww BL:Swwwwwwwwwwwww BR:wSSSSSSSSSSSSS
[mpc t=11.12 OK   iters=9 status=0]wall=0.230s N=15 | FL:wSSSSSSSSSSSSw FR:SwwwwwwwwwwwwS BL:SwwwwwwwwwwwwS BR:wSSSSSSSSSSSSw
[mpc t=11.14 OK   iters=16 status=0]wall=0.419s N=15 | FL:SSSSSSSSSSSSSw FR:wwwwwwwwwwwwwS BL:wwwwwwwwwwwwwS BR:SSSSSSSSSSSSSw
[mpc t=11.16 OK   iters=10 status=0]wall=0.257s N=15 | FL:SSSSSSSSSSSSww FR:wwwwwwwwwwwwSS BL:wwwwwwwwwwwwSS BR:SSSSSSSSSSSSww
[mpc t=11.18 OK   iters=9 status=0]wall=0.231s N=15 | FL:SSSSSSSSSSSSww FR:wwwwwwwwwwwwSS BL:wwwwwwwwwwwwSS BR:SSSSSSSSSSSSww
[mpc t=11.20 OK   iters=10 status=0]wall=0.246s N=15 | FL:SSSSSSSSSSSwww FR:wwwwwwwwwwwSSS BL:wwwwwwwwwwwSSS BR:SSSSSSSSSSSwww
[mpc t=11.22 OK   iters=9 status=0]wall=0.231s N=15 | FL:SSSSSSSSSSSwww FR:wwwwwwwwwwwSSS BL:wwwwwwwwwwwSSS BR:SSSSSSSSSSSwww
[mpc t=11.24 OK   iters=9 status=0]wall=0.238s N=15 | FL:SSSSSSSSSSwwww FR:wwwwwwwwwwSSSS BL:wwwwwwwwwwSSSS BR:SSSSSSSSSSwwww
[mpc t=11.26 OK   iters=9 status=0]wall=0.234s N=15 | FL:SSSSSSSSSSwwww FR:wwwwwwwwwwSSSS BL:wwwwwwwwwwSSSS BR:SSSSSSSSSSwwww
[mpc t=11.28 OK   iters=11 status=0]wall=0.273s N=15 | FL:SSSSSSSSSwwwww FR:wwwwwwwwwSSSSS BL:wwwwwwwwwSSSSS BR:SSSSSSSSSwwwww
[mpc t=11.30 OK   iters=9 status=0]wall=0.234s N=15 | FL:SSSSSSSSSwwwww FR:wwwwwwwwwSSSSS BL:wwwwwwwwwSSSSS BR:SSSSSSSSSwwwww
[mpc t=11.32 OK   iters=12 status=0]wall=0.295s N=15 | FL:SSSSSSSSwwwwww FR:wwwwwwwwSSSSSS BL:wwwwwwwwSSSSSS BR:SSSSSSSSwwwwww
[mpc t=11.34 OK   iters=8 status=0]wall=0.228s N=15 | FL:SSSSSSSSwwwwww FR:wwwwwwwwSSSSSS BL:wwwwwwwwSSSSSS BR:SSSSSSSSwwwwww
[mpc t=11.36 OK   iters=12 status=0]wall=0.292s N=15 | FL:SSSSSSSwwwwwww FR:wwwwwwwSSSSSSS BL:wwwwwwwSSSSSSS BR:SSSSSSSwwwwwww
[mpc t=11.38 OK   iters=8 status=0]wall=0.222s N=15 | FL:SSSSSSSwwwwwww FR:wwwwwwwSSSSSSS BL:wwwwwwwSSSSSSS BR:SSSSSSSwwwwwww
[mpc t=11.40 OK   iters=12 status=0]wall=0.386s N=15 | FL:SSSSSSwwwwwwww FR:wwwwwwSSSSSSSS BL:wwwwwwSSSSSSSS BR:SSSSSSwwwwwwww
[mpc t=11.42 OK   iters=9 status=0]wall=0.234s N=15 | FL:SSSSSSwwwwwwww FR:wwwwwwSSSSSSSS BL:wwwwwwSSSSSSSS BR:SSSSSSwwwwwwww
[mpc t=11.44 OK   iters=11 status=0]wall=0.309s N=15 | FL:SSSSSwwwwwwwww FR:wwwwwSSSSSSSSS BL:wwwwwSSSSSSSSS BR:SSSSSwwwwwwwww
[mpc t=11.46 OK   iters=8 status=0]wall=0.212s N=15 | FL:SSSSSwwwwwwwww FR:wwwwwSSSSSSSSS BL:wwwwwSSSSSSSSS BR:SSSSSwwwwwwwww
[mpc t=11.48 OK   iters=9 status=0]wall=0.239s N=15 | FL:SSSSwwwwwwwwww FR:wwwwSSSSSSSSSS BL:wwwwSSSSSSSSSS BR:SSSSwwwwwwwwww
[mpc t=11.50 OK   iters=8 status=0]wall=0.213s N=15 | FL:SSSSwwwwwwwwww FR:wwwwSSSSSSSSSS BL:wwwwSSSSSSSSSS BR:SSSSwwwwwwwwww

=== MPC/FOSMC DEBUG ===
MPC solves so far: 575 | time since last solve: 0.00s | last exception: None
GaitLogic state: WALK | walking=True turning=False jump_state=''
cmd['q_des'] (raw gait target, NOT what the MPC tracks anymore): [ 0.     0.594 -1.012 -0.     0.69  -1.481  0.     0.671 -1.446  0.
  0.566 -0.963]
cmd['is_stance']              : [True, False, False, True]
q_act        : [-0.003  0.635 -0.964 -0.013  0.544 -1.647  0.004  0.465 -1.416  0.01
  0.581 -1.003]
q_des (mpc)  : [-0.003  0.635 -0.964 -0.013  0.544 -1.647  0.004  0.465 -1.416  0.01
  0.581 -1.003]   <- converges to NOMINAL_STANCE [ 0.   0.6 -1.1  0.   0.6 -1.1  0.   0.6 -1.1  0.   0.6 -1.1], not cmd['q_des']
q plan end   : [-0.004  0.415 -1.311 -0.006  0.683 -1.374  0.005  0.733 -1.041 -0.027
  0.522 -1.307]   <- where the MPC sends the joints by node n
base v_y actual: -1.0070   base v_y commanded: -1.0000
tau0 (mpc ff): [-49.73  -9.77  29.56 -10.82   3.97  24.46   9.94  13.46  19.38  50.04
  -7.35  37.87]
pd (fosmc fb): [-0.01 -0.06  0.26 -0.05  2.05  2.18 -0.08  0.11  2.21  0.   -0.21  0.44]
applied ctrl : [-49.73  -9.77  29.56 -10.82   3.97  24.46   9.94  13.46  19.38  50.04
  -7.35  37.87]
base pos     : [  0.2482 -11.7074   2.5302]  base quat: [1.     0.0028 0.0016 0.0066]
pitch (deg, + = nose down): 0.32 | foot y rel hip (+ = behind) FL FR BL BR: [ 0.28 -0.68 -0.66  0.09]
swing-phase floor contact (2 ms steps since last print) FL FR BL BR: [0 9 0 0]
=======================

[mpc t=11.52 OK   iters=9 status=0]wall=0.242s N=15 | FL:SSSwwwwwwwwwww FR:wwwSSSSSSSSSSS BL:wwwSSSSSSSSSSS BR:SSSwwwwwwwwwww
[mpc t=11.54 OK   iters=8 status=0]wall=0.247s N=15 | FL:SSSwwwwwwwwwww FR:wwwSSSSSSSSSSS BL:wwwSSSSSSSSSSS BR:SSSwwwwwwwwwww
[mpc t=11.56 OK   iters=9 status=0]wall=0.268s N=15 | FL:SSwwwwwwwwwwww FR:wwSSSSSSSSSSSS BL:wwSSSSSSSSSSSS BR:SSwwwwwwwwwwww
[mpc t=11.58 OK   iters=8 status=0]wall=0.249s N=15 | FL:SSwwwwwwwwwwww FR:wwSSSSSSSSSSSS BL:wwSSSSSSSSSSSS BR:SSwwwwwwwwwwww
[mpc t=11.60 OK   iters=10 status=0]wall=0.300s N=15 | FL:Swwwwwwwwwwwww FR:wSSSSSSSSSSSSS BL:wSSSSSSSSSSSSS BR:Swwwwwwwwwwwww
[mpc t=11.62 OK   iters=9 status=0]wall=0.271s N=15 | FL:SwwwwwwwwwwwwS FR:wSSSSSSSSSSSSw BL:wSSSSSSSSSSSSw BR:SwwwwwwwwwwwwS
[mpc t=11.64 OK   iters=8 status=0]wall=0.255s N=15 | FL:wwwwwwwwwwwwwS FR:SSSSSSSSSSSSSw BL:SSSSSSSSSSSSSw BR:wwwwwwwwwwwwwS
[mpc t=11.66 OK   iters=11 status=0]wall=0.341s N=15 | FL:wwwwwwwwwwwwSS FR:SSSSSSSSSSSSww BL:SSSSSSSSSSSSww BR:wwwwwwwwwwwwSS
[mpc t=11.68 OK   iters=22 status=0]wall=0.569s N=15 | FL:wwwwwwwwwwwwSS FR:SSSSSSSSSSSSww BL:SSSSSSSSSSSSww BR:wwwwwwwwwwwwSS
[mpc t=11.70 OK   iters=15 status=0]wall=0.402s N=15 | FL:wwwwwwwwwwwSSS FR:SSSSSSSSSSSwww BL:SSSSSSSSSSSwww BR:wwwwwwwwwwwSSS
[mpc t=11.72 OK   iters=14 status=0]wall=0.430s N=15 | FL:wwwwwwwwwwwSSS FR:SSSSSSSSSSSwww BL:SSSSSSSSSSSwww BR:wwwwwwwwwwwSSS
[mpc t=11.74 OK   iters=13 status=0]wall=0.343s N=15 | FL:wwwwwwwwwwSSSS FR:SSSSSSSSSSwwww BL:SSSSSSSSSSwwww BR:wwwwwwwwwwSSSS
[mpc t=11.76 OK   iters=10 status=0]wall=0.271s N=15 | FL:wwwwwwwwwwSSSS FR:SSSSSSSSSSwwww BL:SSSSSSSSSSwwww BR:wwwwwwwwwwSSSS
[mpc t=11.78 OK   iters=11 status=0]wall=0.310s N=15 | FL:wwwwwwwwwSSSSS FR:SSSSSSSSSwwwww BL:SSSSSSSSSwwwww BR:wwwwwwwwwSSSSS
[mpc t=11.80 OK   iters=11 status=0]wall=0.238s N=15 | FL:wwwwwwwwwSSSSS FR:SSSSSSSSSwwwww BL:SSSSSSSSSwwwww BR:wwwwwwwwwSSSSS
[mpc t=11.82 OK   iters=15 status=0]wall=0.399s N=15 | FL:wwwwwwwwSSSSSS FR:SSSSSSSSwwwwww BL:SSSSSSSSwwwwww BR:wwwwwwwwSSSSSS
[mpc t=11.84 OK   iters=10 status=0]wall=0.282s N=15 | FL:wwwwwwwwSSSSSS FR:SSSSSSSSwwwwww BL:SSSSSSSSwwwwww BR:wwwwwwwwSSSSSS
[mpc t=11.86 OK   iters=13 status=0]wall=0.251s N=15 | FL:wwwwwwwSSSSSSS FR:SSSSSSSwwwwwww BL:SSSSSSSwwwwwww BR:wwwwwwwSSSSSSS
[mpc t=11.88 OK   iters=9 status=0]wall=0.169s N=15 | FL:wwwwwwwSSSSSSS FR:SSSSSSSwwwwwww BL:SSSSSSSwwwwwww BR:wwwwwwwSSSSSSS
[mpc t=11.90 OK   iters=12 status=0]wall=0.222s N=15 | FL:wwwwwwSSSSSSSS FR:SSSSSSwwwwwwww BL:SSSSSSwwwwwwww BR:wwwwwwSSSSSSSS
[mpc t=11.92 OK   iters=8 status=0]wall=0.146s N=15 | FL:wwwwwwSSSSSSSS FR:SSSSSSwwwwwwww BL:SSSSSSwwwwwwww BR:wwwwwwSSSSSSSS
[mpc t=11.94 OK   iters=11 status=0]wall=0.198s N=15 | FL:wwwwwSSSSSSSSS FR:SSSSSwwwwwwwww BL:SSSSSwwwwwwwww BR:wwwwwSSSSSSSSS
[mpc t=11.96 OK   iters=8 status=0]wall=0.152s N=15 | FL:wwwwwSSSSSSSSS FR:SSSSSwwwwwwwww BL:SSSSSwwwwwwwww BR:wwwwwSSSSSSSSS
[mpc t=11.98 OK   iters=14 status=0]wall=0.251s N=15 | FL:wwwwSSSSSSSSSS FR:SSSSwwwwwwwwww BL:SSSSwwwwwwwwww BR:wwwwSSSSSSSSSS
[mpc t=12.00 OK   iters=14 status=0]wall=0.250s N=15 | FL:wwwwSSSSSSSSSS FR:SSSSwwwwwwwwww BL:SSSSwwwwwwwwww BR:wwwwSSSSSSSSSS

=== MPC/FOSMC DEBUG ===
MPC solves so far: 600 | time since last solve: 0.00s | last exception: None
GaitLogic state: WALK | walking=True turning=False jump_state=''
cmd['q_des'] (raw gait target, NOT what the MPC tracks anymore): [ 0.     0.69  -1.481 -0.     0.594 -1.012 -0.     0.566 -0.963 -0.
  0.671 -1.446]
cmd['is_stance']              : [False, True, True, False]
q_act        : [ 0.023  0.494 -1.464  0.017  0.611 -0.978 -0.009  0.693 -0.84  -0.01
  0.492 -1.48 ]
q_des (mpc)  : [ 0.023  0.494 -1.464  0.017  0.611 -0.978 -0.009  0.693 -0.84  -0.01
  0.492 -1.48 ]   <- converges to NOMINAL_STANCE [ 0.   0.6 -1.1  0.   0.6 -1.1  0.   0.6 -1.1  0.   0.6 -1.1], not cmd['q_des']
q plan end   : [ 0.01   0.789 -1.13  -0.004  0.423 -1.326  0.022  0.461 -1.353  0.002
  0.675 -1.133]   <- where the MPC sends the joints by node n
base v_y actual: -1.1870   base v_y commanded: -1.0000
tau0 (mpc ff): [  7.54 -52.34  13.49  28.32  24.64  40.59 -25.97  15.2   50.01  -0.44
   4.93  22.17]
pd (fosmc fb): [-0.94  2.44 -0.77 -0.08 -0.33  0.44  0.07 -0.38  0.34 -0.2  -0.42  2.21]
applied ctrl : [  7.54 -52.34  13.49  28.32  24.64  40.59 -25.97  15.2   50.01  -0.44
   4.93  22.17]
base pos     : [  0.2791 -12.246    2.5377]  base quat: [0.9999 0.009  0.0042 0.0077]
pitch (deg, + = nose down): 1.03 | foot y rel hip (+ = behind) FL FR BL BR: [-0.64  0.2   0.61 -0.66]
swing-phase floor contact (2 ms steps since last print) FL FR BL BR: [0 0 0 0]
=======================

[mpc t=12.02 OK   iters=10 status=0]wall=0.179s N=15 | FL:wwwSSSSSSSSSSS FR:SSSwwwwwwwwwww BL:SSSwwwwwwwwwww BR:wwwSSSSSSSSSSS
[mpc t=12.04 OK   iters=8 status=0]wall=0.154s N=15 | FL:wwwSSSSSSSSSSS FR:SSSwwwwwwwwwww BL:SSSwwwwwwwwwww BR:wwwSSSSSSSSSSS
[mpc t=12.06 OK   iters=9 status=0]wall=0.167s N=15 | FL:wwSSSSSSSSSSSS FR:SSwwwwwwwwwwww BL:SSwwwwwwwwwwww BR:wwSSSSSSSSSSSS
[mpc t=12.08 OK   iters=8 status=0]wall=0.159s N=15 | FL:wwSSSSSSSSSSSS FR:SSwwwwwwwwwwww BL:SSwwwwwwwwwwww BR:wwSSSSSSSSSSSS
[mpc t=12.10 OK   iters=9 status=0]wall=0.179s N=15 | FL:wSSSSSSSSSSSSS FR:Swwwwwwwwwwwww BL:Swwwwwwwwwwwww BR:wSSSSSSSSSSSSS
[mpc t=12.12 OK   iters=9 status=0]wall=0.169s N=15 | FL:wSSSSSSSSSSSSw FR:SwwwwwwwwwwwwS BL:SwwwwwwwwwwwwS BR:wSSSSSSSSSSSSw
[mpc t=12.14 OK   iters=9 status=0]wall=0.164s N=15 | FL:SSSSSSSSSSSSSw FR:wwwwwwwwwwwwwS BL:wwwwwwwwwwwwwS BR:SSSSSSSSSSSSSw
[mpc t=12.16 OK   iters=15 status=0]wall=0.286s N=15 | FL:SSSSSSSSSSSSww FR:wwwwwwwwwwwwSS BL:wwwwwwwwwwwwSS BR:SSSSSSSSSSSSww
[mpc t=12.18 OK   iters=23 status=0]wall=0.464s N=15 | FL:SSSSSSSSSSSSww FR:wwwwwwwwwwwwSS BL:wwwwwwwwwwwwSS BR:SSSSSSSSSSSSww
[mpc t=12.20 OK   iters=11 status=0]wall=0.202s N=15 | FL:SSSSSSSSSSSwww FR:wwwwwwwwwwwSSS BL:wwwwwwwwwwwSSS BR:SSSSSSSSSSSwww
[mpc t=12.22 OK   iters=10 status=0]wall=0.182s N=15 | FL:SSSSSSSSSSSwww FR:wwwwwwwwwwwSSS BL:wwwwwwwwwwwSSS BR:SSSSSSSSSSSwww
[mpc t=12.24 OK   iters=16 status=0]wall=0.289s N=15 | FL:SSSSSSSSSSwwww FR:wwwwwwwwwwSSSS BL:wwwwwwwwwwSSSS BR:SSSSSSSSSSwwww
[mpc t=12.26 OK   iters=11 status=0]wall=0.196s N=15 | FL:SSSSSSSSSSwwww FR:wwwwwwwwwwSSSS BL:wwwwwwwwwwSSSS BR:SSSSSSSSSSwwww
[mpc t=12.28 OK   iters=13 status=0]wall=0.230s N=15 | FL:SSSSSSSSSwwwww FR:wwwwwwwwwSSSSS BL:wwwwwwwwwSSSSS BR:SSSSSSSSSwwwww
[mpc t=12.30 OK   iters=10 status=0]wall=0.194s N=15 | FL:SSSSSSSSSwwwww FR:wwwwwwwwwSSSSS BL:wwwwwwwwwSSSSS BR:SSSSSSSSSwwwww
[mpc t=12.32 OK   iters=16 status=0]wall=0.276s N=15 | FL:SSSSSSSSwwwwww FR:wwwwwwwwSSSSSS BL:wwwwwwwwSSSSSS BR:SSSSSSSSwwwwww
[mpc t=12.34 OK   iters=10 status=0]wall=0.195s N=15 | FL:SSSSSSSSwwwwww FR:wwwwwwwwSSSSSS BL:wwwwwwwwSSSSSS BR:SSSSSSSSwwwwww
[mpc t=12.36 OK   iters=13 status=0]wall=0.232s N=15 | FL:SSSSSSSwwwwwww FR:wwwwwwwSSSSSSS BL:wwwwwwwSSSSSSS BR:SSSSSSSwwwwwww
[mpc t=12.38 OK   iters=10 status=0]wall=0.186s N=15 | FL:SSSSSSSwwwwwww FR:wwwwwwwSSSSSSS BL:wwwwwwwSSSSSSS BR:SSSSSSSwwwwwww
[mpc t=12.40 OK   iters=13 status=0]wall=0.229s N=15 | FL:SSSSSSwwwwwwww FR:wwwwwwSSSSSSSS BL:wwwwwwSSSSSSSS BR:SSSSSSwwwwwwww
[mpc t=12.42 OK   iters=9 status=0]wall=0.164s N=15 | FL:SSSSSSwwwwwwww FR:wwwwwwSSSSSSSS BL:wwwwwwSSSSSSSS BR:SSSSSSwwwwwwww
[mpc t=12.44 OK   iters=12 status=0]wall=0.240s N=15 | FL:SSSSSwwwwwwwww FR:wwwwwSSSSSSSSS BL:wwwwwSSSSSSSSS BR:SSSSSwwwwwwwww
[mpc t=12.46 OK   iters=8 status=0]wall=0.149s N=15 | FL:SSSSSwwwwwwwww FR:wwwwwSSSSSSSSS BL:wwwwwSSSSSSSSS BR:SSSSSwwwwwwwww
[mpc t=12.48 OK   iters=15 status=0]wall=0.279s N=15 | FL:SSSSwwwwwwwwww FR:wwwwSSSSSSSSSS BL:wwwwSSSSSSSSSS BR:SSSSwwwwwwwwww
[mpc t=12.50 OK   iters=9 status=0]wall=0.170s N=15 | FL:SSSSwwwwwwwwww FR:wwwwSSSSSSSSSS BL:wwwwSSSSSSSSSS BR:SSSSwwwwwwwwww

=== MPC/FOSMC DEBUG ===
MPC solves so far: 625 | time since last solve: 0.00s | last exception: None
GaitLogic state: WALK | walking=True turning=False jump_state=''
cmd['q_des'] (raw gait target, NOT what the MPC tracks anymore): [ 0.     0.594 -1.012 -0.     0.69  -1.481  0.     0.671 -1.446  0.
  0.566 -0.963]
cmd['is_stance']              : [True, False, False, True]
q_act        : [-0.032  0.718 -0.895 -0.031  0.536 -1.473  0.016  0.567 -1.695 -0.012
  0.59  -0.92 ]
q_des (mpc)  : [-0.032  0.718 -0.895 -0.031  0.536 -1.473  0.016  0.567 -1.695 -0.012
  0.59  -0.92 ]   <- converges to NOMINAL_STANCE [ 0.   0.6 -1.1  0.   0.6 -1.1  0.   0.6 -1.1  0.   0.6 -1.1], not cmd['q_des']
q plan end   : [-0.004  0.368 -1.341 -0.016  0.83  -1.112  0.     0.607 -1.389 -0.029
  0.522 -1.316]   <- where the MPC sends the joints by node n
base v_y actual: -1.2278   base v_y commanded: -1.0000
tau0 (mpc ff): [-58.92 -41.82  11.66 -12.01  64.52  22.    14.34  -6.69  27.09  56.69
 -36.94  25.08]
pd (fosmc fb): [-0.1  -0.64  0.68  2.08  2.5  -2.06  0.19 -0.01  2.22 -0.3  -0.27  0.41]
applied ctrl : [-58.92 -41.82  11.66 -12.01  64.52  22.    14.34  -6.69  27.09  56.69
 -36.94  25.08]
base pos     : [  0.2764 -12.8466   2.5357]  base quat: [ 0.9999  0.0089 -0.0069  0.0056]
pitch (deg, + = nose down): 1.02 | foot y rel hip (+ = behind) FL FR BL BR: [ 0.58 -0.57 -0.67  0.23]
swing-phase floor contact (2 ms steps since last print) FL FR BL BR: [0 0 8 0]
=======================

[mpc t=12.52 OK   iters=12 status=0]wall=0.213s N=15 | FL:SSSwwwwwwwwwww FR:wwwSSSSSSSSSSS BL:wwwSSSSSSSSSSS BR:SSSwwwwwwwwwww
[mpc t=12.54 OK   iters=9 status=0]wall=0.158s N=15 | FL:SSSwwwwwwwwwww FR:wwwSSSSSSSSSSS BL:wwwSSSSSSSSSSS BR:SSSwwwwwwwwwww
[mpc t=12.56 OK   iters=10 status=0]wall=0.180s N=15 | FL:SSwwwwwwwwwwww FR:wwSSSSSSSSSSSS BL:wwSSSSSSSSSSSS BR:SSwwwwwwwwwwww
[mpc t=12.58 OK   iters=9 status=0]wall=0.166s N=15 | FL:SSwwwwwwwwwwww FR:wwSSSSSSSSSSSS BL:wwSSSSSSSSSSSS BR:SSwwwwwwwwwwww
[mpc t=12.60 OK   iters=9 status=0]wall=0.169s N=15 | FL:Swwwwwwwwwwwww FR:wSSSSSSSSSSSSS BL:wSSSSSSSSSSSSS BR:Swwwwwwwwwwwww
[mpc t=12.62 OK   iters=9 status=0]wall=0.163s N=15 | FL:SwwwwwwwwwwwwS FR:wSSSSSSSSSSSSw BL:wSSSSSSSSSSSSw BR:SwwwwwwwwwwwwS
[mpc t=12.64 OK   iters=9 status=0]wall=0.165s N=15 | FL:wwwwwwwwwwwwwS FR:SSSSSSSSSSSSSw BL:SSSSSSSSSSSSSw BR:wwwwwwwwwwwwwS
[mpc t=12.66 OK   iters=11 status=0]wall=0.197s N=15 | FL:wwwwwwwwwwwwSS FR:SSSSSSSSSSSSww BL:SSSSSSSSSSSSww BR:wwwwwwwwwwwwSS
[mpc t=12.68 OK   iters=9 status=0]wall=0.167s N=15 | FL:wwwwwwwwwwwwSS FR:SSSSSSSSSSSSww BL:SSSSSSSSSSSSww BR:wwwwwwwwwwwwSS
[mpc t=12.70 OK   iters=10 status=0]wall=0.188s N=15 | FL:wwwwwwwwwwwSSS FR:SSSSSSSSSSSwww BL:SSSSSSSSSSSwww BR:wwwwwwwwwwwSSS
[mpc t=12.72 OK   iters=10 status=0]wall=0.184s N=15 | FL:wwwwwwwwwwwSSS FR:SSSSSSSSSSSwww BL:SSSSSSSSSSSwww BR:wwwwwwwwwwwSSS
[mpc t=12.74 OK   iters=9 status=0]wall=0.166s N=15 | FL:wwwwwwwwwwSSSS FR:SSSSSSSSSSwwww BL:SSSSSSSSSSwwww BR:wwwwwwwwwwSSSS
[mpc t=12.76 OK   iters=9 status=0]wall=0.184s N=15 | FL:wwwwwwwwwwSSSS FR:SSSSSSSSSSwwww BL:SSSSSSSSSSwwww BR:wwwwwwwwwwSSSS
[mpc t=12.78 OK   iters=8 status=0]wall=0.159s N=15 | FL:wwwwwwwwwSSSSS FR:SSSSSSSSSwwwww BL:SSSSSSSSSwwwww BR:wwwwwwwwwSSSSS
[mpc t=12.80 OK   iters=8 status=0]wall=0.158s N=15 | FL:wwwwwwwwwSSSSS FR:SSSSSSSSSwwwww BL:SSSSSSSSSwwwww BR:wwwwwwwwwSSSSS
[mpc t=12.82 OK   iters=9 status=0]wall=0.170s N=15 | FL:wwwwwwwwSSSSSS FR:SSSSSSSSwwwwww BL:SSSSSSSSwwwwww BR:wwwwwwwwSSSSSS
[mpc t=12.84 OK   iters=8 status=0]wall=0.149s N=15 | FL:wwwwwwwwSSSSSS FR:SSSSSSSSwwwwww BL:SSSSSSSSwwwwww BR:wwwwwwwwSSSSSS
[mpc t=12.86 OK   iters=9 status=0]wall=0.174s N=15 | FL:wwwwwwwSSSSSSS FR:SSSSSSSwwwwwww BL:SSSSSSSwwwwwww BR:wwwwwwwSSSSSSS
[mpc t=12.88 OK   iters=7 status=0]wall=0.181s N=15 | FL:wwwwwwwSSSSSSS FR:SSSSSSSwwwwwww BL:SSSSSSSwwwwwww BR:wwwwwwwSSSSSSS
[mpc t=12.90 OK   iters=8 status=0]wall=0.149s N=15 | FL:wwwwwwSSSSSSSS FR:SSSSSSwwwwwwww BL:SSSSSSwwwwwwww BR:wwwwwwSSSSSSSS
[mpc t=12.92 OK   iters=8 status=0]wall=0.152s N=15 | FL:wwwwwwSSSSSSSS FR:SSSSSSwwwwwwww BL:SSSSSSwwwwwwww BR:wwwwwwSSSSSSSS
[mpc t=12.94 OK   iters=9 status=0]wall=0.170s N=15 | FL:wwwwwSSSSSSSSS FR:SSSSSwwwwwwwww BL:SSSSSwwwwwwwww BR:wwwwwSSSSSSSSS
[mpc t=12.96 OK   iters=8 status=0]wall=0.153s N=15 | FL:wwwwwSSSSSSSSS FR:SSSSSwwwwwwwww BL:SSSSSwwwwwwwww BR:wwwwwSSSSSSSSS
[mpc t=12.98 OK   iters=9 status=0]wall=0.170s N=15 | FL:wwwwSSSSSSSSSS FR:SSSSwwwwwwwwww BL:SSSSwwwwwwwwww BR:wwwwSSSSSSSSSS
[mpc t=13.00 OK   iters=8 status=0]wall=0.156s N=15 | FL:wwwwSSSSSSSSSS FR:SSSSwwwwwwwwww BL:SSSSwwwwwwwwww BR:wwwwSSSSSSSSSS

=== MPC/FOSMC DEBUG ===
MPC solves so far: 650 | time since last solve: 0.00s | last exception: None
GaitLogic state: WALK | walking=True turning=False jump_state=''
cmd['q_des'] (raw gait target, NOT what the MPC tracks anymore): [ 0.     0.69  -1.481 -0.     0.594 -1.012 -0.     0.566 -0.963 -0.
  0.671 -1.446]
cmd['is_stance']              : [False, True, True, False]
q_act        : [ 0.015  0.567 -1.655  0.008  0.655 -0.936 -0.008  0.498 -1.035 -0.006
  0.449 -1.519]
q_des (mpc)  : [ 0.015  0.567 -1.655  0.008  0.655 -0.936 -0.008  0.498 -1.035 -0.006
  0.449 -1.519]   <- converges to NOMINAL_STANCE [ 0.   0.6 -1.1  0.   0.6 -1.1  0.   0.6 -1.1  0.   0.6 -1.1], not cmd['q_des']
q plan end   : [ 0.005  0.705 -1.381  0.01   0.394 -1.304  0.031  0.546 -1.296 -0.012
  0.727 -1.209]   <- where the MPC sends the joints by node n
base v_y actual: -1.0216   base v_y commanded: -1.0000
tau0 (mpc ff): [ 11.48   4.5   24.81  49.1  -25.39  21.13 -49.7    2.24  43.48 -11.44
  15.57  21.16]
pd (fosmc fb): [-0.03  2.06  2.19  0.02 -0.22  0.38  0.   -0.22  0.38 -0.11  2.07  2.16]
applied ctrl : [ 11.48   4.5   24.81  49.1  -25.39  21.13 -49.7    2.24  43.48 -11.44
  15.57  21.16]
base pos     : [  0.2124 -13.4121   2.5249]  base quat: [ 1.      0.0049 -0.0025  0.006 ]
pitch (deg, + = nose down): 0.56 | foot y rel hip (+ = behind) FL FR BL BR: [-0.65  0.37 -0.16 -0.77]
swing-phase floor contact (2 ms steps since last print) FL FR BL BR: [8 0 0 9]
=======================

[mpc t=13.02 OK   iters=9 status=0]wall=0.169s N=15 | FL:wwwSSSSSSSSSSS FR:SSSwwwwwwwwwww BL:SSSwwwwwwwwwww BR:wwwSSSSSSSSSSS
[mpc t=13.04 OK   iters=9 status=0]wall=0.171s N=15 | FL:wwwSSSSSSSSSSS FR:SSSwwwwwwwwwww BL:SSSwwwwwwwwwww BR:wwwSSSSSSSSSSS
[mpc t=13.06 OK   iters=10 status=0]wall=0.181s N=15 | FL:wwSSSSSSSSSSSS FR:SSwwwwwwwwwwww BL:SSwwwwwwwwwwww BR:wwSSSSSSSSSSSS
[mpc t=13.08 OK   iters=8 status=0]wall=0.151s N=15 | FL:wwSSSSSSSSSSSS FR:SSwwwwwwwwwwww BL:SSwwwwwwwwwwww BR:wwSSSSSSSSSSSS
[mpc t=13.10 OK   iters=10 status=0]wall=0.180s N=15 | FL:wSSSSSSSSSSSSS FR:Swwwwwwwwwwwww BL:Swwwwwwwwwwwww BR:wSSSSSSSSSSSSS
[mpc t=13.12 OK   iters=9 status=0]wall=0.170s N=15 | FL:wSSSSSSSSSSSSw FR:SwwwwwwwwwwwwS BL:SwwwwwwwwwwwwS BR:wSSSSSSSSSSSSw
[mpc t=13.14 OK   iters=8 status=0]wall=0.155s N=15 | FL:SSSSSSSSSSSSSw FR:wwwwwwwwwwwwwS BL:wwwwwwwwwwwwwS BR:SSSSSSSSSSSSSw
[mpc t=13.16 OK   iters=9 status=0]wall=0.177s N=15 | FL:SSSSSSSSSSSSww FR:wwwwwwwwwwwwSS BL:wwwwwwwwwwwwSS BR:SSSSSSSSSSSSww
[mpc t=13.18 OK   iters=16 status=0]wall=0.307s N=15 | FL:SSSSSSSSSSSSww FR:wwwwwwwwwwwwSS BL:wwwwwwwwwwwwSS BR:SSSSSSSSSSSSww
[mpc t=13.20 OK   iters=13 status=0]wall=0.237s N=15 | FL:SSSSSSSSSSSwww FR:wwwwwwwwwwwSSS BL:wwwwwwwwwwwSSS BR:SSSSSSSSSSSwww
[mpc t=13.22 OK   iters=11 status=0]wall=0.196s N=15 | FL:SSSSSSSSSSSwww FR:wwwwwwwwwwwSSS BL:wwwwwwwwwwwSSS BR:SSSSSSSSSSSwww
[mpc t=13.24 OK   iters=10 status=0]wall=0.189s N=15 | FL:SSSSSSSSSSwwww FR:wwwwwwwwwwSSSS BL:wwwwwwwwwwSSSS BR:SSSSSSSSSSwwww
[mpc t=13.26 OK   iters=12 status=0]wall=0.226s N=15 | FL:SSSSSSSSSSwwww FR:wwwwwwwwwwSSSS BL:wwwwwwwwwwSSSS BR:SSSSSSSSSSwwww
[mpc t=13.28 OK   iters=11 status=0]wall=0.197s N=15 | FL:SSSSSSSSSwwwww FR:wwwwwwwwwSSSSS BL:wwwwwwwwwSSSSS BR:SSSSSSSSSwwwww
[mpc t=13.30 OK   iters=12 status=0]wall=0.229s N=15 | FL:SSSSSSSSSwwwww FR:wwwwwwwwwSSSSS BL:wwwwwwwwwSSSSS BR:SSSSSSSSSwwwww
[mpc t=13.32 OK   iters=13 status=0]wall=0.227s N=15 | FL:SSSSSSSSwwwwww FR:wwwwwwwwSSSSSS BL:wwwwwwwwSSSSSS BR:SSSSSSSSwwwwww
[mpc t=13.34 OK   iters=10 status=0]wall=0.182s N=15 | FL:SSSSSSSSwwwwww FR:wwwwwwwwSSSSSS BL:wwwwwwwwSSSSSS BR:SSSSSSSSwwwwww
[mpc t=13.36 OK   iters=14 status=0]wall=0.252s N=15 | FL:SSSSSSSwwwwwww FR:wwwwwwwSSSSSSS BL:wwwwwwwSSSSSSS BR:SSSSSSSwwwwwww
[mpc t=13.38 OK   iters=11 status=0]wall=0.194s N=15 | FL:SSSSSSSwwwwwww FR:wwwwwwwSSSSSSS BL:wwwwwwwSSSSSSS BR:SSSSSSSwwwwwww
[mpc t=13.40 OK   iters=12 status=0]wall=0.215s N=15 | FL:SSSSSSwwwwwwww FR:wwwwwwSSSSSSSS BL:wwwwwwSSSSSSSS BR:SSSSSSwwwwwwww
[mpc t=13.42 OK   iters=9 status=0]wall=0.167s N=15 | FL:SSSSSSwwwwwwww FR:wwwwwwSSSSSSSS BL:wwwwwwSSSSSSSS BR:SSSSSSwwwwwwww
[mpc t=13.44 OK   iters=16 status=0]wall=0.292s N=15 | FL:SSSSSwwwwwwwww FR:wwwwwSSSSSSSSS BL:wwwwwSSSSSSSSS BR:SSSSSwwwwwwwww
[mpc t=13.46 OK   iters=10 status=0]wall=0.189s N=15 | FL:SSSSSwwwwwwwww FR:wwwwwSSSSSSSSS BL:wwwwwSSSSSSSSS BR:SSSSSwwwwwwwww
[mpc t=13.48 OK   iters=11 status=0]wall=0.201s N=15 | FL:SSSSwwwwwwwwww FR:wwwwSSSSSSSSSS BL:wwwwSSSSSSSSSS BR:SSSSwwwwwwwwww
[mpc t=13.50 OK   iters=8 status=0]wall=0.146s N=15 | FL:SSSSwwwwwwwwww FR:wwwwSSSSSSSSSS BL:wwwwSSSSSSSSSS BR:SSSSwwwwwwwwww

=== MPC/FOSMC DEBUG ===
MPC solves so far: 675 | time since last solve: 0.00s | last exception: None
GaitLogic state: WALK | walking=True turning=False jump_state=''
cmd['q_des'] (raw gait target, NOT what the MPC tracks anymore): [ 0.     0.594 -1.012 -0.     0.69  -1.481  0.     0.671 -1.446  0.
  0.566 -0.963]
cmd['is_stance']              : [True, False, False, True]
q_act        : [-0.014  0.629 -0.979 -0.016  0.557 -1.52   0.007  0.496 -1.441  0.012
  0.657 -0.899]
q_des (mpc)  : [-0.014  0.629 -0.979 -0.016  0.557 -1.52   0.007  0.496 -1.441  0.012
  0.657 -0.899]   <- converges to NOMINAL_STANCE [ 0.   0.6 -1.1  0.   0.6 -1.1  0.   0.6 -1.1  0.   0.6 -1.1], not cmd['q_des']
q plan end   : [ 0.005  0.427 -1.328 -0.012  0.775 -1.17  -0.004  0.682 -1.072 -0.021
  0.48  -1.331]   <- where the MPC sends the joints by node n
base v_y actual: -1.1713   base v_y commanded: -1.0000
tau0 (mpc ff): [-44.19   8.42  35.98  -8.53 -10.    19.81   6.     4.11  21.44  40.45
  -8.85  36.45]
pd (fosmc fb): [ 0.04  0.29 -0.04 -0.92 -2.39  2.4  -0.56 -0.78  2.21  0.16 -0.24  0.53]
applied ctrl : [-44.19   8.42  35.98  -8.53 -10.    19.81   6.     4.11  21.44  40.45
  -8.85  36.45]
base pos     : [  0.179  -13.9496   2.5399]  base quat: [ 1.      0.007  -0.0051  0.0036]
pitch (deg, + = nose down): 0.81 | foot y rel hip (+ = behind) FL FR BL BR: [ 0.24 -0.56 -0.62  0.43]
swing-phase floor contact (2 ms steps since last print) FL FR BL BR: [0 9 0 0]
=======================

[mpc t=13.52 OK   iters=9 status=0]wall=0.163s N=15 | FL:SSSwwwwwwwwwww FR:wwwSSSSSSSSSSS BL:wwwSSSSSSSSSSS BR:SSSwwwwwwwwwww
[mpc t=13.54 OK   iters=8 status=0]wall=0.146s N=15 | FL:SSSwwwwwwwwwww FR:wwwSSSSSSSSSSS BL:wwwSSSSSSSSSSS BR:SSSwwwwwwwwwww
[mpc t=13.56 OK   iters=9 status=0]wall=0.167s N=15 | FL:SSwwwwwwwwwwww FR:wwSSSSSSSSSSSS BL:wwSSSSSSSSSSSS BR:SSwwwwwwwwwwww
[mpc t=13.58 OK   iters=8 status=0]wall=0.151s N=15 | FL:SSwwwwwwwwwwww FR:wwSSSSSSSSSSSS BL:wwSSSSSSSSSSSS BR:SSwwwwwwwwwwww
[mpc t=13.60 OK   iters=9 status=0]wall=0.170s N=15 | FL:Swwwwwwwwwwwww FR:wSSSSSSSSSSSSS BL:wSSSSSSSSSSSSS BR:Swwwwwwwwwwwww
[mpc t=13.62 OK   iters=9 status=0]wall=0.162s N=15 | FL:SwwwwwwwwwwwwS FR:wSSSSSSSSSSSSw BL:wSSSSSSSSSSSSw BR:SwwwwwwwwwwwwS
[mpc t=13.64 OK   iters=9 status=0]wall=0.165s N=15 | FL:wwwwwwwwwwwwwS FR:SSSSSSSSSSSSSw BL:SSSSSSSSSSSSSw BR:wwwwwwwwwwwwwS
[mpc t=13.66 OK   iters=13 status=0]wall=0.234s N=15 | FL:wwwwwwwwwwwwSS FR:SSSSSSSSSSSSww BL:SSSSSSSSSSSSww BR:wwwwwwwwwwwwSS
[mpc t=13.68 OK   iters=12 status=0]wall=0.213s N=15 | FL:wwwwwwwwwwwwSS FR:SSSSSSSSSSSSww BL:SSSSSSSSSSSSww BR:wwwwwwwwwwwwSS
[mpc t=13.70 OK   iters=10 status=0]wall=0.180s N=15 | FL:wwwwwwwwwwwSSS FR:SSSSSSSSSSSwww BL:SSSSSSSSSSSwww BR:wwwwwwwwwwwSSS
[mpc t=13.72 OK   iters=11 status=0]wall=0.194s N=15 | FL:wwwwwwwwwwwSSS FR:SSSSSSSSSSSwww BL:SSSSSSSSSSSwww BR:wwwwwwwwwwwSSS
[mpc t=13.74 OK   iters=15 status=0]wall=0.273s N=15 | FL:wwwwwwwwwwSSSS FR:SSSSSSSSSSwwww BL:SSSSSSSSSSwwww BR:wwwwwwwwwwSSSS
[mpc t=13.76 OK   iters=10 status=0]wall=0.182s N=15 | FL:wwwwwwwwwwSSSS FR:SSSSSSSSSSwwww BL:SSSSSSSSSSwwww BR:wwwwwwwwwwSSSS
[mpc t=13.78 OK   iters=10 status=0]wall=0.180s N=15 | FL:wwwwwwwwwSSSSS FR:SSSSSSSSSwwwww BL:SSSSSSSSSwwwww BR:wwwwwwwwwSSSSS
[mpc t=13.80 OK   iters=20 status=0]wall=0.361s N=15 | FL:wwwwwwwwwSSSSS FR:SSSSSSSSSwwwww BL:SSSSSSSSSwwwww BR:wwwwwwwwwSSSSS
[mpc t=13.82 OK   iters=13 status=0]wall=0.237s N=15 | FL:wwwwwwwwSSSSSS FR:SSSSSSSSwwwwww BL:SSSSSSSSwwwwww BR:wwwwwwwwSSSSSS
[mpc t=13.84 OK   iters=10 status=0]wall=0.177s N=15 | FL:wwwwwwwwSSSSSS FR:SSSSSSSSwwwwww BL:SSSSSSSSwwwwww BR:wwwwwwwwSSSSSS
[mpc t=13.86 OK   iters=11 status=0]wall=0.195s N=15 | FL:wwwwwwwSSSSSSS FR:SSSSSSSwwwwwww BL:SSSSSSSwwwwwww BR:wwwwwwwSSSSSSS
[mpc t=13.88 OK   iters=9 status=0]wall=0.169s N=15 | FL:wwwwwwwSSSSSSS FR:SSSSSSSwwwwwww BL:SSSSSSSwwwwwww BR:wwwwwwwSSSSSSS
[mpc t=13.90 OK   iters=12 status=0]wall=0.225s N=15 | FL:wwwwwwSSSSSSSS FR:SSSSSSwwwwwwww BL:SSSSSSwwwwwwww BR:wwwwwwSSSSSSSS
[mpc t=13.92 OK   iters=9 status=0]wall=0.161s N=15 | FL:wwwwwwSSSSSSSS FR:SSSSSSwwwwwwww BL:SSSSSSwwwwwwww BR:wwwwwwSSSSSSSS
[mpc t=13.94 OK   iters=14 status=0]wall=0.261s N=15 | FL:wwwwwSSSSSSSSS FR:SSSSSwwwwwwwww BL:SSSSSwwwwwwwww BR:wwwwwSSSSSSSSS
[mpc t=13.96 OK   iters=10 status=0]wall=0.178s N=15 | FL:wwwwwSSSSSSSSS FR:SSSSSwwwwwwwww BL:SSSSSwwwwwwwww BR:wwwwwSSSSSSSSS
[mpc t=13.98 OK   iters=13 status=0]wall=0.231s N=15 | FL:wwwwSSSSSSSSSS FR:SSSSwwwwwwwwww BL:SSSSwwwwwwwwww BR:wwwwSSSSSSSSSS
[mpc t=14.00 OK   iters=11 status=0]wall=0.196s N=15 | FL:wwwwSSSSSSSSSS FR:SSSSwwwwwwwwww BL:SSSSwwwwwwwwww BR:wwwwSSSSSSSSSS

=== MPC/FOSMC DEBUG ===
MPC solves so far: 700 | time since last solve: 0.00s | last exception: None
GaitLogic state: WALK | walking=True turning=False jump_state=''
cmd['q_des'] (raw gait target, NOT what the MPC tracks anymore): [ 0.     0.69  -1.481 -0.     0.594 -1.012 -0.     0.566 -0.963 -0.
  0.671 -1.446]
cmd['is_stance']              : [False, True, True, False]
q_act        : [ 0.021  0.487 -1.459  0.03   0.673 -0.938  0.003  0.627 -0.914 -0.012
  0.517 -1.601]
q_des (mpc)  : [ 0.021  0.487 -1.459  0.03   0.673 -0.938  0.003  0.627 -0.914 -0.012
  0.517 -1.601]   <- converges to NOMINAL_STANCE [ 0.   0.6 -1.1  0.   0.6 -1.1  0.   0.6 -1.1  0.   0.6 -1.1], not cmd['q_des']
q plan end   : [ 1.100e-02  7.970e-01 -1.123e+00  1.000e-03  3.970e-01 -1.326e+00
  2.700e-02  5.090e-01 -1.322e+00 -3.000e-03  6.480e-01 -1.297e+00]   <- where the MPC sends the joints by node n
base v_y actual: -1.1766   base v_y commanded: -1.0000
tau0 (mpc ff): [  8.66  -9.25  17.27  41.03  -4.23  27.93 -35.5    0.99  43.3   -7.06
  -0.08  24.2 ]
pd (fosmc fb): [-0.78  2.33  0.7   0.07 -0.43  0.55  0.19 -0.14  0.24 -0.19  0.4   2.2 ]
applied ctrl : [  8.66  -9.25  17.27  41.03  -4.23  27.93 -35.5    0.99  43.3   -7.06
  -0.08  24.2 ]
base pos     : [  0.1718 -14.528    2.5415]  base quat: [0.9999 0.0081 0.0038 0.0064]
pitch (deg, + = nose down): 0.93 | foot y rel hip (+ = behind) FL FR BL BR: [-0.65  0.41  0.33 -0.7 ]
swing-phase floor contact (2 ms steps since last print) FL FR BL BR: [ 0  0  0 11]
=======================

[mpc t=14.02 OK   iters=9 status=0]wall=0.163s N=15 | FL:wwwSSSSSSSSSSS FR:SSSwwwwwwwwwww BL:SSSwwwwwwwwwww BR:wwwSSSSSSSSSSS
[mpc t=14.04 OK   iters=8 status=0]wall=0.148s N=15 | FL:wwwSSSSSSSSSSS FR:SSSwwwwwwwwwww BL:SSSwwwwwwwwwww BR:wwwSSSSSSSSSSS
[mpc t=14.06 OK   iters=9 status=0]wall=0.167s N=15 | FL:wwSSSSSSSSSSSS FR:SSwwwwwwwwwwww BL:SSwwwwwwwwwwww BR:wwSSSSSSSSSSSS
[mpc t=14.08 OK   iters=8 status=0]wall=0.159s N=15 | FL:wwSSSSSSSSSSSS FR:SSwwwwwwwwwwww BL:SSwwwwwwwwwwww BR:wwSSSSSSSSSSSS
[mpc t=14.10 OK   iters=9 status=0]wall=0.166s N=15 | FL:wSSSSSSSSSSSSS FR:Swwwwwwwwwwwww BL:Swwwwwwwwwwwww BR:wSSSSSSSSSSSSS
[mpc t=14.12 OK   iters=9 status=0]wall=0.162s N=15 | FL:wSSSSSSSSSSSSw FR:SwwwwwwwwwwwwS BL:SwwwwwwwwwwwwS BR:wSSSSSSSSSSSSw
[mpc t=14.14 OK   iters=9 status=0]wall=0.166s N=15 | FL:SSSSSSSSSSSSSw FR:wwwwwwwwwwwwwS BL:wwwwwwwwwwwwwS BR:SSSSSSSSSSSSSw
[mpc t=14.16 OK   iters=9 status=0]wall=0.164s N=15 | FL:SSSSSSSSSSSSww FR:wwwwwwwwwwwwSS BL:wwwwwwwwwwwwSS BR:SSSSSSSSSSSSww
[mpc t=14.18 OK   iters=13 status=0]wall=0.244s N=15 | FL:SSSSSSSSSSSSww FR:wwwwwwwwwwwwSS BL:wwwwwwwwwwwwSS BR:SSSSSSSSSSSSww
[mpc t=14.20 OK   iters=11 status=0]wall=0.202s N=15 | FL:SSSSSSSSSSSwww FR:wwwwwwwwwwwSSS BL:wwwwwwwwwwwSSS BR:SSSSSSSSSSSwww
[mpc t=14.22 OK   iters=10 status=0]wall=0.178s N=15 | FL:SSSSSSSSSSSwww FR:wwwwwwwwwwwSSS BL:wwwwwwwwwwwSSS BR:SSSSSSSSSSSwww
[mpc t=14.24 OK   iters=10 status=0]wall=0.194s N=15 | FL:SSSSSSSSSSwwww FR:wwwwwwwwwwSSSS BL:wwwwwwwwwwSSSS BR:SSSSSSSSSSwwww
[mpc t=14.26 OK   iters=13 status=0]wall=0.237s N=15 | FL:SSSSSSSSSSwwww FR:wwwwwwwwwwSSSS BL:wwwwwwwwwwSSSS BR:SSSSSSSSSSwwww
[mpc t=14.28 OK   iters=9 status=0]wall=0.163s N=15 | FL:SSSSSSSSSwwwww FR:wwwwwwwwwSSSSS BL:wwwwwwwwwSSSSS BR:SSSSSSSSSwwwww
[mpc t=14.30 OK   iters=10 status=0]wall=0.182s N=15 | FL:SSSSSSSSSwwwww FR:wwwwwwwwwSSSSS BL:wwwwwwwwwSSSSS BR:SSSSSSSSSwwwww
[mpc t=14.32 OK   iters=10 status=0]wall=0.183s N=15 | FL:SSSSSSSSwwwwww FR:wwwwwwwwSSSSSS BL:wwwwwwwwSSSSSS BR:SSSSSSSSwwwwww
[mpc t=14.34 OK   iters=9 status=0]wall=0.169s N=15 | FL:SSSSSSSSwwwwww FR:wwwwwwwwSSSSSS BL:wwwwwwwwSSSSSS BR:SSSSSSSSwwwwww
[mpc t=14.36 OK   iters=12 status=0]wall=0.215s N=15 | FL:SSSSSSSwwwwwww FR:wwwwwwwSSSSSSS BL:wwwwwwwSSSSSSS BR:SSSSSSSwwwwwww
[mpc t=14.38 OK   iters=9 status=0]wall=0.164s N=15 | FL:SSSSSSSwwwwwww FR:wwwwwwwSSSSSSS BL:wwwwwwwSSSSSSS BR:SSSSSSSwwwwwww
[mpc t=14.40 OK   iters=11 status=0]wall=0.195s N=15 | FL:SSSSSSwwwwwwww FR:wwwwwwSSSSSSSS BL:wwwwwwSSSSSSSS BR:SSSSSSwwwwwwww
[mpc t=14.42 OK   iters=10 status=0]wall=0.177s N=15 | FL:SSSSSSwwwwwwww FR:wwwwwwSSSSSSSS BL:wwwwwwSSSSSSSS BR:SSSSSSwwwwwwww
[mpc t=14.44 OK   iters=12 status=0]wall=0.212s N=15 | FL:SSSSSwwwwwwwww FR:wwwwwSSSSSSSSS BL:wwwwwSSSSSSSSS BR:SSSSSwwwwwwwww
[mpc t=14.46 OK   iters=10 status=0]wall=0.181s N=15 | FL:SSSSSwwwwwwwww FR:wwwwwSSSSSSSSS BL:wwwwwSSSSSSSSS BR:SSSSSwwwwwwwww
[mpc t=14.48 OK   iters=9 status=0]wall=0.164s N=15 | FL:SSSSwwwwwwwwww FR:wwwwSSSSSSSSSS BL:wwwwSSSSSSSSSS BR:SSSSwwwwwwwwww
[mpc t=14.50 OK   iters=8 status=0]wall=0.168s N=15 | FL:SSSSwwwwwwwwww FR:wwwwSSSSSSSSSS BL:wwwwSSSSSSSSSS BR:SSSSwwwwwwwwww

=== MPC/FOSMC DEBUG ===
MPC solves so far: 725 | time since last solve: 0.00s | last exception: None
GaitLogic state: WALK | walking=True turning=False jump_state=''
cmd['q_des'] (raw gait target, NOT what the MPC tracks anymore): [ 0.     0.594 -1.012 -0.     0.69  -1.481  0.     0.671 -1.446  0.
  0.566 -0.963]
cmd['is_stance']              : [True, False, False, True]
q_act        : [-0.014  0.714 -0.858 -0.016  0.505 -1.521  0.01   0.498 -1.575 -0.009
  0.52  -0.953]
q_des (mpc)  : [-0.014  0.714 -0.858 -0.016  0.505 -1.521  0.01   0.498 -1.575 -0.009
  0.52  -0.953]   <- converges to NOMINAL_STANCE [ 0.   0.6 -1.1  0.   0.6 -1.1  0.   0.6 -1.1  0.   0.6 -1.1], not cmd['q_des']
q plan end   : [-4.000e-03  3.730e-01 -1.340e+00 -1.400e-02  7.750e-01 -1.217e+00
  1.000e-03  6.620e-01 -1.277e+00 -2.800e-02  5.350e-01 -1.298e+00]   <- where the MPC sends the joints by node n
base v_y actual: -1.1384   base v_y commanded: -1.0000
tau0 (mpc ff): [-48.62 -31.49  14.57 -12.11  10.43  20.28   9.79   3.59  23.7   46.74
   4.37  44.51]
pd (fosmc fb): [-0.13 -0.36  0.53 -0.3   0.84  2.19 -0.08  0.81  2.18 -0.12 -0.22  0.34]
applied ctrl : [-48.62 -31.49  14.57 -12.11  10.43  20.28   9.79   3.59  23.7   46.74
   4.37  44.51]
base pos     : [  0.1873 -15.1032   2.5367]  base quat: [ 0.9999  0.0063 -0.0051  0.0082]
pitch (deg, + = nose down): 0.71 | foot y rel hip (+ = behind) FL FR BL BR: [ 0.63 -0.67 -0.72  0.01]
swing-phase floor contact (2 ms steps since last print) FL FR BL BR: [ 0  8 11  0]
=======================

[mpc t=14.52 OK   iters=9 status=0]wall=0.166s N=15 | FL:SSSwwwwwwwwwww FR:wwwSSSSSSSSSSS BL:wwwSSSSSSSSSSS BR:SSSwwwwwwwwwww
[mpc t=14.54 OK   iters=8 status=0]wall=0.148s N=15 | FL:SSSwwwwwwwwwww FR:wwwSSSSSSSSSSS BL:wwwSSSSSSSSSSS BR:SSSwwwwwwwwwww
[mpc t=14.56 OK   iters=9 status=0]wall=0.169s N=15 | FL:SSwwwwwwwwwwww FR:wwSSSSSSSSSSSS BL:wwSSSSSSSSSSSS BR:SSwwwwwwwwwwww
[mpc t=14.58 OK   iters=8 status=0]wall=0.148s N=15 | FL:SSwwwwwwwwwwww FR:wwSSSSSSSSSSSS BL:wwSSSSSSSSSSSS BR:SSwwwwwwwwwwww
[mpc t=14.60 OK   iters=9 status=0]wall=0.177s N=15 | FL:Swwwwwwwwwwwww FR:wSSSSSSSSSSSSS BL:wSSSSSSSSSSSSS BR:Swwwwwwwwwwwww
[mpc t=14.62 OK   iters=9 status=0]wall=0.168s N=15 | FL:SwwwwwwwwwwwwS FR:wSSSSSSSSSSSSw BL:wSSSSSSSSSSSSw BR:SwwwwwwwwwwwwS
[mpc t=14.64 OK   iters=18 status=0]wall=0.353s N=15 | FL:wwwwwwwwwwwwwS FR:SSSSSSSSSSSSSw BL:SSSSSSSSSSSSSw BR:wwwwwwwwwwwwwS
[mpc t=14.66 OK   iters=11 status=0]wall=0.194s N=15 | FL:wwwwwwwwwwwwSS FR:SSSSSSSSSSSSww BL:SSSSSSSSSSSSww BR:wwwwwwwwwwwwSS
[mpc t=14.68 OK   iters=9 status=0]wall=0.163s N=15 | FL:wwwwwwwwwwwwSS FR:SSSSSSSSSSSSww BL:SSSSSSSSSSSSww BR:wwwwwwwwwwwwSS
[mpc t=14.70 OK   iters=11 status=0]wall=0.205s N=15 | FL:wwwwwwwwwwwSSS FR:SSSSSSSSSSSwww BL:SSSSSSSSSSSwww BR:wwwwwwwwwwwSSS
[mpc t=14.72 OK   iters=9 status=0]wall=0.165s N=15 | FL:wwwwwwwwwwwSSS FR:SSSSSSSSSSSwww BL:SSSSSSSSSSSwww BR:wwwwwwwwwwwSSS
[mpc t=14.74 OK   iters=9 status=0]wall=0.171s N=15 | FL:wwwwwwwwwwSSSS FR:SSSSSSSSSSwwww BL:SSSSSSSSSSwwww BR:wwwwwwwwwwSSSS
[mpc t=14.76 OK   iters=9 status=0]wall=0.164s N=15 | FL:wwwwwwwwwwSSSS FR:SSSSSSSSSSwwww BL:SSSSSSSSSSwwww BR:wwwwwwwwwwSSSS
[mpc t=14.78 OK   iters=11 status=0]wall=0.202s N=15 | FL:wwwwwwwwwSSSSS FR:SSSSSSSSSwwwww BL:SSSSSSSSSwwwww BR:wwwwwwwwwSSSSS
[mpc t=14.80 OK   iters=9 status=0]wall=0.165s N=15 | FL:wwwwwwwwwSSSSS FR:SSSSSSSSSwwwww BL:SSSSSSSSSwwwww BR:wwwwwwwwwSSSSS
[mpc t=14.82 OK   iters=12 status=0]wall=0.214s N=15 | FL:wwwwwwwwSSSSSS FR:SSSSSSSSwwwwww BL:SSSSSSSSwwwwww BR:wwwwwwwwSSSSSS
[mpc t=14.84 OK   iters=8 status=0]wall=0.162s N=15 | FL:wwwwwwwwSSSSSS FR:SSSSSSSSwwwwww BL:SSSSSSSSwwwwww BR:wwwwwwwwSSSSSS
[mpc t=14.86 OK   iters=12 status=0]wall=0.217s N=15 | FL:wwwwwwwSSSSSSS FR:SSSSSSSwwwwwww BL:SSSSSSSwwwwwww BR:wwwwwwwSSSSSSS
[mpc t=14.88 OK   iters=8 status=0]wall=0.155s N=15 | FL:wwwwwwwSSSSSSS FR:SSSSSSSwwwwwww BL:SSSSSSSwwwwwww BR:wwwwwwwSSSSSSS
[mpc t=14.90 OK   iters=12 status=0]wall=0.211s N=15 | FL:wwwwwwSSSSSSSS FR:SSSSSSwwwwwwww BL:SSSSSSwwwwwwww BR:wwwwwwSSSSSSSS
[mpc t=14.92 OK   iters=8 status=0]wall=0.153s N=15 | FL:wwwwwwSSSSSSSS FR:SSSSSSwwwwwwww BL:SSSSSSwwwwwwww BR:wwwwwwSSSSSSSS
[mpc t=14.94 OK   iters=9 status=0]wall=0.167s N=15 | FL:wwwwwSSSSSSSSS FR:SSSSSwwwwwwwww BL:SSSSSwwwwwwwww BR:wwwwwSSSSSSSSS
[mpc t=14.96 OK   iters=8 status=0]wall=0.165s N=15 | FL:wwwwwSSSSSSSSS FR:SSSSSwwwwwwwww BL:SSSSSwwwwwwwww BR:wwwwwSSSSSSSSS
[mpc t=14.98 OK   iters=9 status=0]wall=0.172s N=15 | FL:wwwwSSSSSSSSSS FR:SSSSwwwwwwwwww BL:SSSSwwwwwwwwww BR:wwwwSSSSSSSSSS
[mpc t=15.00 OK   iters=8 status=0]wall=0.151s N=15 | FL:wwwwSSSSSSSSSS FR:SSSSwwwwwwwwww BL:SSSSwwwwwwwwww BR:wwwwSSSSSSSSSS

=== MPC/FOSMC DEBUG ===
MPC solves so far: 750 | time since last solve: 0.00s | last exception: None
GaitLogic state: WALK | walking=True turning=False jump_state=''
cmd['q_des'] (raw gait target, NOT what the MPC tracks anymore): [ 0.     0.69  -1.481 -0.     0.594 -1.012 -0.     0.566 -0.963 -0.
  0.671 -1.446]
cmd['is_stance']              : [False, True, True, False]
q_act        : [ 1.400e-02  5.500e-01 -1.667e+00 -1.000e-03  6.450e-01 -9.340e-01
 -9.000e-03  5.580e-01 -1.013e+00 -4.000e-03  4.550e-01 -1.428e+00]
q_des (mpc)  : [ 1.400e-02  5.500e-01 -1.667e+00 -1.000e-03  6.450e-01 -9.340e-01
 -9.000e-03  5.580e-01 -1.013e+00 -4.000e-03  4.550e-01 -1.428e+00]   <- converges to NOMINAL_STANCE [ 0.   0.6 -1.1  0.   0.6 -1.1  0.   0.6 -1.1  0.   0.6 -1.1], not cmd['q_des']
q plan end   : [ 0.003  0.677 -1.399  0.006  0.408 -1.31   0.028  0.529 -1.303 -0.009
  0.742 -1.067]   <- where the MPC sends the joints by node n
base v_y actual: -0.9910   base v_y commanded: -1.0000
tau0 (mpc ff): [ 11.38   3.29  24.85  50.08 -16.71  25.56 -50.6   -3.64  40.22 -10.9
  16.11  19.34]
pd (fosmc fb): [ 0.09  2.05  2.19 -0.    0.11 -0.05  0.02 -0.22  0.46  0.01  0.76  2.19]
applied ctrl : [ 11.38   3.29  24.85  50.08 -16.71  25.56 -50.6   -3.64  40.22 -10.9
  16.11  19.34]
base pos     : [  0.1387 -15.6231   2.5302]  base quat: [ 1.      0.0022 -0.0032  0.0076]
pitch (deg, + = nose down): 0.25 | foot y rel hip (+ = behind) FL FR BL BR: [-0.68  0.34  0.02 -0.69]
swing-phase floor contact (2 ms steps since last print) FL FR BL BR: [8 0 0 0]
=======================

[mpc t=15.02 OK   iters=9 status=0]wall=0.185s N=15 | FL:wwwSSSSSSSSSSS FR:SSSwwwwwwwwwww BL:SSSwwwwwwwwwww BR:wwwSSSSSSSSSSS
[mpc t=15.04 OK   iters=8 status=0]wall=0.161s N=15 | FL:wwwSSSSSSSSSSS FR:SSSwwwwwwwwwww BL:SSSwwwwwwwwwww BR:wwwSSSSSSSSSSS
[mpc t=15.06 OK   iters=10 status=0]wall=0.188s N=15 | FL:wwSSSSSSSSSSSS FR:SSwwwwwwwwwwww BL:SSwwwwwwwwwwww BR:wwSSSSSSSSSSSS
[mpc t=15.08 OK   iters=8 status=0]wall=0.146s N=15 | FL:wwSSSSSSSSSSSS FR:SSwwwwwwwwwwww BL:SSwwwwwwwwwwww BR:wwSSSSSSSSSSSS
[mpc t=15.10 OK   iters=10 status=0]wall=0.181s N=15 | FL:wSSSSSSSSSSSSS FR:Swwwwwwwwwwwww BL:Swwwwwwwwwwwww BR:wSSSSSSSSSSSSS
[mpc t=15.12 OK   iters=9 status=0]wall=0.167s N=15 | FL:wSSSSSSSSSSSSw FR:SwwwwwwwwwwwwS BL:SwwwwwwwwwwwwS BR:wSSSSSSSSSSSSw
[mpc t=15.14 OK   iters=8 status=0]wall=0.161s N=15 | FL:SSSSSSSSSSSSSw FR:wwwwwwwwwwwwwS BL:wwwwwwwwwwwwwS BR:SSSSSSSSSSSSSw
[mpc t=15.16 OK   iters=11 status=0]wall=0.200s N=15 | FL:SSSSSSSSSSSSww FR:wwwwwwwwwwwwSS BL:wwwwwwwwwwwwSS BR:SSSSSSSSSSSSww
[mpc t=15.18 OK   iters=23 status=0]wall=0.430s N=15 | FL:SSSSSSSSSSSSww FR:wwwwwwwwwwwwSS BL:wwwwwwwwwwwwSS BR:SSSSSSSSSSSSww
[mpc t=15.20 OK   iters=11 status=0]wall=0.199s N=15 | FL:SSSSSSSSSSSwww FR:wwwwwwwwwwwSSS BL:wwwwwwwwwwwSSS BR:SSSSSSSSSSSwww
[mpc t=15.22 OK   iters=13 status=0]wall=0.226s N=15 | FL:SSSSSSSSSSSwww FR:wwwwwwwwwwwSSS BL:wwwwwwwwwwwSSS BR:SSSSSSSSSSSwww
[mpc t=15.24 OK   iters=11 status=0]wall=0.193s N=15 | FL:SSSSSSSSSSwwww FR:wwwwwwwwwwSSSS BL:wwwwwwwwwwSSSS BR:SSSSSSSSSSwwww
[mpc t=15.26 OK   iters=20 status=0]wall=0.400s N=15 | FL:SSSSSSSSSSwwww FR:wwwwwwwwwwSSSS BL:wwwwwwwwwwSSSS BR:SSSSSSSSSSwwww
[mpc t=15.28 OK   iters=19 status=0]wall=0.352s N=15 | FL:SSSSSSSSSwwwww FR:wwwwwwwwwSSSSS BL:wwwwwwwwwSSSSS BR:SSSSSSSSSwwwww
[mpc t=15.30 OK   iters=13 status=0]wall=0.230s N=15 | FL:SSSSSSSSSwwwww FR:wwwwwwwwwSSSSS BL:wwwwwwwwwSSSSS BR:SSSSSSSSSwwwww
[mpc t=15.32 OK   iters=14 status=0]wall=0.247s N=15 | FL:SSSSSSSSwwwwww FR:wwwwwwwwSSSSSS BL:wwwwwwwwSSSSSS BR:SSSSSSSSwwwwww
[mpc t=15.34 OK   iters=11 status=0]wall=0.202s N=15 | FL:SSSSSSSSwwwwww FR:wwwwwwwwSSSSSS BL:wwwwwwwwSSSSSS BR:SSSSSSSSwwwwww
[mpc t=15.36 OK   iters=15 status=0]wall=0.261s N=15 | FL:SSSSSSSwwwwwww FR:wwwwwwwSSSSSSS BL:wwwwwwwSSSSSSS BR:SSSSSSSwwwwwww
[mpc t=15.38 OK   iters=11 status=0]wall=0.198s N=15 | FL:SSSSSSSwwwwwww FR:wwwwwwwSSSSSSS BL:wwwwwwwSSSSSSS BR:SSSSSSSwwwwwww
[mpc t=15.40 OK   iters=12 status=0]wall=0.220s N=15 | FL:SSSSSSwwwwwwww FR:wwwwwwSSSSSSSS BL:wwwwwwSSSSSSSS BR:SSSSSSwwwwwwww
[mpc t=15.42 OK   iters=13 status=0]wall=0.245s N=15 | FL:SSSSSSwwwwwwww FR:wwwwwwSSSSSSSS BL:wwwwwwSSSSSSSS BR:SSSSSSwwwwwwww
[mpc t=15.44 OK   iters=17 status=0]wall=0.305s N=15 | FL:SSSSSwwwwwwwww FR:wwwwwSSSSSSSSS BL:wwwwwSSSSSSSSS BR:SSSSSwwwwwwwww
[mpc t=15.46 OK   iters=10 status=0]wall=0.184s N=15 | FL:SSSSSwwwwwwwww FR:wwwwwSSSSSSSSS BL:wwwwwSSSSSSSSS BR:SSSSSwwwwwwwww
[mpc t=15.48 OK   iters=11 status=0]wall=0.197s N=15 | FL:SSSSwwwwwwwwww FR:wwwwSSSSSSSSSS BL:wwwwSSSSSSSSSS BR:SSSSwwwwwwwwww
[mpc t=15.50 OK   iters=9 status=0]wall=0.165s N=15 | FL:SSSSwwwwwwwwww FR:wwwwSSSSSSSSSS BL:wwwwSSSSSSSSSS BR:SSSSwwwwwwwwww

=== MPC/FOSMC DEBUG ===
MPC solves so far: 775 | time since last solve: 0.00s | last exception: None
GaitLogic state: WALK | walking=True turning=False jump_state=''
cmd['q_des'] (raw gait target, NOT what the MPC tracks anymore): [ 0.     0.594 -1.012 -0.     0.69  -1.481  0.     0.671 -1.446  0.
  0.566 -0.963]
cmd['is_stance']              : [True, False, False, True]
q_act        : [-0.013  0.6   -0.982 -0.004  0.659 -1.568  0.01   0.498 -1.456  0.009
  0.697 -0.825]
q_des (mpc)  : [-0.013  0.6   -0.982 -0.004  0.659 -1.568  0.01   0.498 -1.456  0.009
  0.697 -0.825]   <- converges to NOMINAL_STANCE [ 0.   0.6 -1.1  0.   0.6 -1.1  0.   0.6 -1.1  0.   0.6 -1.1], not cmd['q_des']
q plan end   : [ 0.005  0.429 -1.325 -0.012  0.796 -1.151 -0.003  0.68  -1.104 -0.021
  0.455 -1.355]   <- where the MPC sends the joints by node n
base v_y actual: -1.1739   base v_y commanded: -1.0000
tau0 (mpc ff): [-55.18   7.52  34.76  -6.11   6.72  28.9    6.77   4.04  21.61  43.77
 -43.01  16.09]
pd (fosmc fb): [-0.03 -0.37  0.47  2.09  2.37  1.04  0.17 -0.78  2.22  0.01 -0.44 -0.01]
applied ctrl : [-55.18   7.52  34.76  -6.11   6.72  28.9    6.77   4.04  21.61  43.77
 -43.01  16.09]
base pos     : [  0.1127 -16.161    2.5376]  base quat: [ 1.      0.0076 -0.0031  0.0024]
pitch (deg, + = nose down): 0.87 | foot y rel hip (+ = behind) FL FR BL BR: [ 0.16 -0.4  -0.62  0.64]
swing-phase floor contact (2 ms steps since last print) FL FR BL BR: [0 8 0 0]
=======================

[mpc t=15.52 OK   iters=9 status=0]wall=0.166s N=15 | FL:SSSwwwwwwwwwww FR:wwwSSSSSSSSSSS BL:wwwSSSSSSSSSSS BR:SSSwwwwwwwwwww
[mpc t=15.54 OK   iters=8 status=0]wall=0.148s N=15 | FL:SSSwwwwwwwwwww FR:wwwSSSSSSSSSSS BL:wwwSSSSSSSSSSS BR:SSSwwwwwwwwwww
[mpc t=15.56 OK   iters=9 status=0]wall=0.172s N=15 | FL:SSwwwwwwwwwwww FR:wwSSSSSSSSSSSS BL:wwSSSSSSSSSSSS BR:SSwwwwwwwwwwww
[mpc t=15.58 OK   iters=8 status=0]wall=0.147s N=15 | FL:SSwwwwwwwwwwww FR:wwSSSSSSSSSSSS BL:wwSSSSSSSSSSSS BR:SSwwwwwwwwwwww
[mpc t=15.60 OK   iters=9 status=0]wall=0.166s N=15 | FL:Swwwwwwwwwwwww FR:wSSSSSSSSSSSSS BL:wSSSSSSSSSSSSS BR:Swwwwwwwwwwwww
[mpc t=15.62 OK   iters=9 status=0]wall=0.216s N=15 | FL:SwwwwwwwwwwwwS FR:wSSSSSSSSSSSSw BL:wSSSSSSSSSSSSw BR:SwwwwwwwwwwwwS
[mpc t=15.64 OK   iters=9 status=0]wall=0.226s N=15 | FL:wwwwwwwwwwwwwS FR:SSSSSSSSSSSSSw BL:SSSSSSSSSSSSSw BR:wwwwwwwwwwwwwS
[mpc t=15.66 OK   iters=12 status=0]wall=0.231s N=15 | FL:wwwwwwwwwwwwSS FR:SSSSSSSSSSSSww BL:SSSSSSSSSSSSww BR:wwwwwwwwwwwwSS
[mpc t=15.68 OK   iters=20 status=0]wall=0.434s N=15 | FL:wwwwwwwwwwwwSS FR:SSSSSSSSSSSSww BL:SSSSSSSSSSSSww BR:wwwwwwwwwwwwSS
[mpc t=15.70 OK   iters=11 status=0]wall=0.248s N=15 | FL:wwwwwwwwwwwSSS FR:SSSSSSSSSSSwww BL:SSSSSSSSSSSwww BR:wwwwwwwwwwwSSS
[mpc t=15.72 OK   iters=10 status=0]wall=0.256s N=15 | FL:wwwwwwwwwwwSSS FR:SSSSSSSSSSSwww BL:SSSSSSSSSSSwww BR:wwwwwwwwwwwSSS
[mpc t=15.74 OK   iters=11 status=0]wall=0.288s N=15 | FL:wwwwwwwwwwSSSS FR:SSSSSSSSSSwwww BL:SSSSSSSSSSwwww BR:wwwwwwwwwwSSSS
[mpc t=15.76 OK   iters=12 status=0]wall=0.310s N=15 | FL:wwwwwwwwwwSSSS FR:SSSSSSSSSSwwww BL:SSSSSSSSSSwwww BR:wwwwwwwwwwSSSS
[mpc t=15.78 OK   iters=13 status=0]wall=0.331s N=15 | FL:wwwwwwwwwSSSSS FR:SSSSSSSSSwwwww BL:SSSSSSSSSwwwww BR:wwwwwwwwwSSSSS
[mpc t=15.80 OK   iters=9 status=0]wall=0.229s N=15 | FL:wwwwwwwwwSSSSS FR:SSSSSSSSSwwwww BL:SSSSSSSSSwwwww BR:wwwwwwwwwSSSSS
[mpc t=15.82 OK   iters=13 status=0]wall=0.314s N=15 | FL:wwwwwwwwSSSSSS FR:SSSSSSSSwwwwww BL:SSSSSSSSwwwwww BR:wwwwwwwwSSSSSS
[mpc t=15.84 OK   iters=9 status=0]wall=0.222s N=15 | FL:wwwwwwwwSSSSSS FR:SSSSSSSSwwwwww BL:SSSSSSSSwwwwww BR:wwwwwwwwSSSSSS
[mpc t=15.86 OK   iters=36 status=0]wall=0.918s N=15 | FL:wwwwwwwSSSSSSS FR:SSSSSSSwwwwwww BL:SSSSSSSwwwwwww BR:wwwwwwwSSSSSSS
[mpc t=15.88 OK   iters=9 status=0]wall=0.229s N=15 | FL:wwwwwwwSSSSSSS FR:SSSSSSSwwwwwww BL:SSSSSSSwwwwwww BR:wwwwwwwSSSSSSS
[mpc t=15.90 OK   iters=13 status=0]wall=0.321s N=15 | FL:wwwwwwSSSSSSSS FR:SSSSSSwwwwwwww BL:SSSSSSwwwwwwww BR:wwwwwwSSSSSSSS
[mpc t=15.92 OK   iters=9 status=0]wall=0.247s N=15 | FL:wwwwwwSSSSSSSS FR:SSSSSSwwwwwwww BL:SSSSSSwwwwwwww BR:wwwwwwSSSSSSSS
[mpc t=15.94 OK   iters=14 status=0]wall=0.353s N=15 | FL:wwwwwSSSSSSSSS FR:SSSSSwwwwwwwww BL:SSSSSwwwwwwwww BR:wwwwwSSSSSSSSS
[mpc t=15.96 OK   iters=9 status=0]wall=0.230s N=15 | FL:wwwwwSSSSSSSSS FR:SSSSSwwwwwwwww BL:SSSSSwwwwwwwww BR:wwwwwSSSSSSSSS
[mpc t=15.98 OK   iters=11 status=0]wall=0.305s N=15 | FL:wwwwSSSSSSSSSS FR:SSSSwwwwwwwwww BL:SSSSwwwwwwwwww BR:wwwwSSSSSSSSSS
[mpc t=16.00 OK   iters=9 status=0]wall=0.258s N=15 | FL:wwwwSSSSSSSSSS FR:SSSSwwwwwwwwww BL:SSSSwwwwwwwwww BR:wwwwSSSSSSSSSS

=== MPC/FOSMC DEBUG ===
MPC solves so far: 800 | time since last solve: 0.00s | last exception: None
GaitLogic state: WALK | walking=True turning=False jump_state=''
cmd['q_des'] (raw gait target, NOT what the MPC tracks anymore): [ 0.     0.69  -1.481 -0.     0.594 -1.012 -0.     0.566 -0.963 -0.
  0.671 -1.446]
cmd['is_stance']              : [False, True, True, False]
q_act        : [ 0.035  0.496 -1.424  0.032  0.728 -0.886  0.01   0.607 -0.91  -0.016
  0.58  -1.708]
q_des (mpc)  : [ 0.035  0.496 -1.424  0.032  0.728 -0.886  0.01   0.607 -0.91  -0.016
  0.58  -1.708]   <- converges to NOMINAL_STANCE [ 0.   0.6 -1.1  0.   0.6 -1.1  0.   0.6 -1.1  0.   0.6 -1.1], not cmd['q_des']
q plan end   : [ 0.014  0.814 -1.077  0.004  0.359 -1.346  0.03   0.516 -1.323 -0.
  0.599 -1.396]   <- where the MPC sends the joints by node n
base v_y actual: -1.2244   base v_y commanded: -1.0000
tau0 (mpc ff): [ 11.33   7.85  24.02  51.1  -25.8   18.39 -45.01 -13.15  37.8  -11.25
  -9.01  27.14]
pd (fosmc fb): [-1.05  0.57  2.17  0.37 -0.39  0.6   0.26 -0.15  0.13  0.48 -0.25  2.22]
applied ctrl : [ 11.33   7.85  24.02  51.1  -25.8   18.39 -45.01 -13.15  37.8  -11.25
  -9.01  27.14]
base pos     : [  0.128  -16.7564   2.5335]  base quat: [0.9999 0.0084 0.0071 0.004 ]
pitch (deg, + = nose down): 0.96 | foot y rel hip (+ = behind) FL FR BL BR: [-0.6   0.62  0.29 -0.65]
swing-phase floor contact (2 ms steps since last print) FL FR BL BR: [0 0 0 9]
=======================

[mpc t=16.02 OK   iters=12 status=0]wall=0.286s N=15 | FL:wwwSSSSSSSSSSS FR:SSSwwwwwwwwwww BL:SSSwwwwwwwwwww BR:wwwSSSSSSSSSSS
[mpc t=16.04 OK   iters=10 status=0]wall=0.250s N=15 | FL:wwwSSSSSSSSSSS FR:SSSwwwwwwwwwww BL:SSSwwwwwwwwwww BR:wwwSSSSSSSSSSS
[mpc t=16.06 OK   iters=9 status=0]wall=0.228s N=15 | FL:wwSSSSSSSSSSSS FR:SSwwwwwwwwwwww BL:SSwwwwwwwwwwww BR:wwSSSSSSSSSSSS
[mpc t=16.08 OK   iters=9 status=0]wall=0.228s N=15 | FL:wwSSSSSSSSSSSS FR:SSwwwwwwwwwwww BL:SSwwwwwwwwwwww BR:wwSSSSSSSSSSSS
[mpc t=16.10 OK   iters=10 status=0]wall=0.255s N=15 | FL:wSSSSSSSSSSSSS FR:Swwwwwwwwwwwww BL:Swwwwwwwwwwwww BR:wSSSSSSSSSSSSS
[mpc t=16.12 OK   iters=9 status=0]wall=0.268s N=15 | FL:wSSSSSSSSSSSSw FR:SwwwwwwwwwwwwS BL:SwwwwwwwwwwwwS BR:wSSSSSSSSSSSSw
[mpc t=16.14 OK   iters=9 status=0]wall=0.242s N=15 | FL:SSSSSSSSSSSSSw FR:wwwwwwwwwwwwwS BL:wwwwwwwwwwwwwS BR:SSSSSSSSSSSSSw
[mpc t=16.16 OK   iters=10 status=0]wall=0.250s N=15 | FL:SSSSSSSSSSSSww FR:wwwwwwwwwwwwSS BL:wwwwwwwwwwwwSS BR:SSSSSSSSSSSSww
[mpc t=16.18 OK   iters=10 status=0]wall=0.259s N=15 | FL:SSSSSSSSSSSSww FR:wwwwwwwwwwwwSS BL:wwwwwwwwwwwwSS BR:SSSSSSSSSSSSww
[mpc t=16.20 OK   iters=11 status=0]wall=0.296s N=15 | FL:SSSSSSSSSSSwww FR:wwwwwwwwwwwSSS BL:wwwwwwwwwwwSSS BR:SSSSSSSSSSSwww
[mpc t=16.22 OK   iters=10 status=0]wall=0.249s N=15 | FL:SSSSSSSSSSSwww FR:wwwwwwwwwwwSSS BL:wwwwwwwwwwwSSS BR:SSSSSSSSSSSwww
[mpc t=16.24 OK   iters=9 status=0]wall=0.241s N=15 | FL:SSSSSSSSSSwwww FR:wwwwwwwwwwSSSS BL:wwwwwwwwwwSSSS BR:SSSSSSSSSSwwww
[mpc t=16.26 OK   iters=8 status=0]wall=0.211s N=15 | FL:SSSSSSSSSSwwww FR:wwwwwwwwwwSSSS BL:wwwwwwwwwwSSSS BR:SSSSSSSSSSwwww
[mpc t=16.28 OK   iters=9 status=0]wall=0.225s N=15 | FL:SSSSSSSSSwwwww FR:wwwwwwwwwSSSSS BL:wwwwwwwwwSSSSS BR:SSSSSSSSSwwwww
[mpc t=16.30 OK   iters=8 status=0]wall=0.208s N=15 | FL:SSSSSSSSSwwwww FR:wwwwwwwwwSSSSS BL:wwwwwwwwwSSSSS BR:SSSSSSSSSwwwww
[mpc t=16.32 OK   iters=9 status=0]wall=0.221s N=15 | FL:SSSSSSSSwwwwww FR:wwwwwwwwSSSSSS BL:wwwwwwwwSSSSSS BR:SSSSSSSSwwwwww
[mpc t=16.34 OK   iters=8 status=0]wall=0.220s N=15 | FL:SSSSSSSSwwwwww FR:wwwwwwwwSSSSSS BL:wwwwwwwwSSSSSS BR:SSSSSSSSwwwwww
[mpc t=16.36 OK   iters=9 status=0]wall=0.230s N=15 | FL:SSSSSSSwwwwwww FR:wwwwwwwSSSSSSS BL:wwwwwwwSSSSSSS BR:SSSSSSSwwwwwww
[mpc t=16.38 OK   iters=7 status=0]wall=0.195s N=15 | FL:SSSSSSSwwwwwww FR:wwwwwwwSSSSSSS BL:wwwwwwwSSSSSSS BR:SSSSSSSwwwwwww
[mpc t=16.40 OK   iters=9 status=0]wall=0.228s N=15 | FL:SSSSSSwwwwwwww FR:wwwwwwSSSSSSSS BL:wwwwwwSSSSSSSS BR:SSSSSSwwwwwwww
[mpc t=16.42 OK   iters=7 status=0]wall=0.193s N=15 | FL:SSSSSSwwwwwwww FR:wwwwwwSSSSSSSS BL:wwwwwwSSSSSSSS BR:SSSSSSwwwwwwww
[mpc t=16.44 OK   iters=9 status=0]wall=0.230s N=15 | FL:SSSSSwwwwwwwww FR:wwwwwSSSSSSSSS BL:wwwwwSSSSSSSSS BR:SSSSSwwwwwwwww
[mpc t=16.46 OK   iters=8 status=0]wall=0.212s N=15 | FL:SSSSSwwwwwwwww FR:wwwwwSSSSSSSSS BL:wwwwwSSSSSSSSS BR:SSSSSwwwwwwwww
[mpc t=16.48 OK   iters=9 status=0]wall=0.228s N=15 | FL:SSSSwwwwwwwwww FR:wwwwSSSSSSSSSS BL:wwwwSSSSSSSSSS BR:SSSSwwwwwwwwww
[mpc t=16.50 OK   iters=8 status=0]wall=0.206s N=15 | FL:SSSSwwwwwwwwww FR:wwwwSSSSSSSSSS BL:wwwwSSSSSSSSSS BR:SSSSwwwwwwwwww

=== MPC/FOSMC DEBUG ===
MPC solves so far: 825 | time since last solve: 0.00s | last exception: None
GaitLogic state: WALK | walking=True turning=False jump_state=''
cmd['q_des'] (raw gait target, NOT what the MPC tracks anymore): [ 0.     0.594 -1.012 -0.     0.69  -1.481  0.     0.671 -1.446  0.
  0.566 -0.963]
cmd['is_stance']              : [True, False, False, True]
q_act        : [-0.003  0.648 -0.948 -0.015  0.587 -1.683  0.006  0.455 -1.537  0.009
  0.495 -1.044]
q_des (mpc)  : [-0.003  0.648 -0.948 -0.015  0.587 -1.683  0.006  0.455 -1.537  0.009
  0.495 -1.044]   <- converges to NOMINAL_STANCE [ 0.   0.6 -1.1  0.   0.6 -1.1  0.   0.6 -1.1  0.   0.6 -1.1], not cmd['q_des']
q plan end   : [-0.013  0.389 -1.298 -0.005  0.694 -1.404  0.013  0.732 -1.235 -0.033
  0.549 -1.296]   <- where the MPC sends the joints by node n
base v_y actual: -1.0025   base v_y commanded: -1.0000
tau0 (mpc ff): [-48.9  -26.05  21.28 -11.92   2.99  25.7   12.17  15.71  21.44  49.09
   1.63  43.57]
pd (fosmc fb): [-0.01 -0.23  0.39  0.06  2.06  2.19  0.2   2.07  2.16 -0.   -0.22  0.38]
applied ctrl : [-48.9  -26.05  21.28 -11.92   2.99  25.7   12.17  15.71  21.44  49.09
   1.63  43.57]
base pos     : [  0.2036 -17.3212   2.5192]  base quat: [1.     0.004  0.0035 0.0045]
pitch (deg, + = nose down): 0.46 | foot y rel hip (+ = behind) FL FR BL BR: [ 0.33 -0.63 -0.77 -0.18]
swing-phase floor contact (2 ms steps since last print) FL FR BL BR: [ 0  8 10  0]
=======================

[mpc t=16.52 OK   iters=10 status=0]wall=0.251s N=15 | FL:SSSwwwwwwwwwww FR:wwwSSSSSSSSSSS BL:wwwSSSSSSSSSSS BR:SSSwwwwwwwwwww
[mpc t=16.54 OK   iters=9 status=0]wall=0.232s N=15 | FL:SSSwwwwwwwwwww FR:wwwSSSSSSSSSSS BL:wwwSSSSSSSSSSS BR:SSSwwwwwwwwwww
[mpc t=16.56 OK   iters=10 status=0]wall=0.255s N=15 | FL:SSwwwwwwwwwwww FR:wwSSSSSSSSSSSS BL:wwSSSSSSSSSSSS BR:SSwwwwwwwwwwww
[mpc t=16.58 OK   iters=8 status=0]wall=0.224s N=15 | FL:SSwwwwwwwwwwww FR:wwSSSSSSSSSSSS BL:wwSSSSSSSSSSSS BR:SSwwwwwwwwwwww
[mpc t=16.60 OK   iters=10 status=0]wall=0.252s N=15 | FL:Swwwwwwwwwwwww FR:wSSSSSSSSSSSSS BL:wSSSSSSSSSSSSS BR:Swwwwwwwwwwwww
[mpc t=16.62 OK   iters=9 status=0]wall=0.232s N=15 | FL:SwwwwwwwwwwwwS FR:wSSSSSSSSSSSSw BL:wSSSSSSSSSSSSw BR:SwwwwwwwwwwwwS
[mpc t=16.64 OK   iters=8 status=0]wall=0.213s N=15 | FL:wwwwwwwwwwwwwS FR:SSSSSSSSSSSSSw BL:SSSSSSSSSSSSSw BR:wwwwwwwwwwwwwS
[mpc t=16.66 OK   iters=9 status=0]wall=0.227s N=15 | FL:wwwwwwwwwwwwSS FR:SSSSSSSSSSSSww BL:SSSSSSSSSSSSww BR:wwwwwwwwwwwwSS
[mpc t=16.68 OK   iters=19 status=0]wall=0.501s N=15 | FL:wwwwwwwwwwwwSS FR:SSSSSSSSSSSSww BL:SSSSSSSSSSSSww BR:wwwwwwwwwwwwSS
[mpc t=16.70 OK   iters=13 status=0]wall=0.315s N=15 | FL:wwwwwwwwwwwSSS FR:SSSSSSSSSSSwww BL:SSSSSSSSSSSwww BR:wwwwwwwwwwwSSS
[mpc t=16.72 OK   iters=14 status=0]wall=0.331s N=15 | FL:wwwwwwwwwwwSSS FR:SSSSSSSSSSSwww BL:SSSSSSSSSSSwww BR:wwwwwwwwwwwSSS
[mpc t=16.74 OK   iters=15 status=0]wall=0.388s N=15 | FL:wwwwwwwwwwSSSS FR:SSSSSSSSSSwwww BL:SSSSSSSSSSwwww BR:wwwwwwwwwwSSSS
[mpc t=16.76 OK   iters=23 status=0]wall=0.598s N=15 | FL:wwwwwwwwwwSSSS FR:SSSSSSSSSSwwww BL:SSSSSSSSSSwwww BR:wwwwwwwwwwSSSS
[mpc t=16.78 OK   iters=10 status=0]wall=0.312s N=15 | FL:wwwwwwwwwSSSSS FR:SSSSSSSSSwwwww BL:SSSSSSSSSwwwww BR:wwwwwwwwwSSSSS
[mpc t=16.80 OK   iters=11 status=0]wall=0.269s N=15 | FL:wwwwwwwwwSSSSS FR:SSSSSSSSSwwwww BL:SSSSSSSSSwwwww BR:wwwwwwwwwSSSSS
[mpc t=16.82 OK   iters=13 status=0]wall=0.316s N=15 | FL:wwwwwwwwSSSSSS FR:SSSSSSSSwwwwww BL:SSSSSSSSwwwwww BR:wwwwwwwwSSSSSS
[mpc t=16.84 OK   iters=11 status=0]wall=0.272s N=15 | FL:wwwwwwwwSSSSSS FR:SSSSSSSSwwwwww BL:SSSSSSSSwwwwww BR:wwwwwwwwSSSSSS
[mpc t=16.86 OK   iters=14 status=0]wall=0.334s N=15 | FL:wwwwwwwSSSSSSS FR:SSSSSSSwwwwwww BL:SSSSSSSwwwwwww BR:wwwwwwwSSSSSSS
[mpc t=16.88 OK   iters=13 status=0]wall=0.324s N=15 | FL:wwwwwwwSSSSSSS FR:SSSSSSSwwwwwww BL:SSSSSSSwwwwwww BR:wwwwwwwSSSSSSS
[mpc t=16.90 OK   iters=13 status=0]wall=0.331s N=15 | FL:wwwwwwSSSSSSSS FR:SSSSSSwwwwwwww BL:SSSSSSwwwwwwww BR:wwwwwwSSSSSSSS
[mpc t=16.92 OK   iters=9 status=0]wall=0.241s N=15 | FL:wwwwwwSSSSSSSS FR:SSSSSSwwwwwwww BL:SSSSSSwwwwwwww BR:wwwwwwSSSSSSSS
[mpc t=16.94 OK   iters=23 status=0]wall=0.604s N=15 | FL:wwwwwSSSSSSSSS FR:SSSSSwwwwwwwww BL:SSSSSwwwwwwwww BR:wwwwwSSSSSSSSS
[mpc t=16.96 OK   iters=10 status=0]wall=0.258s N=15 | FL:wwwwwSSSSSSSSS FR:SSSSSwwwwwwwww BL:SSSSSwwwwwwwww BR:wwwwwSSSSSSSSS
[mpc t=16.98 OK   iters=11 status=0]wall=0.269s N=15 | FL:wwwwSSSSSSSSSS FR:SSSSwwwwwwwwww BL:SSSSwwwwwwwwww BR:wwwwSSSSSSSSSS
[mpc t=17.00 OK   iters=8 status=0]wall=0.212s N=15 | FL:wwwwSSSSSSSSSS FR:SSSSwwwwwwwwww BL:SSSSwwwwwwwwww BR:wwwwSSSSSSSSSS

=== MPC/FOSMC DEBUG ===
MPC solves so far: 850 | time since last solve: 0.00s | last exception: None
GaitLogic state: WALK | walking=True turning=False jump_state=''
cmd['q_des'] (raw gait target, NOT what the MPC tracks anymore): [ 0.     0.69  -1.481 -0.     0.594 -1.012 -0.     0.566 -0.963 -0.
  0.671 -1.446]
cmd['is_stance']              : [False, True, True, False]
q_act        : [ 0.017  0.57  -1.515  0.013  0.62  -0.986 -0.015  0.661 -0.894 -0.007
  0.501 -1.441]
q_des (mpc)  : [ 0.017  0.57  -1.515  0.013  0.62  -0.986 -0.015  0.661 -0.894 -0.007
  0.501 -1.441]   <- converges to NOMINAL_STANCE [ 0.   0.6 -1.1  0.   0.6 -1.1  0.   0.6 -1.1  0.   0.6 -1.1], not cmd['q_des']
q plan end   : [ 0.01   0.778 -1.156 -0.006  0.43  -1.327  0.02   0.476 -1.333  0.003
  0.679 -1.065]   <- where the MPC sends the joints by node n
base v_y actual: -1.1749   base v_y commanded: -1.0000
tau0 (mpc ff): [  9.04  -7.12  20.99  45.09   8.71  36.75 -42.04 -13.38  33.66  -6.39
   3.78  21.7 ]
pd (fosmc fb): [ 1.05 -2.43  2.42 -0.06  0.32 -0.09 -0.2  -0.24  0.53  0.58 -0.79  2.21]
applied ctrl : [  9.04  -7.12  20.99  45.09   8.71  36.75 -42.04 -13.38  33.66  -6.39
   3.78  21.7 ]
base pos     : [  0.2522 -17.8527   2.5406]  base quat: [0.9999 0.0069 0.0056 0.0078]
pitch (deg, + = nose down): 0.79 | foot y rel hip (+ = behind) FL FR BL BR: [-0.53  0.21  0.45 -0.61]
swing-phase floor contact (2 ms steps since last print) FL FR BL BR: [7 0 0 0]
=======================

[mpc t=17.02 OK   iters=9 status=0]wall=0.225s N=15 | FL:wwwSSSSSSSSSSS FR:SSSwwwwwwwwwww BL:SSSwwwwwwwwwww BR:wwwSSSSSSSSSSS
[mpc t=17.04 OK   iters=8 status=0]wall=0.231s N=15 | FL:wwwSSSSSSSSSSS FR:SSSwwwwwwwwwww BL:SSSwwwwwwwwwww BR:wwwSSSSSSSSSSS
[mpc t=17.06 OK   iters=9 status=0]wall=0.232s N=15 | FL:wwSSSSSSSSSSSS FR:SSwwwwwwwwwwww BL:SSwwwwwwwwwwww BR:wwSSSSSSSSSSSS
[mpc t=17.08 OK   iters=8 status=0]wall=0.211s N=15 | FL:wwSSSSSSSSSSSS FR:SSwwwwwwwwwwww BL:SSwwwwwwwwwwww BR:wwSSSSSSSSSSSS
[mpc t=17.10 OK   iters=9 status=0]wall=0.229s N=15 | FL:wSSSSSSSSSSSSS FR:Swwwwwwwwwwwww BL:Swwwwwwwwwwwww BR:wSSSSSSSSSSSSS
[mpc t=17.12 OK   iters=9 status=0]wall=0.228s N=15 | FL:wSSSSSSSSSSSSw FR:SwwwwwwwwwwwwS BL:SwwwwwwwwwwwwS BR:wSSSSSSSSSSSSw
[mpc t=17.14 OK   iters=9 status=0]wall=0.241s N=15 | FL:SSSSSSSSSSSSSw FR:wwwwwwwwwwwwwS BL:wwwwwwwwwwwwwS BR:SSSSSSSSSSSSSw
[mpc t=17.16 OK   iters=11 status=0]wall=0.283s N=15 | FL:SSSSSSSSSSSSww FR:wwwwwwwwwwwwSS BL:wwwwwwwwwwwwSS BR:SSSSSSSSSSSSww
[mpc t=17.18 OK   iters=12 status=0]wall=0.312s N=15 | FL:SSSSSSSSSSSSww FR:wwwwwwwwwwwwSS BL:wwwwwwwwwwwwSS BR:SSSSSSSSSSSSww
[mpc t=17.20 OK   iters=10 status=0]wall=0.250s N=15 | FL:SSSSSSSSSSSwww FR:wwwwwwwwwwwSSS BL:wwwwwwwwwwwSSS BR:SSSSSSSSSSSwww
[mpc t=17.22 OK   iters=11 status=0]wall=0.300s N=15 | FL:SSSSSSSSSSSwww FR:wwwwwwwwwwwSSS BL:wwwwwwwwwwwSSS BR:SSSSSSSSSSSwww
[mpc t=17.24 OK   iters=16 status=0]wall=0.540s N=15 | FL:SSSSSSSSSSwwww FR:wwwwwwwwwwSSSS BL:wwwwwwwwwwSSSS BR:SSSSSSSSSSwwww
[mpc t=17.26 OK   iters=10 status=0]wall=0.281s N=15 | FL:SSSSSSSSSSwwww FR:wwwwwwwwwwSSSS BL:wwwwwwwwwwSSSS BR:SSSSSSSSSSwwww
[mpc t=17.28 OK   iters=10 status=0]wall=0.279s N=15 | FL:SSSSSSSSSwwwww FR:wwwwwwwwwSSSSS BL:wwwwwwwwwSSSSS BR:SSSSSSSSSwwwww
[mpc t=17.30 OK   iters=11 status=0]wall=0.230s N=15 | FL:SSSSSSSSSwwwww FR:wwwwwwwwwSSSSS BL:wwwwwwwwwSSSSS BR:SSSSSSSSSwwwww
[mpc t=17.32 OK   iters=14 status=0]wall=0.291s N=15 | FL:SSSSSSSSwwwwww FR:wwwwwwwwSSSSSS BL:wwwwwwwwSSSSSS BR:SSSSSSSSwwwwww
[mpc t=17.34 OK   iters=10 status=0]wall=0.207s N=15 | FL:SSSSSSSSwwwwww FR:wwwwwwwwSSSSSS BL:wwwwwwwwSSSSSS BR:SSSSSSSSwwwwww
[mpc t=17.36 OK   iters=11 status=0]wall=0.207s N=15 | FL:SSSSSSSwwwwwww FR:wwwwwwwSSSSSSS BL:wwwwwwwSSSSSSS BR:SSSSSSSwwwwwww
[mpc t=17.38 OK   iters=9 status=0]wall=0.175s N=15 | FL:SSSSSSSwwwwwww FR:wwwwwwwSSSSSSS BL:wwwwwwwSSSSSSS BR:SSSSSSSwwwwwww
[mpc t=17.40 OK   iters=13 status=0]wall=0.243s N=15 | FL:SSSSSSwwwwwwww FR:wwwwwwSSSSSSSS BL:wwwwwwSSSSSSSS BR:SSSSSSwwwwwwww
[mpc t=17.42 OK   iters=8 status=0]wall=0.181s N=15 | FL:SSSSSSwwwwwwww FR:wwwwwwSSSSSSSS BL:wwwwwwSSSSSSSS BR:SSSSSSwwwwwwww
[mpc t=17.44 OK   iters=11 status=0]wall=0.236s N=15 | FL:SSSSSwwwwwwwww FR:wwwwwSSSSSSSSS BL:wwwwwSSSSSSSSS BR:SSSSSwwwwwwwww
[mpc t=17.46 OK   iters=8 status=0]wall=0.165s N=15 | FL:SSSSSwwwwwwwww FR:wwwwwSSSSSSSSS BL:wwwwwSSSSSSSSS BR:SSSSSwwwwwwwww
[mpc t=17.48 OK   iters=14 status=0]wall=0.278s N=15 | FL:SSSSwwwwwwwwww FR:wwwwSSSSSSSSSS BL:wwwwSSSSSSSSSS BR:SSSSwwwwwwwwww
[mpc t=17.50 OK   iters=13 status=0]wall=0.263s N=15 | FL:SSSSwwwwwwwwww FR:wwwwSSSSSSSSSS BL:wwwwSSSSSSSSSS BR:SSSSwwwwwwwwww

=== MPC/FOSMC DEBUG ===
MPC solves so far: 875 | time since last solve: 0.00s | last exception: None
GaitLogic state: WALK | walking=True turning=False jump_state=''
cmd['q_des'] (raw gait target, NOT what the MPC tracks anymore): [ 0.     0.594 -1.012 -0.     0.69  -1.481  0.     0.671 -1.446  0.
  0.566 -0.963]
cmd['is_stance']              : [True, False, False, True]
q_act        : [-0.031  0.679 -0.936 -0.022  0.493 -1.456  0.013  0.521 -1.609 -0.005
  0.626 -0.908]
q_des (mpc)  : [-0.031  0.679 -0.936 -0.022  0.493 -1.456  0.013  0.521 -1.609 -0.005
  0.626 -0.908]   <- converges to NOMINAL_STANCE [ 0.   0.6 -1.1  0.   0.6 -1.1  0.   0.6 -1.1  0.   0.6 -1.1], not cmd['q_des']
q plan end   : [-2.000e-03  3.940e-01 -1.329e+00 -1.200e-02  7.960e-01 -1.114e+00
  1.000e-03  6.450e-01 -1.308e+00 -2.700e-02  5.090e-01 -1.322e+00]   <- where the MPC sends the joints by node n
base v_y actual: -1.1873   base v_y commanded: -1.0000
tau0 (mpc ff): [-30.5    9.42  33.33  -8.01 -48.82  13.58   3.55  -1.29  24.3   25.26
  27.71  57.84]
pd (fosmc fb): [-0.06 -0.5   0.59  0.91  2.44 -0.81  0.26  0.24  2.21 -0.24 -0.2   0.33]
applied ctrl : [-30.5    9.42  33.33  -8.01 -48.82  13.58   3.55  -1.29  24.3   25.26
  27.71  57.84]
base pos     : [  0.262  -18.4332   2.5413]  base quat: [ 0.9999  0.0083 -0.0042  0.005 ]
pitch (deg, + = nose down): 0.95 | foot y rel hip (+ = behind) FL FR BL BR: [ 0.43 -0.64 -0.7   0.34]
swing-phase floor contact (2 ms steps since last print) FL FR BL BR: [ 0  0 11  0]
=======================

[mpc t=17.52 OK   iters=10 status=0]wall=0.196s N=15 | FL:SSSwwwwwwwwwww FR:wwwSSSSSSSSSSS BL:wwwSSSSSSSSSSS BR:SSSwwwwwwwwwww
[mpc t=17.54 OK   iters=8 status=0]wall=0.169s N=15 | FL:SSSwwwwwwwwwww FR:wwwSSSSSSSSSSS BL:wwwSSSSSSSSSSS BR:SSSwwwwwwwwwww
[mpc t=17.56 OK   iters=9 status=0]wall=0.196s N=15 | FL:SSwwwwwwwwwwww FR:wwSSSSSSSSSSSS BL:wwSSSSSSSSSSSS BR:SSwwwwwwwwwwww
[mpc t=17.58 OK   iters=8 status=0]wall=0.182s N=15 | FL:SSwwwwwwwwwwww FR:wwSSSSSSSSSSSS BL:wwSSSSSSSSSSSS BR:SSwwwwwwwwwwww
[mpc t=17.60 OK   iters=9 status=0]wall=0.201s N=15 | FL:Swwwwwwwwwwwww FR:wSSSSSSSSSSSSS BL:wSSSSSSSSSSSSS BR:Swwwwwwwwwwwww
[mpc t=17.62 OK   iters=9 status=0]wall=0.184s N=15 | FL:SwwwwwwwwwwwwS FR:wSSSSSSSSSSSSw BL:wSSSSSSSSSSSSw BR:SwwwwwwwwwwwwS
[mpc t=17.64 OK   iters=9 status=0]wall=0.192s N=15 | FL:wwwwwwwwwwwwwS FR:SSSSSSSSSSSSSw BL:SSSSSSSSSSSSSw BR:wwwwwwwwwwwwwS
[mpc t=17.66 OK   iters=9 status=0]wall=0.195s N=15 | FL:wwwwwwwwwwwwSS FR:SSSSSSSSSSSSww BL:SSSSSSSSSSSSww BR:wwwwwwwwwwwwSS
[mpc t=17.68 OK   iters=11 status=0]wall=0.219s N=15 | FL:wwwwwwwwwwwwSS FR:SSSSSSSSSSSSww BL:SSSSSSSSSSSSww BR:wwwwwwwwwwwwSS
[mpc t=17.70 OK   iters=12 status=0]wall=0.228s N=15 | FL:wwwwwwwwwwwSSS FR:SSSSSSSSSSSwww BL:SSSSSSSSSSSwww BR:wwwwwwwwwwwSSS
[mpc t=17.72 OK   iters=11 status=0]wall=0.214s N=15 | FL:wwwwwwwwwwwSSS FR:SSSSSSSSSSSwww BL:SSSSSSSSSSSwww BR:wwwwwwwwwwwSSS
[mpc t=17.74 OK   iters=12 status=0]wall=0.219s N=15 | FL:wwwwwwwwwwSSSS FR:SSSSSSSSSSwwww BL:SSSSSSSSSSwwww BR:wwwwwwwwwwSSSS
[mpc t=17.76 OK   iters=11 status=0]wall=0.214s N=15 | FL:wwwwwwwwwwSSSS FR:SSSSSSSSSSwwww BL:SSSSSSSSSSwwww BR:wwwwwwwwwwSSSS
[mpc t=17.78 OK   iters=9 status=0]wall=0.172s N=15 | FL:wwwwwwwwwSSSSS FR:SSSSSSSSSwwwww BL:SSSSSSSSSwwwww BR:wwwwwwwwwSSSSS
[mpc t=17.80 OK   iters=9 status=0]wall=0.182s N=15 | FL:wwwwwwwwwSSSSS FR:SSSSSSSSSwwwww BL:SSSSSSSSSwwwww BR:wwwwwwwwwSSSSS
[mpc t=17.82 OK   iters=10 status=0]wall=0.191s N=15 | FL:wwwwwwwwSSSSSS FR:SSSSSSSSwwwwww BL:SSSSSSSSwwwwww BR:wwwwwwwwSSSSSS
[mpc t=17.84 OK   iters=9 status=0]wall=0.166s N=15 | FL:wwwwwwwwSSSSSS FR:SSSSSSSSwwwwww BL:SSSSSSSSwwwwww BR:wwwwwwwwSSSSSS
[mpc t=17.86 OK   iters=11 status=0]wall=0.201s N=15 | FL:wwwwwwwSSSSSSS FR:SSSSSSSwwwwwww BL:SSSSSSSwwwwwww BR:wwwwwwwSSSSSSS
[mpc t=17.88 OK   iters=10 status=0]wall=0.192s N=15 | FL:wwwwwwwSSSSSSS FR:SSSSSSSwwwwwww BL:SSSSSSSwwwwwww BR:wwwwwwwSSSSSSS
[mpc t=17.90 OK   iters=14 status=0]wall=0.256s N=15 | FL:wwwwwwSSSSSSSS FR:SSSSSSwwwwwwww BL:SSSSSSwwwwwwww BR:wwwwwwSSSSSSSS
[mpc t=17.92 OK   iters=9 status=0]wall=0.164s N=15 | FL:wwwwwwSSSSSSSS FR:SSSSSSwwwwwwww BL:SSSSSSwwwwwwww BR:wwwwwwSSSSSSSS
[mpc t=17.94 OK   iters=12 status=0]wall=0.222s N=15 | FL:wwwwwSSSSSSSSS FR:SSSSSwwwwwwwww BL:SSSSSwwwwwwwww BR:wwwwwSSSSSSSSS
[mpc t=17.96 OK   iters=9 status=0]wall=0.164s N=15 | FL:wwwwwSSSSSSSSS FR:SSSSSwwwwwwwww BL:SSSSSwwwwwwwww BR:wwwwwSSSSSSSSS
[mpc t=17.98 OK   iters=9 status=0]wall=0.169s N=15 | FL:wwwwSSSSSSSSSS FR:SSSSwwwwwwwwww BL:SSSSwwwwwwwwww BR:wwwwSSSSSSSSSS
[mpc t=18.00 OK   iters=9 status=0]wall=0.169s N=15 | FL:wwwwSSSSSSSSSS FR:SSSSwwwwwwwwww BL:SSSSwwwwwwwwww BR:wwwwSSSSSSSSSS

=== MPC/FOSMC DEBUG ===
MPC solves so far: 900 | time since last solve: 0.00s | last exception: None
GaitLogic state: WALK | walking=True turning=False jump_state=''
cmd['q_des'] (raw gait target, NOT what the MPC tracks anymore): [ 0.     0.69  -1.481 -0.     0.594 -1.012 -0.     0.566 -0.963 -0.
  0.671 -1.446]
cmd['is_stance']              : [False, True, True, False]
q_act        : [ 0.014  0.537 -1.54   0.013  0.71  -0.863  0.007  0.518 -0.966 -0.01
  0.495 -1.577]
q_des (mpc)  : [ 0.014  0.537 -1.54   0.013  0.71  -0.863  0.007  0.518 -0.966 -0.01
  0.495 -1.577]   <- converges to NOMINAL_STANCE [ 0.   0.6 -1.1  0.   0.6 -1.1  0.   0.6 -1.1  0.   0.6 -1.1], not cmd['q_des']
q plan end   : [ 0.011  0.776 -1.221  0.004  0.376 -1.336  0.028  0.536 -1.298 -0.004
  0.664 -1.28 ]   <- where the MPC sends the joints by node n
base v_y actual: -1.1239   base v_y commanded: -1.0000
tau0 (mpc ff): [ 11.83  10.45  22.35  49.74 -32.51  14.54 -47.8    2.77  43.68  -9.79
   4.19  23.53]
pd (fosmc fb): [ 0.17  0.86  2.19  0.1  -0.43  0.55  0.07 -0.24  0.29  0.05  0.86  2.18]
applied ctrl : [ 11.83  10.45  22.35  49.74 -32.51  14.54 -47.8    2.77  43.68  -9.79
   4.19  23.53]
base pos     : [  0.2452 -19.0102   2.535 ]  base quat: [1.     0.0058 0.0039 0.0036]
pitch (deg, + = nose down): 0.67 | foot y rel hip (+ = behind) FL FR BL BR: [-0.62  0.61 -0.02 -0.72]
swing-phase floor contact (2 ms steps since last print) FL FR BL BR: [ 8  0  0 11]
=======================

[mpc t=18.02 OK   iters=9 status=0]wall=0.194s N=15 | FL:wwwSSSSSSSSSSS FR:SSSwwwwwwwwwww BL:SSSwwwwwwwwwww BR:wwwSSSSSSSSSSS
[mpc t=18.04 OK   iters=8 status=0]wall=0.158s N=15 | FL:wwwSSSSSSSSSSS FR:SSSwwwwwwwwwww BL:SSSwwwwwwwwwww BR:wwwSSSSSSSSSSS
[mpc t=18.06 OK   iters=9 status=0]wall=0.183s N=15 | FL:wwSSSSSSSSSSSS FR:SSwwwwwwwwwwww BL:SSwwwwwwwwwwww BR:wwSSSSSSSSSSSS
[mpc t=18.08 OK   iters=8 status=0]wall=0.166s N=15 | FL:wwSSSSSSSSSSSS FR:SSwwwwwwwwwwww BL:SSwwwwwwwwwwww BR:wwSSSSSSSSSSSS
[mpc t=18.10 OK   iters=9 status=0]wall=0.172s N=15 | FL:wSSSSSSSSSSSSS FR:Swwwwwwwwwwwww BL:Swwwwwwwwwwwww BR:wSSSSSSSSSSSSS
[mpc t=18.12 OK   iters=9 status=0]wall=0.166s N=15 | FL:wSSSSSSSSSSSSw FR:SwwwwwwwwwwwwS BL:SwwwwwwwwwwwwS BR:wSSSSSSSSSSSSw
[mpc t=18.14 OK   iters=15 status=0]wall=0.300s N=15 | FL:SSSSSSSSSSSSSw FR:wwwwwwwwwwwwwS BL:wwwwwwwwwwwwwS BR:SSSSSSSSSSSSSw
[mpc t=18.16 OK   iters=10 status=0]wall=0.205s N=15 | FL:SSSSSSSSSSSSww FR:wwwwwwwwwwwwSS BL:wwwwwwwwwwwwSS BR:SSSSSSSSSSSSww
[mpc t=18.18 OK   iters=9 status=0]wall=0.181s N=15 | FL:SSSSSSSSSSSSww FR:wwwwwwwwwwwwSS BL:wwwwwwwwwwwwSS BR:SSSSSSSSSSSSww
[mpc t=18.20 OK   iters=10 status=0]wall=0.189s N=15 | FL:SSSSSSSSSSSwww FR:wwwwwwwwwwwSSS BL:wwwwwwwwwwwSSS BR:SSSSSSSSSSSwww
[mpc t=18.22 OK   iters=9 status=0]wall=0.185s N=15 | FL:SSSSSSSSSSSwww FR:wwwwwwwwwwwSSS BL:wwwwwwwwwwwSSS BR:SSSSSSSSSSSwww
[mpc t=18.24 OK   iters=9 status=0]wall=0.178s N=15 | FL:SSSSSSSSSSwwww FR:wwwwwwwwwwSSSS BL:wwwwwwwwwwSSSS BR:SSSSSSSSSSwwww
[mpc t=18.26 OK   iters=9 status=0]wall=0.169s N=15 | FL:SSSSSSSSSSwwww FR:wwwwwwwwwwSSSS BL:wwwwwwwwwwSSSS BR:SSSSSSSSSSwwww
[mpc t=18.28 OK   iters=11 status=0]wall=0.197s N=15 | FL:SSSSSSSSSwwwww FR:wwwwwwwwwSSSSS BL:wwwwwwwwwSSSSS BR:SSSSSSSSSwwwww
[mpc t=18.30 OK   iters=9 status=0]wall=0.171s N=15 | FL:SSSSSSSSSwwwww FR:wwwwwwwwwSSSSS BL:wwwwwwwwwSSSSS BR:SSSSSSSSSwwwww
[mpc t=18.32 OK   iters=12 status=0]wall=0.237s N=15 | FL:SSSSSSSSwwwwww FR:wwwwwwwwSSSSSS BL:wwwwwwwwSSSSSS BR:SSSSSSSSwwwwww
[mpc t=18.34 OK   iters=8 status=0]wall=0.159s N=15 | FL:SSSSSSSSwwwwww FR:wwwwwwwwSSSSSS BL:wwwwwwwwSSSSSS BR:SSSSSSSSwwwwww
[mpc t=18.36 OK   iters=12 status=0]wall=0.231s N=15 | FL:SSSSSSSwwwwwww FR:wwwwwwwSSSSSSS BL:wwwwwwwSSSSSSS BR:SSSSSSSwwwwwww
[mpc t=18.38 OK   iters=8 status=0]wall=0.162s N=15 | FL:SSSSSSSwwwwwww FR:wwwwwwwSSSSSSS BL:wwwwwwwSSSSSSS BR:SSSSSSSwwwwwww
[mpc t=18.40 OK   iters=12 status=0]wall=0.224s N=15 | FL:SSSSSSwwwwwwww FR:wwwwwwSSSSSSSS BL:wwwwwwSSSSSSSS BR:SSSSSSwwwwwwww
[mpc t=18.42 OK   iters=8 status=0]wall=0.150s N=15 | FL:SSSSSSwwwwwwww FR:wwwwwwSSSSSSSS BL:wwwwwwSSSSSSSS BR:SSSSSSwwwwwwww
[mpc t=18.44 OK   iters=9 status=0]wall=0.176s N=15 | FL:SSSSSwwwwwwwww FR:wwwwwSSSSSSSSS BL:wwwwwSSSSSSSSS BR:SSSSSwwwwwwwww
[mpc t=18.46 OK   iters=8 status=0]wall=0.157s N=15 | FL:SSSSSwwwwwwwww FR:wwwwwSSSSSSSSS BL:wwwwwSSSSSSSSS BR:SSSSSwwwwwwwww
[mpc t=18.48 OK   iters=9 status=0]wall=0.185s N=15 | FL:SSSSwwwwwwwwww FR:wwwwSSSSSSSSSS BL:wwwwSSSSSSSSSS BR:SSSSwwwwwwwwww
[mpc t=18.50 OK   iters=8 status=0]wall=0.182s N=15 | FL:SSSSwwwwwwwwww FR:wwwwSSSSSSSSSS BL:wwwwSSSSSSSSSS BR:SSSSwwwwwwwwww

=== MPC/FOSMC DEBUG ===
MPC solves so far: 925 | time since last solve: 0.00s | last exception: None
GaitLogic state: WALK | walking=True turning=False jump_state=''
cmd['q_des'] (raw gait target, NOT what the MPC tracks anymore): [ 0.     0.594 -1.012 -0.     0.69  -1.481  0.     0.671 -1.446  0.
  0.566 -0.963]
cmd['is_stance']              : [True, False, False, True]
q_act        : [-1.000e-03  6.470e-01 -9.420e-01 -1.400e-02  5.450e-01 -1.655e+00
  4.000e-03  4.590e-01 -1.424e+00  8.000e-03  5.650e-01 -1.005e+00]
q_des (mpc)  : [-1.000e-03  6.470e-01 -9.420e-01 -1.400e-02  5.450e-01 -1.655e+00
  4.000e-03  4.590e-01 -1.424e+00  8.000e-03  5.650e-01 -1.005e+00]   <- converges to NOMINAL_STANCE [ 0.   0.6 -1.1  0.   0.6 -1.1  0.   0.6 -1.1  0.   0.6 -1.1], not cmd['q_des']
q plan end   : [-0.005  0.41  -1.312 -0.005  0.681 -1.384  0.006  0.738 -1.061 -0.028
  0.527 -1.304]   <- where the MPC sends the joints by node n
base v_y actual: -1.0022   base v_y commanded: -1.0000
tau0 (mpc ff): [-49.9  -15.01  26.36 -11.12   3.91  24.54  10.5   14.84  19.43  50.31
  -4.88  39.48]
pd (fosmc fb): [-0.02 -0.07  0.25 -0.08  2.05  2.18 -0.05  0.55  2.2  -0.03 -0.21  0.45]
applied ctrl : [-49.9  -15.01  26.36 -11.12   3.91  24.54  10.5   14.84  19.43  50.31
  -4.88  39.48]
base pos     : [  0.2898 -19.5295   2.5308]  base quat: [1.     0.0024 0.0024 0.0036]
pitch (deg, + = nose down): 0.28 | foot y rel hip (+ = behind) FL FR BL BR: [ 0.34 -0.69 -0.68  0.05]
swing-phase floor contact (2 ms steps since last print) FL FR BL BR: [0 9 0 0]
=======================

[mpc t=18.52 OK   iters=9 status=0]wall=0.173s N=15 | FL:SSSwwwwwwwwwww FR:wwwSSSSSSSSSSS BL:wwwSSSSSSSSSSS BR:SSSwwwwwwwwwww
[mpc t=18.54 OK   iters=8 status=0]wall=0.179s N=15 | FL:SSSwwwwwwwwwww FR:wwwSSSSSSSSSSS BL:wwwSSSSSSSSSSS BR:SSSwwwwwwwwwww
[mpc t=18.56 OK   iters=9 status=0]wall=0.177s N=15 | FL:SSwwwwwwwwwwww FR:wwSSSSSSSSSSSS BL:wwSSSSSSSSSSSS BR:SSwwwwwwwwwwww
[mpc t=18.58 OK   iters=8 status=0]wall=0.161s N=15 | FL:SSwwwwwwwwwwww FR:wwSSSSSSSSSSSS BL:wwSSSSSSSSSSSS BR:SSwwwwwwwwwwww
[mpc t=18.60 OK   iters=10 status=0]wall=0.206s N=15 | FL:Swwwwwwwwwwwww FR:wSSSSSSSSSSSSS BL:wSSSSSSSSSSSSS BR:Swwwwwwwwwwwww
[mpc t=18.62 OK   iters=9 status=0]wall=0.177s N=15 | FL:SwwwwwwwwwwwwS FR:wSSSSSSSSSSSSw BL:wSSSSSSSSSSSSw BR:SwwwwwwwwwwwwS
[mpc t=18.64 OK   iters=8 status=0]wall=0.166s N=15 | FL:wwwwwwwwwwwwwS FR:SSSSSSSSSSSSSw BL:SSSSSSSSSSSSSw BR:wwwwwwwwwwwwwS
[mpc t=18.66 OK   iters=10 status=0]wall=0.186s N=15 | FL:wwwwwwwwwwwwSS FR:SSSSSSSSSSSSww BL:SSSSSSSSSSSSww BR:wwwwwwwwwwwwSS
[mpc t=18.68 OK   iters=18 status=0]wall=0.349s N=15 | FL:wwwwwwwwwwwwSS FR:SSSSSSSSSSSSww BL:SSSSSSSSSSSSww BR:wwwwwwwwwwwwSS
[mpc t=18.70 OK   iters=12 status=0]wall=0.229s N=15 | FL:wwwwwwwwwwwSSS FR:SSSSSSSSSSSwww BL:SSSSSSSSSSSwww BR:wwwwwwwwwwwSSS
[mpc t=18.72 OK   iters=11 status=0]wall=0.200s N=15 | FL:wwwwwwwwwwwSSS FR:SSSSSSSSSSSwww BL:SSSSSSSSSSSwww BR:wwwwwwwwwwwSSS
[mpc t=18.74 OK   iters=11 status=0]wall=0.205s N=15 | FL:wwwwwwwwwwSSSS FR:SSSSSSSSSSwwww BL:SSSSSSSSSSwwww BR:wwwwwwwwwwSSSS
[mpc t=18.76 OK   iters=14 status=0]wall=0.258s N=15 | FL:wwwwwwwwwwSSSS FR:SSSSSSSSSSwwww BL:SSSSSSSSSSwwww BR:wwwwwwwwwwSSSS
[mpc t=18.78 OK   iters=18 status=0]wall=0.337s N=15 | FL:wwwwwwwwwSSSSS FR:SSSSSSSSSwwwww BL:SSSSSSSSSwwwww BR:wwwwwwwwwSSSSS
[mpc t=18.80 OK   iters=13 status=0]wall=0.227s N=15 | FL:wwwwwwwwwSSSSS FR:SSSSSSSSSwwwww BL:SSSSSSSSSwwwww BR:wwwwwwwwwSSSSS
[mpc t=18.82 OK   iters=13 status=0]wall=0.230s N=15 | FL:wwwwwwwwSSSSSS FR:SSSSSSSSwwwwww BL:SSSSSSSSwwwwww BR:wwwwwwwwSSSSSS
[mpc t=18.84 OK   iters=11 status=0]wall=0.199s N=15 | FL:wwwwwwwwSSSSSS FR:SSSSSSSSwwwwww BL:SSSSSSSSwwwwww BR:wwwwwwwwSSSSSS
[mpc t=18.86 OK   iters=15 status=0]wall=0.261s N=15 | FL:wwwwwwwSSSSSSS FR:SSSSSSSwwwwwww BL:SSSSSSSwwwwwww BR:wwwwwwwSSSSSSS
[mpc t=18.88 OK   iters=10 status=0]wall=0.180s N=15 | FL:wwwwwwwSSSSSSS FR:SSSSSSSwwwwwww BL:SSSSSSSwwwwwww BR:wwwwwwwSSSSSSS
[mpc t=18.90 OK   iters=12 status=0]wall=0.245s N=15 | FL:wwwwwwSSSSSSSS FR:SSSSSSwwwwwwww BL:SSSSSSwwwwwwww BR:wwwwwwSSSSSSSS
[mpc t=18.92 OK   iters=12 status=0]wall=0.232s N=15 | FL:wwwwwwSSSSSSSS FR:SSSSSSwwwwwwww BL:SSSSSSwwwwwwww BR:wwwwwwSSSSSSSS
[mpc t=18.94 OK   iters=18 status=0]wall=0.376s N=15 | FL:wwwwwSSSSSSSSS FR:SSSSSwwwwwwwww BL:SSSSSwwwwwwwww BR:wwwwwSSSSSSSSS
[mpc t=18.96 OK   iters=10 status=0]wall=0.184s N=15 | FL:wwwwwSSSSSSSSS FR:SSSSSwwwwwwwww BL:SSSSSwwwwwwwww BR:wwwwwSSSSSSSSS
[mpc t=18.98 OK   iters=11 status=0]wall=0.197s N=15 | FL:wwwwSSSSSSSSSS FR:SSSSwwwwwwwwww BL:SSSSwwwwwwwwww BR:wwwwSSSSSSSSSS
[mpc t=19.00 OK   iters=9 status=0]wall=0.165s N=15 | FL:wwwwSSSSSSSSSS FR:SSSSwwwwwwwwww BL:SSSSwwwwwwwwww BR:wwwwSSSSSSSSSS

=== MPC/FOSMC DEBUG ===
MPC solves so far: 950 | time since last solve: 0.00s | last exception: None
GaitLogic state: WALK | walking=True turning=False jump_state=''
cmd['q_des'] (raw gait target, NOT what the MPC tracks anymore): [ 0.     0.69  -1.481 -0.     0.594 -1.012 -0.     0.566 -0.963 -0.
  0.671 -1.446]
cmd['is_stance']              : [False, True, True, False]
q_act        : [ 0.004  0.645 -1.564  0.012  0.605 -0.986 -0.008  0.692 -0.84  -0.01
  0.49  -1.457]
q_des (mpc)  : [ 0.004  0.645 -1.564  0.012  0.605 -0.986 -0.008  0.692 -0.84  -0.01
  0.49  -1.457]   <- converges to NOMINAL_STANCE [ 0.   0.6 -1.1  0.   0.6 -1.1  0.   0.6 -1.1  0.   0.6 -1.1], not cmd['q_des']
q plan end   : [ 0.01   0.794 -1.157 -0.005  0.428 -1.324  0.022  0.461 -1.351  0.002
  0.68  -1.109]   <- where the MPC sends the joints by node n
base v_y actual: -1.1661   base v_y commanded: -1.0000
tau0 (mpc ff): [  6.98  13.75  29.35  56.64   3.33  33.93 -45.88 -45.2   15.4   -7.99
   5.25  21.34]
pd (fosmc fb): [-2.08  2.34  2.06  0.03 -0.41  0.52 -0.02 -0.45  0.04 -0.21 -0.65  2.21]
applied ctrl : [  6.98  13.75  29.35  56.64   3.33  33.93 -45.88 -45.2   15.4   -7.99
   5.25  21.34]
base pos     : [  0.315  -20.0685   2.5362]  base quat: [0.9999 0.0069 0.0032 0.0076]
pitch (deg, + = nose down): 0.79 | foot y rel hip (+ = behind) FL FR BL BR: [-0.43  0.17  0.6  -0.64]
swing-phase floor contact (2 ms steps since last print) FL FR BL BR: [8 0 0 0]
=======================

[mpc t=19.02 OK   iters=9 status=0]wall=0.165s N=15 | FL:wwwSSSSSSSSSSS FR:SSSwwwwwwwwwww BL:SSSwwwwwwwwwww BR:wwwSSSSSSSSSSS
[mpc t=19.04 OK   iters=8 status=0]wall=0.152s N=15 | FL:wwwSSSSSSSSSSS FR:SSSwwwwwwwwwww BL:SSSwwwwwwwwwww BR:wwwSSSSSSSSSSS
[mpc t=19.06 OK   iters=9 status=0]wall=0.173s N=15 | FL:wwSSSSSSSSSSSS FR:SSwwwwwwwwwwww BL:SSwwwwwwwwwwww BR:wwSSSSSSSSSSSS
[mpc t=19.08 OK   iters=8 status=0]wall=0.158s N=15 | FL:wwSSSSSSSSSSSS FR:SSwwwwwwwwwwww BL:SSwwwwwwwwwwww BR:wwSSSSSSSSSSSS
[mpc t=19.10 OK   iters=9 status=0]wall=0.167s N=15 | FL:wSSSSSSSSSSSSS FR:Swwwwwwwwwwwww BL:Swwwwwwwwwwwww BR:wSSSSSSSSSSSSS
[mpc t=19.12 OK   iters=9 status=0]wall=0.170s N=15 | FL:wSSSSSSSSSSSSw FR:SwwwwwwwwwwwwS BL:SwwwwwwwwwwwwS BR:wSSSSSSSSSSSSw
[mpc t=19.14 OK   iters=9 status=0]wall=0.166s N=15 | FL:SSSSSSSSSSSSSw FR:wwwwwwwwwwwwwS BL:wwwwwwwwwwwwwS BR:SSSSSSSSSSSSSw
[mpc t=19.16 OK   iters=12 status=0]wall=0.213s N=15 | FL:SSSSSSSSSSSSww FR:wwwwwwwwwwwwSS BL:wwwwwwwwwwwwSS BR:SSSSSSSSSSSSww
[mpc t=19.18 OK   iters=27 status=0]wall=0.532s N=15 | FL:SSSSSSSSSSSSww FR:wwwwwwwwwwwwSS BL:wwwwwwwwwwwwSS BR:SSSSSSSSSSSSww
[mpc t=19.20 OK   iters=14 status=0]wall=0.253s N=15 | FL:SSSSSSSSSSSwww FR:wwwwwwwwwwwSSS BL:wwwwwwwwwwwSSS BR:SSSSSSSSSSSwww
[mpc t=19.22 OK   iters=10 status=0]wall=0.178s N=15 | FL:SSSSSSSSSSSwww FR:wwwwwwwwwwwSSS BL:wwwwwwwwwwwSSS BR:SSSSSSSSSSSwww
[mpc t=19.24 OK   iters=11 status=0]wall=0.199s N=15 | FL:SSSSSSSSSSwwww FR:wwwwwwwwwwSSSS BL:wwwwwwwwwwSSSS BR:SSSSSSSSSSwwww
[mpc t=19.26 OK   iters=11 status=0]wall=0.199s N=15 | FL:SSSSSSSSSSwwww FR:wwwwwwwwwwSSSS BL:wwwwwwwwwwSSSS BR:SSSSSSSSSSwwww
[mpc t=19.28 OK   iters=12 status=0]wall=0.216s N=15 | FL:SSSSSSSSSwwwww FR:wwwwwwwwwSSSSS BL:wwwwwwwwwSSSSS BR:SSSSSSSSSwwwww
[mpc t=19.30 OK   iters=9 status=0]wall=0.170s N=15 | FL:SSSSSSSSSwwwww FR:wwwwwwwwwSSSSS BL:wwwwwwwwwSSSSS BR:SSSSSSSSSwwwww
[mpc t=19.32 OK   iters=13 status=0]wall=0.228s N=15 | FL:SSSSSSSSwwwwww FR:wwwwwwwwSSSSSS BL:wwwwwwwwSSSSSS BR:SSSSSSSSwwwwww
[mpc t=19.34 OK   iters=9 status=0]wall=0.163s N=15 | FL:SSSSSSSSwwwwww FR:wwwwwwwwSSSSSS BL:wwwwwwwwSSSSSS BR:SSSSSSSSwwwwww
[mpc t=19.36 OK   iters=14 status=0]wall=0.246s N=15 | FL:SSSSSSSwwwwwww FR:wwwwwwwSSSSSSS BL:wwwwwwwSSSSSSS BR:SSSSSSSwwwwwww
[mpc t=19.38 OK   iters=12 status=0]wall=0.218s N=15 | FL:SSSSSSSwwwwwww FR:wwwwwwwSSSSSSS BL:wwwwwwwSSSSSSS BR:SSSSSSSwwwwwww
[mpc t=19.40 OK   iters=11 status=0]wall=0.199s N=15 | FL:SSSSSSwwwwwwww FR:wwwwwwSSSSSSSS BL:wwwwwwSSSSSSSS BR:SSSSSSwwwwwwww
[mpc t=19.42 OK   iters=8 status=0]wall=0.145s N=15 | FL:SSSSSSwwwwwwww FR:wwwwwwSSSSSSSS BL:wwwwwwSSSSSSSS BR:SSSSSSwwwwwwww
[mpc t=19.44 OK   iters=13 status=0]wall=0.227s N=15 | FL:SSSSSwwwwwwwww FR:wwwwwSSSSSSSSS BL:wwwwwSSSSSSSSS BR:SSSSSwwwwwwwww
[mpc t=19.46 OK   iters=9 status=0]wall=0.170s N=15 | FL:SSSSSwwwwwwwww FR:wwwwwSSSSSSSSS BL:wwwwwSSSSSSSSS BR:SSSSSwwwwwwwww
[mpc t=19.48 OK   iters=21 status=0]wall=0.397s N=15 | FL:SSSSwwwwwwwwww FR:wwwwSSSSSSSSSS BL:wwwwSSSSSSSSSS BR:SSSSwwwwwwwwww
[mpc t=19.50 OK   iters=9 status=0]wall=0.163s N=15 | FL:SSSSwwwwwwwwww FR:wwwwSSSSSSSSSS BL:wwwwSSSSSSSSSS BR:SSSSwwwwwwwwww

=== MPC/FOSMC DEBUG ===
MPC solves so far: 975 | time since last solve: 0.00s | last exception: None
GaitLogic state: WALK | walking=True turning=False jump_state=''
cmd['q_des'] (raw gait target, NOT what the MPC tracks anymore): [ 0.     0.594 -1.012 -0.     0.69  -1.481  0.     0.671 -1.446  0.
  0.566 -0.963]
cmd['is_stance']              : [True, False, False, True]
q_act        : [-0.033  0.722 -0.897 -0.032  0.516 -1.445  0.016  0.567 -1.691 -0.011
  0.606 -0.905]
q_des (mpc)  : [-0.033  0.722 -0.897 -0.032  0.516 -1.445  0.016  0.567 -1.691 -0.011
  0.606 -0.905]   <- converges to NOMINAL_STANCE [ 0.   0.6 -1.1  0.   0.6 -1.1  0.   0.6 -1.1  0.   0.6 -1.1], not cmd['q_des']
q plan end   : [-3.000e-03  3.670e-01 -1.345e+00 -1.500e-02  8.250e-01 -1.077e+00
 -1.000e-03  6.050e-01 -1.384e+00 -2.800e-02  5.130e-01 -1.323e+00]   <- where the MPC sends the joints by node n
base v_y actual: -1.2367   base v_y commanded: -1.0000
tau0 (mpc ff): [-59.18 -39.84  12.55 -10.76  67.51  21.79  14.15  -7.62  26.98  55.43
 -40.22  22.9 ]
pd (fosmc fb): [-0.13 -0.6   0.66  2.1   2.5  -2.08 -0.08 -0.25  2.22 -0.34 -0.01  0.12]
applied ctrl : [-59.18 -39.84  12.55 -10.76  67.51  21.79  14.15  -7.62  26.98  55.43
 -40.22  22.9 ]
base pos     : [  0.3066 -20.6629   2.535 ]  base quat: [ 0.9999  0.0088 -0.0071  0.0052]
pitch (deg, + = nose down): 1.01 | foot y rel hip (+ = behind) FL FR BL BR: [ 0.59 -0.58 -0.67  0.29]
swing-phase floor contact (2 ms steps since last print) FL FR BL BR: [0 0 9 0]
=======================

[mpc t=19.52 OK   iters=12 status=0]wall=0.213s N=15 | FL:SSSwwwwwwwwwww FR:wwwSSSSSSSSSSS BL:wwwSSSSSSSSSSS BR:SSSwwwwwwwwwww
[mpc t=19.54 OK   iters=9 status=0]wall=0.163s N=15 | FL:SSSwwwwwwwwwww FR:wwwSSSSSSSSSSS BL:wwwSSSSSSSSSSS BR:SSSwwwwwwwwwww
[mpc t=19.56 OK   iters=10 status=0]wall=0.184s N=15 | FL:SSwwwwwwwwwwww FR:wwSSSSSSSSSSSS BL:wwSSSSSSSSSSSS BR:SSwwwwwwwwwwww
[mpc t=19.58 OK   iters=9 status=0]wall=0.165s N=15 | FL:SSwwwwwwwwwwww FR:wwSSSSSSSSSSSS BL:wwSSSSSSSSSSSS BR:SSwwwwwwwwwwww
[mpc t=19.60 OK   iters=10 status=0]wall=0.185s N=15 | FL:Swwwwwwwwwwwww FR:wSSSSSSSSSSSSS BL:wSSSSSSSSSSSSS BR:Swwwwwwwwwwwww
[mpc t=19.62 OK   iters=9 status=0]wall=0.162s N=15 | FL:SwwwwwwwwwwwwS FR:wSSSSSSSSSSSSw BL:wSSSSSSSSSSSSw BR:SwwwwwwwwwwwwS
[mpc t=19.64 OK   iters=9 status=0]wall=0.166s N=15 | FL:SwwwwwwwwwwwwS FR:wSSSSSSSSSSSSw BL:wSSSSSSSSSSSSw BR:SwwwwwwwwwwwwS
[mpc t=19.66 OK   iters=11 status=0]wall=0.193s N=15 | FL:wwwwwwwwwwwwwS FR:SSSSSSSSSSSSSw BL:SSSSSSSSSSSSSw BR:wwwwwwwwwwwwwS
[mpc t=19.68 OK   iters=11 status=0]wall=0.200s N=15 | FL:wwwwwwwwwwwwSS FR:SSSSSSSSSSSSww BL:SSSSSSSSSSSSww BR:wwwwwwwwwwwwSS
[mpc t=19.70 OK   iters=10 status=0]wall=0.184s N=15 | FL:wwwwwwwwwwwwSS FR:SSSSSSSSSSSSww BL:SSSSSSSSSSSSww BR:wwwwwwwwwwwwSS
[mpc t=19.72 OK   iters=10 status=0]wall=0.181s N=15 | FL:wwwwwwwwwwwSSS FR:SSSSSSSSSSSwww BL:SSSSSSSSSSSwww BR:wwwwwwwwwwwSSS
[mpc t=19.74 OK   iters=9 status=0]wall=0.168s N=15 | FL:wwwwwwwwwwwSSS FR:SSSSSSSSSSSwww BL:SSSSSSSSSSSwww BR:wwwwwwwwwwwSSS
[mpc t=19.76 OK   iters=9 status=0]wall=0.171s N=15 | FL:wwwwwwwwwwSSSS FR:SSSSSSSSSSwwww BL:SSSSSSSSSSwwww BR:wwwwwwwwwwSSSS
[mpc t=19.78 OK   iters=9 status=0]wall=0.162s N=15 | FL:wwwwwwwwwwSSSS FR:SSSSSSSSSSwwww BL:SSSSSSSSSSwwww BR:wwwwwwwwwwSSSS
[mpc t=19.80 OK   iters=9 status=0]wall=0.168s N=15 | FL:wwwwwwwwwSSSSS FR:SSSSSSSSSwwwww BL:SSSSSSSSSwwwww BR:wwwwwwwwwSSSSS
[mpc t=19.82 OK   iters=8 status=0]wall=0.149s N=15 | FL:wwwwwwwwwSSSSS FR:SSSSSSSSSwwwww BL:SSSSSSSSSwwwww BR:wwwwwwwwwSSSSS
[mpc t=19.84 OK   iters=9 status=0]wall=0.170s N=15 | FL:wwwwwwwwSSSSSS FR:SSSSSSSSwwwwww BL:SSSSSSSSwwwwww BR:wwwwwwwwSSSSSS
[mpc t=19.86 OK   iters=8 status=0]wall=0.147s N=15 | FL:wwwwwwwwSSSSSS FR:SSSSSSSSwwwwww BL:SSSSSSSSwwwwww BR:wwwwwwwwSSSSSS
[mpc t=19.88 OK   iters=9 status=0]wall=0.165s N=15 | FL:wwwwwwwSSSSSSS FR:SSSSSSSwwwwwww BL:SSSSSSSwwwwwww BR:wwwwwwwSSSSSSS
[mpc t=19.90 OK   iters=8 status=0]wall=0.162s N=15 | FL:wwwwwwwSSSSSSS FR:SSSSSSSwwwwwww BL:SSSSSSSwwwwwww BR:wwwwwwwSSSSSSS
[mpc t=19.92 OK   iters=9 status=0]wall=0.167s N=15 | FL:wwwwwwSSSSSSSS FR:SSSSSSwwwwwwww BL:SSSSSSwwwwwwww BR:wwwwwwSSSSSSSS
[mpc t=19.94 OK   iters=8 status=0]wall=0.148s N=15 | FL:wwwwwwSSSSSSSS FR:SSSSSSwwwwwwww BL:SSSSSSwwwwwwww BR:wwwwwwSSSSSSSS
[mpc t=19.96 OK   iters=9 status=0]wall=0.179s N=15 | FL:wwwwwSSSSSSSSS FR:SSSSSwwwwwwwww BL:SSSSSwwwwwwwww BR:wwwwwSSSSSSSSS
[mpc t=19.98 OK   iters=8 status=0]wall=0.149s N=15 | FL:wwwwwSSSSSSSSS FR:SSSSSwwwwwwwww BL:SSSSSwwwwwwwww BR:wwwwwSSSSSSSSS
[mpc t=20.00 OK   iters=9 status=0]wall=0.167s N=15 | FL:wwwwSSSSSSSSSS FR:SSSSwwwwwwwwww BL:SSSSwwwwwwwwww BR:wwwwSSSSSSSSSS

=== MPC/FOSMC DEBUG ===
MPC solves so far: 1000 | time since last solve: 0.00s | last exception: None
GaitLogic state: WALK | walking=True turning=False jump_state=''
cmd['q_des'] (raw gait target, NOT what the MPC tracks anymore): [ 0.     0.69  -1.481 -0.     0.594 -1.012 -0.     0.566 -0.963 -0.
  0.671 -1.446]
cmd['is_stance']              : [False, True, True, False]
q_act        : [ 0.016  0.675 -1.677 -0.002  0.633 -0.939 -0.015  0.51  -1.068 -0.007
  0.475 -1.555]
q_des (mpc)  : [ 0.016  0.675 -1.677 -0.002  0.633 -0.939 -0.015  0.51  -1.068 -0.007
  0.475 -1.555]   <- converges to NOMINAL_STANCE [ 0.   0.6 -1.1  0.   0.6 -1.1  0.   0.6 -1.1  0.   0.6 -1.1], not cmd['q_des']
q plan end   : [ 0.003  0.713 -1.36   0.01   0.397 -1.299  0.031  0.543 -1.299 -0.014
  0.725 -1.242]   <- where the MPC sends the joints by node n
base v_y actual: -0.9968   base v_y commanded: -1.0000
tau0 (mpc ff): [ 14.06   1.59  27.25  48.92 -30.04  20.14 -49.96  -0.85  44.24 -14.62
  18.19  23.28]
pd (fosmc fb): [-0.16  2.06  2.22  0.03 -0.31  0.45 -0.01 -0.23  0.27 -0.24  2.07  2.17]
applied ctrl : [ 14.06   1.59  27.25  48.92 -30.04  20.14 -49.96  -0.85  44.24 -14.62
  18.19  23.28]
base pos     : [  0.2281 -21.2345   2.5161]  base quat: [ 1.      0.005  -0.0045  0.0043]
pitch (deg, + = nose down): 0.57 | foot y rel hip (+ = behind) FL FR BL BR: [-0.47  0.31 -0.17 -0.75]
swing-phase floor contact (2 ms steps since last print) FL FR BL BR: [6 0 0 7]
=======================

[mpc t=20.02 OK   iters=8 status=0]wall=0.154s N=15 | FL:wwwwSSSSSSSSSS FR:SSSSwwwwwwwwww BL:SSSSwwwwwwwwww BR:wwwwSSSSSSSSSS
[mpc t=20.04 OK   iters=10 status=0]wall=0.188s N=15 | FL:wwwSSSSSSSSSSS FR:SSSwwwwwwwwwww BL:SSSwwwwwwwwwww BR:wwwSSSSSSSSSSS
[mpc t=20.06 OK   iters=8 status=0]wall=0.151s N=15 | FL:wwwSSSSSSSSSSS FR:SSSwwwwwwwwwww BL:SSSwwwwwwwwwww BR:wwwSSSSSSSSSSS
[mpc t=20.08 OK   iters=10 status=0]wall=0.189s N=15 | FL:wwSSSSSSSSSSSS FR:SSwwwwwwwwwwww BL:SSwwwwwwwwwwww BR:wwSSSSSSSSSSSS
[mpc t=20.10 OK   iters=8 status=0]wall=0.154s N=15 | FL:wwSSSSSSSSSSSS FR:SSwwwwwwwwwwww BL:SSwwwwwwwwwwww BR:wwSSSSSSSSSSSS
[mpc t=20.12 OK   iters=9 status=0]wall=0.176s N=15 | FL:wSSSSSSSSSSSSS FR:Swwwwwwwwwwwww BL:Swwwwwwwwwwwww BR:wSSSSSSSSSSSSS
[mpc t=20.14 OK   iters=9 status=0]wall=0.173s N=15 | FL:wSSSSSSSSSSSSw FR:SwwwwwwwwwwwwS BL:SwwwwwwwwwwwwS BR:wSSSSSSSSSSSSw
[mpc t=20.16 OK   iters=9 status=0]wall=0.195s N=15 | FL:SSSSSSSSSSSSSw FR:wwwwwwwwwwwwwS BL:wwwwwwwwwwwwwS BR:SSSSSSSSSSSSSw
[mpc t=20.18 OK   iters=10 status=0]wall=0.188s N=15 | FL:SSSSSSSSSSSSww FR:wwwwwwwwwwwwSS BL:wwwwwwwwwwwwSS BR:SSSSSSSSSSSSww
[mpc t=20.20 OK   iters=18 status=0]wall=0.353s N=15 | FL:SSSSSSSSSSSSww FR:wwwwwwwwwwwwSS BL:wwwwwwwwwwwwSS BR:SSSSSSSSSSSSww
[mpc t=20.22 OK   iters=10 status=0]wall=0.182s N=15 | FL:SSSSSSSSSSSwww FR:wwwwwwwwwwwSSS BL:wwwwwwwwwwwSSS BR:SSSSSSSSSSSwww
[mpc t=20.24 OK   iters=12 status=0]wall=0.213s N=15 | FL:SSSSSSSSSSSwww FR:wwwwwwwwwwwSSS BL:wwwwwwwwwwwSSS BR:SSSSSSSSSSSwww
[mpc t=20.26 OK   iters=15 status=0]wall=0.260s N=15 | FL:SSSSSSSSSSwwww FR:wwwwwwwwwwSSSS BL:wwwwwwwwwwSSSS BR:SSSSSSSSSSwwww
[mpc t=20.28 OK   iters=10 status=0]wall=0.177s N=15 | FL:SSSSSSSSSSwwww FR:wwwwwwwwwwSSSS BL:wwwwwwwwwwSSSS BR:SSSSSSSSSSwwww
[mpc t=20.30 OK   iters=11 status=0]wall=0.197s N=15 | FL:SSSSSSSSSwwwww FR:wwwwwwwwwSSSSS BL:wwwwwwwwwSSSSS BR:SSSSSSSSSwwwww
[mpc t=20.32 OK   iters=13 status=0]wall=0.229s N=15 | FL:SSSSSSSSSwwwww FR:wwwwwwwwwSSSSS BL:wwwwwwwwwSSSSS BR:SSSSSSSSSwwwww
[mpc t=20.34 OK   iters=13 status=0]wall=0.233s N=15 | FL:SSSSSSSSwwwwww FR:wwwwwwwwSSSSSS BL:wwwwwwwwSSSSSS BR:SSSSSSSSwwwwww
[mpc t=20.36 OK   iters=13 status=0]wall=0.227s N=15 | FL:SSSSSSSSwwwwww FR:wwwwwwwwSSSSSS BL:wwwwwwwwSSSSSS BR:SSSSSSSSwwwwww
[mpc t=20.38 OK   iters=13 status=0]wall=0.227s N=15 | FL:SSSSSSSwwwwwww FR:wwwwwwwSSSSSSS BL:wwwwwwwSSSSSSS BR:SSSSSSSwwwwwww
[mpc t=20.40 OK   iters=10 status=0]wall=0.182s N=15 | FL:SSSSSSSwwwwwww FR:wwwwwwwSSSSSSS BL:wwwwwwwSSSSSSS BR:SSSSSSSwwwwwww
[mpc t=20.42 OK   iters=12 status=0]wall=0.216s N=15 | FL:SSSSSSwwwwwwww FR:wwwwwwSSSSSSSS BL:wwwwwwSSSSSSSS BR:SSSSSSwwwwwwww
[mpc t=20.44 OK   iters=11 status=0]wall=0.194s N=15 | FL:SSSSSSwwwwwwww FR:wwwwwwSSSSSSSS BL:wwwwwwSSSSSSSS BR:SSSSSSwwwwwwww
[mpc t=20.46 OK   iters=12 status=0]wall=0.211s N=15 | FL:SSSSSwwwwwwwww FR:wwwwwSSSSSSSSS BL:wwwwwSSSSSSSSS BR:SSSSSwwwwwwwww
[mpc t=20.48 OK   iters=15 status=0]wall=0.271s N=15 | FL:SSSSSwwwwwwwww FR:wwwwwSSSSSSSSS BL:wwwwwSSSSSSSSS BR:SSSSSwwwwwwwww
[mpc t=20.50 OK   iters=9 status=0]wall=0.171s N=15 | FL:SSSSwwwwwwwwww FR:wwwwSSSSSSSSSS BL:wwwwSSSSSSSSSS BR:SSSSwwwwwwwwww

=== MPC/FOSMC DEBUG ===
MPC solves so far: 1025 | time since last solve: 0.00s | last exception: None
GaitLogic state: WALK | walking=True turning=False jump_state=''
cmd['q_des'] (raw gait target, NOT what the MPC tracks anymore): [ 0.     0.594 -1.012 -0.     0.69  -1.481  0.     0.671 -1.446  0.
  0.566 -0.963]
cmd['is_stance']              : [True, False, False, True]
q_act        : [-0.014  0.632 -1.    -0.017  0.507 -1.48   0.005  0.504 -1.434  0.019
  0.65  -0.921]
q_des (mpc)  : [-0.014  0.632 -1.    -0.017  0.507 -1.48   0.005  0.504 -1.434  0.019
  0.65  -0.921]   <- converges to NOMINAL_STANCE [ 0.   0.6 -1.1  0.   0.6 -1.1  0.   0.6 -1.1  0.   0.6 -1.1], not cmd['q_des']
q plan end   : [ 0.006  0.431 -1.327 -0.009  0.756 -1.153 -0.003  0.686 -1.051 -0.02
  0.483 -1.325]   <- where the MPC sends the joints by node n
base v_y actual: -1.1344   base v_y commanded: -1.0000
tau0 (mpc ff): [-44.28   4.77  35.99  -9.49  11.08  20.97   5.56   1.92  20.96  46.48
 -16.08  30.78]
pd (fosmc fb): [ 0.05  0.14  0.07 -0.1  -2.06  2.24 -0.25 -0.29  2.21  0.1  -0.24  0.49]
applied ctrl : [-44.28   4.77  35.99  -9.49  11.08  20.97   5.56   1.92  20.96  46.48
 -16.08  30.78]
base pos     : [  0.1912 -21.7535   2.5377]  base quat: [ 1.      0.0052 -0.0052  0.0014]
pitch (deg, + = nose down): 0.60 | foot y rel hip (+ = behind) FL FR BL BR: [ 0.22 -0.63 -0.6   0.38]
swing-phase floor contact (2 ms steps since last print) FL FR BL BR: [0 5 0 0]
=======================

[mpc t=20.52 OK   iters=8 status=0]wall=0.155s N=15 | FL:SSSSwwwwwwwwww FR:wwwwSSSSSSSSSS BL:wwwwSSSSSSSSSS BR:SSSSwwwwwwwwww
[mpc t=20.54 OK   iters=9 status=0]wall=0.167s N=15 | FL:SSSwwwwwwwwwww FR:wwwSSSSSSSSSSS BL:wwwSSSSSSSSSSS BR:SSSwwwwwwwwwww
[mpc t=20.56 OK   iters=8 status=0]wall=0.153s N=15 | FL:SSSwwwwwwwwwww FR:wwwSSSSSSSSSSS BL:wwwSSSSSSSSSSS BR:SSSwwwwwwwwwww
[mpc t=20.58 OK   iters=9 status=0]wall=0.168s N=15 | FL:SSwwwwwwwwwwww FR:wwSSSSSSSSSSSS BL:wwSSSSSSSSSSSS BR:SSwwwwwwwwwwww
[mpc t=20.60 OK   iters=8 status=0]wall=0.156s N=15 | FL:SSwwwwwwwwwwww FR:wwSSSSSSSSSSSS BL:wwSSSSSSSSSSSS BR:SSwwwwwwwwwwww
[mpc t=20.62 OK   iters=9 status=0]wall=0.165s N=15 | FL:Swwwwwwwwwwwww FR:wSSSSSSSSSSSSS BL:wSSSSSSSSSSSSS BR:Swwwwwwwwwwwww
[mpc t=20.64 OK   iters=9 status=0]wall=0.183s N=15 | FL:SwwwwwwwwwwwwS FR:wSSSSSSSSSSSSw BL:wSSSSSSSSSSSSw BR:SwwwwwwwwwwwwS
[mpc t=20.66 OK   iters=9 status=0]wall=0.166s N=15 | FL:wwwwwwwwwwwwwS FR:SSSSSSSSSSSSSw BL:SSSSSSSSSSSSSw BR:wwwwwwwwwwwwwS
[mpc t=20.68 OK   iters=14 status=0]wall=0.257s N=15 | FL:wwwwwwwwwwwwSS FR:SSSSSSSSSSSSww BL:SSSSSSSSSSSSww BR:wwwwwwwwwwwwSS
[mpc t=20.70 OK   iters=11 status=0]wall=0.205s N=15 | FL:wwwwwwwwwwwwSS FR:SSSSSSSSSSSSww BL:SSSSSSSSSSSSww BR:wwwwwwwwwwwwSS
[mpc t=20.72 OK   iters=10 status=0]wall=0.230s N=15 | FL:wwwwwwwwwwwSSS FR:SSSSSSSSSSSwww BL:SSSSSSSSSSSwww BR:wwwwwwwwwwwSSS
[mpc t=20.74 OK   iters=19 status=0]wall=0.393s N=15 | FL:wwwwwwwwwwwSSS FR:SSSSSSSSSSSwww BL:SSSSSSSSSSSwww BR:wwwwwwwwwwwSSS
[mpc t=20.76 OK   iters=11 status=0]wall=0.202s N=15 | FL:wwwwwwwwwwSSSS FR:SSSSSSSSSSwwww BL:SSSSSSSSSSwwww BR:wwwwwwwwwwSSSS
[mpc t=20.78 OK   iters=11 status=0]wall=0.205s N=15 | FL:wwwwwwwwwwSSSS FR:SSSSSSSSSSwwww BL:SSSSSSSSSSwwww BR:wwwwwwwwwwSSSS
[mpc t=20.80 OK   iters=12 status=0]wall=0.223s N=15 | FL:wwwwwwwwwSSSSS FR:SSSSSSSSSwwwww BL:SSSSSSSSSwwwww BR:wwwwwwwwwSSSSS
[mpc t=20.82 OK   iters=14 status=0]wall=0.250s N=15 | FL:wwwwwwwwwSSSSS FR:SSSSSSSSSwwwww BL:SSSSSSSSSwwwww BR:wwwwwwwwwSSSSS
[mpc t=20.84 OK   iters=11 status=0]wall=0.199s N=15 | FL:wwwwwwwwSSSSSS FR:SSSSSSSSwwwwww BL:SSSSSSSSwwwwww BR:wwwwwwwwSSSSSS
[mpc t=20.86 OK   iters=9 status=0]wall=0.167s N=15 | FL:wwwwwwwwSSSSSS FR:SSSSSSSSwwwwww BL:SSSSSSSSwwwwww BR:wwwwwwwwSSSSSS
[mpc t=20.88 OK   iters=11 status=0]wall=0.196s N=15 | FL:wwwwwwwSSSSSSS FR:SSSSSSSwwwwwww BL:SSSSSSSwwwwwww BR:wwwwwwwSSSSSSS
[mpc t=20.90 OK   iters=11 status=0]wall=0.213s N=15 | FL:wwwwwwwSSSSSSS FR:SSSSSSSwwwwwww BL:SSSSSSSwwwwwww BR:wwwwwwwSSSSSSS
[mpc t=20.92 OK   iters=9 status=0]wall=0.164s N=15 | FL:wwwwwwSSSSSSSS FR:SSSSSSwwwwwwww BL:SSSSSSwwwwwwww BR:wwwwwwSSSSSSSS
[mpc t=20.94 OK   iters=10 status=0]wall=0.182s N=15 | FL:wwwwwwSSSSSSSS FR:SSSSSSwwwwwwww BL:SSSSSSwwwwwwww BR:wwwwwwSSSSSSSS
[mpc t=20.96 OK   iters=11 status=0]wall=0.203s N=15 | FL:wwwwwSSSSSSSSS FR:SSSSSwwwwwwwww BL:SSSSSwwwwwwwww BR:wwwwwSSSSSSSSS
[mpc t=20.98 OK   iters=9 status=0]wall=0.183s N=15 | FL:wwwwwSSSSSSSSS FR:SSSSSwwwwwwwww BL:SSSSSwwwwwwwww BR:wwwwwSSSSSSSSS
[mpc t=21.00 OK   iters=11 status=0]wall=0.199s N=15 | FL:wwwwSSSSSSSSSS FR:SSSSwwwwwwwwww BL:SSSSwwwwwwwwww BR:wwwwSSSSSSSSSS

=== MPC/FOSMC DEBUG ===
MPC solves so far: 1050 | time since last solve: 0.00s | last exception: None
GaitLogic state: WALK | walking=True turning=False jump_state=''
cmd['q_des'] (raw gait target, NOT what the MPC tracks anymore): [ 0.     0.69  -1.481 -0.     0.594 -1.012 -0.     0.566 -0.963 -0.
  0.671 -1.446]
cmd['is_stance']              : [False, True, True, False]
q_act        : [ 0.02   0.481 -1.442  0.03   0.652 -0.976 -0.003  0.637 -0.924 -0.009
  0.523 -1.57 ]
q_des (mpc)  : [ 0.02   0.481 -1.442  0.03   0.652 -0.976 -0.003  0.637 -0.924 -0.009
  0.523 -1.57 ]   <- converges to NOMINAL_STANCE [ 0.   0.6 -1.1  0.   0.6 -1.1  0.   0.6 -1.1  0.   0.6 -1.1], not cmd['q_des']
q plan end   : [ 9.000e-03  7.810e-01 -1.121e+00 -1.000e-03  4.130e-01 -1.321e+00
  2.400e-02  5.020e-01 -1.321e+00 -3.000e-03  6.680e-01 -1.249e+00]   <- where the MPC sends the joints by node n
base v_y actual: -1.1435   base v_y commanded: -1.0000
tau0 (mpc ff): [ 10.47  64.53  27.83  60.73 -27.24  21.32 -54.1  -53.08  13.93 -15.02
   1.7   23.56]
pd (fosmc fb): [ 0.07 -0.81  2.23  0.08 -0.29  0.44 -0.   -0.2   0.17  0.18  0.89  2.18]
applied ctrl : [ 10.47  64.53  27.83  60.73 -27.24  21.32 -54.1  -53.08  13.93 -15.02
   1.7   23.56]
base pos     : [  0.1782 -22.3167   2.539 ]  base quat: [1.     0.0073 0.0031 0.004 ]
pitch (deg, + = nose down): 0.83 | foot y rel hip (+ = behind) FL FR BL BR: [-0.65  0.3   0.34 -0.67]
swing-phase floor contact (2 ms steps since last print) FL FR BL BR: [0 0 0 7]
=======================

[mpc t=21.02 OK   iters=9 status=0]wall=0.169s N=15 | FL:wwwwSSSSSSSSSS FR:SSSSwwwwwwwwww BL:SSSSwwwwwwwwww BR:wwwwSSSSSSSSSS
[mpc t=21.04 OK   iters=9 status=0]wall=0.186s N=15 | FL:wwwSSSSSSSSSSS FR:SSSwwwwwwwwwww BL:SSSwwwwwwwwwww BR:wwwSSSSSSSSSSS
[mpc t=21.06 OK   iters=8 status=0]wall=0.161s N=15 | FL:wwwSSSSSSSSSSS FR:SSSwwwwwwwwwww BL:SSSwwwwwwwwwww BR:wwwSSSSSSSSSSS
[mpc t=21.08 OK   iters=9 status=0]wall=0.185s N=15 | FL:wwSSSSSSSSSSSS FR:SSwwwwwwwwwwww BL:SSwwwwwwwwwwww BR:wwSSSSSSSSSSSS
[mpc t=21.10 OK   iters=8 status=0]wall=0.164s N=15 | FL:wwSSSSSSSSSSSS FR:SSwwwwwwwwwwww BL:SSwwwwwwwwwwww BR:wwSSSSSSSSSSSS
[mpc t=21.12 OK   iters=9 status=0]wall=0.226s N=15 | FL:wSSSSSSSSSSSSS FR:Swwwwwwwwwwwww BL:Swwwwwwwwwwwww BR:wSSSSSSSSSSSSS
[mpc t=21.14 OK   iters=9 status=0]wall=0.180s N=15 | FL:wSSSSSSSSSSSSw FR:SwwwwwwwwwwwwS BL:SwwwwwwwwwwwwS BR:wSSSSSSSSSSSSw
[mpc t=21.16 OK   iters=9 status=0]wall=0.181s N=15 | FL:SSSSSSSSSSSSSw FR:wwwwwwwwwwwwwS BL:wwwwwwwwwwwwwS BR:SSSSSSSSSSSSSw
[mpc t=21.18 OK   iters=10 status=0]wall=0.243s N=15 | FL:SSSSSSSSSSSSww FR:wwwwwwwwwwwwSS BL:wwwwwwwwwwwwSS BR:SSSSSSSSSSSSww
[mpc t=21.20 OK   iters=17 status=0]wall=0.437s N=15 | FL:SSSSSSSSSSSSww FR:wwwwwwwwwwwwSS BL:wwwwwwwwwwwwSS BR:SSSSSSSSSSSSww
[mpc t=21.22 OK   iters=11 status=0]wall=0.274s N=15 | FL:SSSSSSSSSSSwww FR:wwwwwwwwwwwSSS BL:wwwwwwwwwwwSSS BR:SSSSSSSSSSSwww
[mpc t=21.24 OK   iters=9 status=0]wall=0.228s N=15 | FL:SSSSSSSSSSSwww FR:wwwwwwwwwwwSSS BL:wwwwwwwwwwwSSS BR:SSSSSSSSSSSwww
[mpc t=21.26 OK   iters=14 status=0]wall=0.352s N=15 | FL:SSSSSSSSSSwwww FR:wwwwwwwwwwSSSS BL:wwwwwwwwwwSSSS BR:SSSSSSSSSSwwww
[mpc t=21.28 OK   iters=10 status=0]wall=0.262s N=15 | FL:SSSSSSSSSSwwww FR:wwwwwwwwwwSSSS BL:wwwwwwwwwwSSSS BR:SSSSSSSSSSwwww
[mpc t=21.30 OK   iters=13 status=0]wall=0.311s N=15 | FL:SSSSSSSSSwwwww FR:wwwwwwwwwSSSSS BL:wwwwwwwwwSSSSS BR:SSSSSSSSSwwwww
[mpc t=21.32 OK   iters=10 status=0]wall=0.259s N=15 | FL:SSSSSSSSSwwwww FR:wwwwwwwwwSSSSS BL:wwwwwwwwwSSSSS BR:SSSSSSSSSwwwww
[mpc t=21.34 OK   iters=14 status=0]wall=0.333s N=15 | FL:SSSSSSSSwwwwww FR:wwwwwwwwSSSSSS BL:wwwwwwwwSSSSSS BR:SSSSSSSSwwwwww
[mpc t=21.36 OK   iters=9 status=0]wall=0.226s N=15 | FL:SSSSSSSSwwwwww FR:wwwwwwwwSSSSSS BL:wwwwwwwwSSSSSS BR:SSSSSSSSwwwwww
[mpc t=21.38 OK   iters=13 status=0]wall=0.332s N=15 | FL:SSSSSSSwwwwwww FR:wwwwwwwSSSSSSS BL:wwwwwwwSSSSSSS BR:SSSSSSSwwwwwww
[mpc t=21.40 OK   iters=11 status=0]wall=0.283s N=15 | FL:SSSSSSSwwwwwww FR:wwwwwwwSSSSSSS BL:wwwwwwwSSSSSSS BR:SSSSSSSwwwwwww
[mpc t=21.42 OK   iters=11 status=0]wall=0.271s N=15 | FL:SSSSSSwwwwwwww FR:wwwwwwSSSSSSSS BL:wwwwwwSSSSSSSS BR:SSSSSSwwwwwwww
[mpc t=21.44 OK   iters=8 status=0]wall=0.208s N=15 | FL:SSSSSSwwwwwwww FR:wwwwwwSSSSSSSS BL:wwwwwwSSSSSSSS BR:SSSSSSwwwwwwww
[mpc t=21.46 OK   iters=17 status=0]wall=0.412s N=15 | FL:SSSSSwwwwwwwww FR:wwwwwSSSSSSSSS BL:wwwwwSSSSSSSSS BR:SSSSSwwwwwwwww
[mpc t=21.48 OK   iters=13 status=0]wall=0.322s N=15 | FL:SSSSSwwwwwwwww FR:wwwwwSSSSSSSSS BL:wwwwwSSSSSSSSS BR:SSSSSwwwwwwwww
[mpc t=21.50 OK   iters=10 status=0]wall=0.245s N=15 | FL:SSSSwwwwwwwwww FR:wwwwSSSSSSSSSS BL:wwwwSSSSSSSSSS BR:SSSSwwwwwwwwww

=== MPC/FOSMC DEBUG ===
MPC solves so far: 1075 | time since last solve: 0.00s | last exception: None
GaitLogic state: WALK | walking=True turning=False jump_state=''
cmd['q_des'] (raw gait target, NOT what the MPC tracks anymore): [ 0.     0.594 -1.012 -0.     0.69  -1.481  0.     0.671 -1.446  0.
  0.566 -0.963]
cmd['is_stance']              : [True, False, False, True]
q_act        : [-0.017  0.7   -0.908 -0.018  0.525 -1.484  0.01   0.519 -1.573 -0.005
  0.539 -0.958]
q_des (mpc)  : [-0.017  0.7   -0.908 -0.018  0.525 -1.484  0.01   0.519 -1.573 -0.005
  0.539 -0.958]   <- converges to NOMINAL_STANCE [ 0.   0.6 -1.1  0.   0.6 -1.1  0.   0.6 -1.1  0.   0.6 -1.1], not cmd['q_des']
q plan end   : [-1.000e-03  3.920e-01 -1.335e+00 -1.100e-02  7.750e-01 -1.154e+00
  2.000e-03  6.670e-01 -1.256e+00 -2.500e-02  5.260e-01 -1.300e+00]   <- where the MPC sends the joints by node n
base v_y actual: -1.1286   base v_y commanded: -1.0000
tau0 (mpc ff): [-59.27 -33.59  16.63  -8.6   34.25  25.39  14.16   3.04  23.9   49.45
 -14.26  34.43]
pd (fosmc fb): [-0.08  0.11  0.24 -0.95 -2.41  2.42 -0.63  2.05  2.17  0.01 -0.17  0.47]
applied ctrl : [-59.27 -33.59  16.63  -8.6   34.25  25.39  14.16   3.04  23.9   49.45
 -14.26  34.43]
base pos     : [  0.1926 -22.8835   2.5363]  base quat: [ 1.      0.0062 -0.0049  0.0047]
pitch (deg, + = nose down): 0.71 | foot y rel hip (+ = behind) FL FR BL BR: [ 0.52 -0.59 -0.68  0.05]
swing-phase floor contact (2 ms steps since last print) FL FR BL BR: [0 4 7 0]
=======================

[mpc t=21.52 OK   iters=8 status=0]wall=0.209s N=15 | FL:SSSSwwwwwwwwww FR:wwwwSSSSSSSSSS BL:wwwwSSSSSSSSSS BR:SSSSwwwwwwwwww
[mpc t=21.54 OK   iters=9 status=0]wall=0.219s N=15 | FL:SSSwwwwwwwwwww FR:wwwSSSSSSSSSSS BL:wwwSSSSSSSSSSS BR:SSSwwwwwwwwwww
[mpc t=21.56 OK   iters=8 status=0]wall=0.201s N=15 | FL:SSSwwwwwwwwwww FR:wwwSSSSSSSSSSS BL:wwwSSSSSSSSSSS BR:SSSwwwwwwwwwww
[mpc t=21.58 OK   iters=9 status=0]wall=0.228s N=15 | FL:SSwwwwwwwwwwww FR:wwSSSSSSSSSSSS BL:wwSSSSSSSSSSSS BR:SSwwwwwwwwwwww
[mpc t=21.60 OK   iters=8 status=0]wall=0.211s N=15 | FL:SSwwwwwwwwwwww FR:wwSSSSSSSSSSSS BL:wwSSSSSSSSSSSS BR:SSwwwwwwwwwwww
[mpc t=21.62 OK   iters=9 status=0]wall=0.228s N=15 | FL:Swwwwwwwwwwwww FR:wSSSSSSSSSSSSS BL:wSSSSSSSSSSSSS BR:Swwwwwwwwwwwww
[mpc t=21.64 OK   iters=8 status=0]wall=0.205s N=15 | FL:SwwwwwwwwwwwwS FR:wSSSSSSSSSSSSw BL:wSSSSSSSSSSSSw BR:SwwwwwwwwwwwwS
[mpc t=21.66 OK   iters=9 status=0]wall=0.234s N=15 | FL:wwwwwwwwwwwwwS FR:SSSSSSSSSSSSSw BL:SSSSSSSSSSSSSw BR:wwwwwwwwwwwwwS
[mpc t=21.68 OK   iters=10 status=0]wall=0.246s N=15 | FL:wwwwwwwwwwwwSS FR:SSSSSSSSSSSSww BL:SSSSSSSSSSSSww BR:wwwwwwwwwwwwSS
[mpc t=21.70 OK   iters=9 status=0]wall=0.223s N=15 | FL:wwwwwwwwwwwwSS FR:SSSSSSSSSSSSww BL:SSSSSSSSSSSSww BR:wwwwwwwwwwwwSS
[mpc t=21.72 OK   iters=11 status=0]wall=0.264s N=15 | FL:wwwwwwwwwwwSSS FR:SSSSSSSSSSSwww BL:SSSSSSSSSSSwww BR:wwwwwwwwwwwSSS
[mpc t=21.74 OK   iters=8 status=0]wall=0.200s N=15 | FL:wwwwwwwwwwwSSS FR:SSSSSSSSSSSwww BL:SSSSSSSSSSSwww BR:wwwwwwwwwwwSSS
[mpc t=21.76 OK   iters=9 status=0]wall=0.223s N=15 | FL:wwwwwwwwwwSSSS FR:SSSSSSSSSSwwww BL:SSSSSSSSSSwwww BR:wwwwwwwwwwSSSS
[mpc t=21.78 OK   iters=9 status=0]wall=0.228s N=15 | FL:wwwwwwwwwwSSSS FR:SSSSSSSSSSwwww BL:SSSSSSSSSSwwww BR:wwwwwwwwwwSSSS
[mpc t=21.80 OK   iters=12 status=0]wall=0.279s N=15 | FL:wwwwwwwwwSSSSS FR:SSSSSSSSSwwwww BL:SSSSSSSSSwwwww BR:wwwwwwwwwSSSSS
[mpc t=21.82 OK   iters=10 status=0]wall=0.239s N=15 | FL:wwwwwwwwwSSSSS FR:SSSSSSSSSwwwww BL:SSSSSSSSSwwwww BR:wwwwwwwwwSSSSS
[mpc t=21.84 OK   iters=10 status=0]wall=0.242s N=15 | FL:wwwwwwwwSSSSSS FR:SSSSSSSSwwwwww BL:SSSSSSSSwwwwww BR:wwwwwwwwSSSSSS
[mpc t=21.86 OK   iters=10 status=0]wall=0.241s N=15 | FL:wwwwwwwwSSSSSS FR:SSSSSSSSwwwwww BL:SSSSSSSSwwwwww BR:wwwwwwwwSSSSSS
[mpc t=21.88 OK   iters=10 status=0]wall=0.240s N=15 | FL:wwwwwwwSSSSSSS FR:SSSSSSSwwwwwww BL:SSSSSSSwwwwwww BR:wwwwwwwSSSSSSS
[mpc t=21.90 OK   iters=9 status=0]wall=0.216s N=15 | FL:wwwwwwwSSSSSSS FR:SSSSSSSwwwwwww BL:SSSSSSSwwwwwww BR:wwwwwwwSSSSSSS
[mpc t=21.92 OK   iters=9 status=0]wall=0.219s N=15 | FL:wwwwwwSSSSSSSS FR:SSSSSSwwwwwwww BL:SSSSSSwwwwwwww BR:wwwwwwSSSSSSSS
[mpc t=21.94 OK   iters=8 status=0]wall=0.205s N=15 | FL:wwwwwwSSSSSSSS FR:SSSSSSwwwwwwww BL:SSSSSSwwwwwwww BR:wwwwwwSSSSSSSS
[mpc t=21.96 OK   iters=9 status=0]wall=0.222s N=15 | FL:wwwwwSSSSSSSSS FR:SSSSSwwwwwwwww BL:SSSSSwwwwwwwww BR:wwwwwSSSSSSSSS
[mpc t=21.98 OK   iters=8 status=0]wall=0.198s N=15 | FL:wwwwwSSSSSSSSS FR:SSSSSwwwwwwwww BL:SSSSSwwwwwwwww BR:wwwwwSSSSSSSSS
[mpc t=22.00 OK   iters=9 status=0]wall=0.220s N=15 | FL:wwwwSSSSSSSSSS FR:SSSSwwwwwwwwww BL:SSSSwwwwwwwwww BR:wwwwSSSSSSSSSS

=== MPC/FOSMC DEBUG ===
MPC solves so far: 1100 | time since last solve: 0.00s | last exception: None
GaitLogic state: WALK | walking=True turning=False jump_state=''
cmd['q_des'] (raw gait target, NOT what the MPC tracks anymore): [ 0.     0.69  -1.481 -0.     0.594 -1.012 -0.     0.566 -0.963 -0.
  0.671 -1.446]
cmd['is_stance']              : [False, True, True, False]
q_act        : [ 0.013  0.556 -1.609 -0.002  0.655 -0.929 -0.006  0.548 -1.006 -0.005
  0.466 -1.448]
q_des (mpc)  : [ 0.013  0.556 -1.609 -0.002  0.655 -0.929 -0.006  0.548 -1.006 -0.005
  0.466 -1.448]   <- converges to NOMINAL_STANCE [ 0.   0.6 -1.1  0.   0.6 -1.1  0.   0.6 -1.1  0.   0.6 -1.1], not cmd['q_des']
q plan end   : [ 0.004  0.706 -1.319  0.002  0.41  -1.317  0.026  0.525 -1.302 -0.007
  0.728 -1.099]   <- where the MPC sends the joints by node n
base v_y actual: -1.0107   base v_y commanded: -1.0000
tau0 (mpc ff): [ 12.5    7.1   24.53  49.18 -20.12  24.43 -51.61  -1.71  40.82 -10.97
  14.83  20.57]
pd (fosmc fb): [-0.08  2.06  2.18  0.01 -0.15  0.3  -0.01 -0.25  0.43  0.04  0.65  2.19]
applied ctrl : [ 12.5    7.1   24.53  49.18 -20.12  24.43 -51.61  -1.71  40.82 -10.97
  14.83  20.57]
base pos     : [  0.1516 -23.4123   2.5297]  base quat: [ 1.      0.0027 -0.0018  0.0038]
pitch (deg, + = nose down): 0.31 | foot y rel hip (+ = behind) FL FR BL BR: [-0.63  0.38  0.   -0.68]
swing-phase floor contact (2 ms steps since last print) FL FR BL BR: [7 0 0 0]
=======================

[mpc t=22.02 OK   iters=8 status=0]wall=0.199s N=15 | FL:wwwwSSSSSSSSSS FR:SSSSwwwwwwwwww BL:SSSSwwwwwwwwww BR:wwwwSSSSSSSSSS
[mpc t=22.04 OK   iters=9 status=0]wall=0.233s N=15 | FL:wwwSSSSSSSSSSS FR:SSSwwwwwwwwwww BL:SSSwwwwwwwwwww BR:wwwSSSSSSSSSSS
[mpc t=22.06 OK   iters=8 status=0]wall=0.192s N=15 | FL:wwwSSSSSSSSSSS FR:SSSwwwwwwwwwww BL:SSSwwwwwwwwwww BR:wwwSSSSSSSSSSS
[mpc t=22.08 OK   iters=9 status=0]wall=0.220s N=15 | FL:wwSSSSSSSSSSSS FR:SSwwwwwwwwwwww BL:SSwwwwwwwwwwww BR:wwSSSSSSSSSSSS
[mpc t=22.10 OK   iters=8 status=0]wall=0.219s N=15 | FL:wwSSSSSSSSSSSS FR:SSwwwwwwwwwwww BL:SSwwwwwwwwwwww BR:wwSSSSSSSSSSSS
[mpc t=22.12 OK   iters=9 status=0]wall=0.224s N=15 | FL:wSSSSSSSSSSSSS FR:Swwwwwwwwwwwww BL:Swwwwwwwwwwwww BR:wSSSSSSSSSSSSS
[mpc t=22.14 OK   iters=8 status=0]wall=0.204s N=15 | FL:wSSSSSSSSSSSSw FR:SwwwwwwwwwwwwS BL:SwwwwwwwwwwwwS BR:wSSSSSSSSSSSSw
[mpc t=22.16 OK   iters=9 status=0]wall=0.229s N=15 | FL:SSSSSSSSSSSSSw FR:wwwwwwwwwwwwwS BL:wwwwwwwwwwwwwS BR:SSSSSSSSSSSSSw
[mpc t=22.18 OK   iters=10 status=0]wall=0.256s N=15 | FL:SSSSSSSSSSSSww FR:wwwwwwwwwwwwSS BL:wwwwwwwwwwwwSS BR:SSSSSSSSSSSSww
[mpc t=22.20 OK   iters=11 status=0]wall=0.280s N=15 | FL:SSSSSSSSSSSSww FR:wwwwwwwwwwwwSS BL:wwwwwwwwwwwwSS BR:SSSSSSSSSSSSww
[mpc t=22.22 OK   iters=11 status=0]wall=0.293s N=15 | FL:SSSSSSSSSSSwww FR:wwwwwwwwwwwSSS BL:wwwwwwwwwwwSSS BR:SSSSSSSSSSSwww
[mpc t=22.24 OK   iters=11 status=0]wall=0.272s N=15 | FL:SSSSSSSSSSSwww FR:wwwwwwwwwwwSSS BL:wwwwwwwwwwwSSS BR:SSSSSSSSSSSwww
[mpc t=22.26 OK   iters=11 status=0]wall=0.279s N=15 | FL:SSSSSSSSSSwwww FR:wwwwwwwwwwSSSS BL:wwwwwwwwwwSSSS BR:SSSSSSSSSSwwww
[mpc t=22.28 OK   iters=9 status=0]wall=0.234s N=15 | FL:SSSSSSSSSSwwww FR:wwwwwwwwwwSSSS BL:wwwwwwwwwwSSSS BR:SSSSSSSSSSwwww
[mpc t=22.30 OK   iters=11 status=0]wall=0.275s N=15 | FL:SSSSSSSSSwwwww FR:wwwwwwwwwSSSSS BL:wwwwwwwwwSSSSS BR:SSSSSSSSSwwwww
[mpc t=22.32 OK   iters=11 status=0]wall=0.273s N=15 | FL:SSSSSSSSSwwwww FR:wwwwwwwwwSSSSS BL:wwwwwwwwwSSSSS BR:SSSSSSSSSwwwww
[mpc t=22.34 OK   iters=16 status=0]wall=0.390s N=15 | FL:SSSSSSSSwwwwww FR:wwwwwwwwSSSSSS BL:wwwwwwwwSSSSSS BR:SSSSSSSSwwwwww
[mpc t=22.36 OK   iters=12 status=0]wall=0.312s N=15 | FL:SSSSSSSSwwwwww FR:wwwwwwwwSSSSSS BL:wwwwwwwwSSSSSS BR:SSSSSSSSwwwwww
[mpc t=22.38 OK   iters=12 status=0]wall=0.321s N=15 | FL:SSSSSSSwwwwwww FR:wwwwwwwSSSSSSS BL:wwwwwwwSSSSSSS BR:SSSSSSSwwwwwww
[mpc t=22.40 OK   iters=10 status=0]wall=0.249s N=15 | FL:SSSSSSSwwwwwww FR:wwwwwwwSSSSSSS BL:wwwwwwwSSSSSSS BR:SSSSSSSwwwwwww
[mpc t=22.42 OK   iters=16 status=0]wall=0.377s N=15 | FL:SSSSSSwwwwwwww FR:wwwwwwSSSSSSSS BL:wwwwwwSSSSSSSS BR:SSSSSSwwwwwwww
[mpc t=22.44 OK   iters=17 status=0]wall=0.436s N=15 | FL:SSSSSSwwwwwwww FR:wwwwwwSSSSSSSS BL:wwwwwwSSSSSSSS BR:SSSSSSwwwwwwww
[mpc t=22.46 OK   iters=10 status=0]wall=0.246s N=15 | FL:SSSSSwwwwwwwww FR:wwwwwSSSSSSSSS BL:wwwwwSSSSSSSSS BR:SSSSSwwwwwwwww
[mpc t=22.48 OK   iters=8 status=0]wall=0.214s N=15 | FL:SSSSSwwwwwwwww FR:wwwwwSSSSSSSSS BL:wwwwwSSSSSSSSS BR:SSSSSwwwwwwwww
[mpc t=22.50 OK   iters=9 status=0]wall=0.239s N=15 | FL:SSSSwwwwwwwwww FR:wwwwSSSSSSSSSS BL:wwwwSSSSSSSSSS BR:SSSSwwwwwwwwww

=== MPC/FOSMC DEBUG ===
MPC solves so far: 1125 | time since last solve: 0.00s | last exception: None
GaitLogic state: WALK | walking=True turning=False jump_state=''
cmd['q_des'] (raw gait target, NOT what the MPC tracks anymore): [ 0.     0.594 -1.012 -0.     0.69  -1.481  0.     0.671 -1.446  0.
  0.566 -0.963]
cmd['is_stance']              : [True, False, False, True]
q_act        : [-0.012  0.611 -0.989 -0.01   0.56  -1.538  0.008  0.498 -1.444  0.014
  0.669 -0.908]
q_des (mpc)  : [-0.012  0.611 -0.989 -0.01   0.56  -1.538  0.008  0.498 -1.444  0.014
  0.669 -0.908]   <- converges to NOMINAL_STANCE [ 0.   0.6 -1.1  0.   0.6 -1.1  0.   0.6 -1.1  0.   0.6 -1.1], not cmd['q_des']
q plan end   : [ 0.004  0.431 -1.32  -0.008  0.756 -1.198 -0.     0.698 -1.076 -0.022
  0.482 -1.331]   <- where the MPC sends the joints by node n
base v_y actual: -1.1041   base v_y commanded: -1.0000
tau0 (mpc ff): [-47.05   2.81  34.38 -10.62   8.14  23.81   6.42   5.3   21.03  47.15
 -25.53  27.06]
pd (fosmc fb): [-0.07 -0.13  0.29 -0.12 -0.43  2.22 -0.29  0.02  2.2   0.05 -0.27  0.35]
applied ctrl : [-47.05   2.81  34.38 -10.62   8.14  23.81   6.42   5.3   21.03  47.15
 -25.53  27.06]
base pos     : [  0.1459 -23.9369   2.5372]  base quat: [ 1.0e+00  5.2e-03 -2.2e-03 -9.0e-04]
pitch (deg, + = nose down): 0.60 | foot y rel hip (+ = behind) FL FR BL BR: [ 0.18 -0.57 -0.62  0.44]
swing-phase floor contact (2 ms steps since last print) FL FR BL BR: [0 7 0 0]
=======================

[mpc t=22.52 OK   iters=8 status=0]wall=0.204s N=15 | FL:SSSSwwwwwwwwww FR:wwwwSSSSSSSSSS BL:wwwwSSSSSSSSSS BR:SSSSwwwwwwwwww
[mpc t=22.54 OK   iters=9 status=0]wall=0.224s N=15 | FL:SSSwwwwwwwwwww FR:wwwSSSSSSSSSSS BL:wwwSSSSSSSSSSS BR:SSSwwwwwwwwwww
[mpc t=22.56 OK   iters=8 status=0]wall=0.215s N=15 | FL:SSSwwwwwwwwwww FR:wwwSSSSSSSSSSS BL:wwwSSSSSSSSSSS BR:SSSwwwwwwwwwww
[mpc t=22.58 OK   iters=9 status=0]wall=0.218s N=15 | FL:SSwwwwwwwwwwww FR:wwSSSSSSSSSSSS BL:wwSSSSSSSSSSSS BR:SSwwwwwwwwwwww
[mpc t=22.60 OK   iters=8 status=0]wall=0.206s N=15 | FL:SSwwwwwwwwwwww FR:wwSSSSSSSSSSSS BL:wwSSSSSSSSSSSS BR:SSwwwwwwwwwwww
[mpc t=22.62 OK   iters=9 status=0]wall=0.232s N=15 | FL:Swwwwwwwwwwwww FR:wSSSSSSSSSSSSS BL:wSSSSSSSSSSSSS BR:Swwwwwwwwwwwww
[mpc t=22.64 OK   iters=9 status=0]wall=0.230s N=15 | FL:SwwwwwwwwwwwwS FR:wSSSSSSSSSSSSw BL:wSSSSSSSSSSSSw BR:SwwwwwwwwwwwwS
[mpc t=22.66 OK   iters=9 status=0]wall=0.236s N=15 | FL:wwwwwwwwwwwwwS FR:SSSSSSSSSSSSSw BL:SSSSSSSSSSSSSw BR:wwwwwwwwwwwwwS
[mpc t=22.68 OK   iters=13 status=0]wall=0.311s N=15 | FL:wwwwwwwwwwwwSS FR:SSSSSSSSSSSSww BL:SSSSSSSSSSSSww BR:wwwwwwwwwwwwSS
[mpc t=22.70 OK   iters=12 status=0]wall=0.289s N=15 | FL:wwwwwwwwwwwwSS FR:SSSSSSSSSSSSww BL:SSSSSSSSSSSSww BR:wwwwwwwwwwwwSS
[mpc t=22.72 OK   iters=9 status=0]wall=0.225s N=15 | FL:wwwwwwwwwwwSSS FR:SSSSSSSSSSSwww BL:SSSSSSSSSSSwww BR:wwwwwwwwwwwSSS
[mpc t=22.74 OK   iters=10 status=0]wall=0.248s N=15 | FL:wwwwwwwwwwwSSS FR:SSSSSSSSSSSwww BL:SSSSSSSSSSSwww BR:wwwwwwwwwwwSSS
[mpc t=22.76 OK   iters=16 status=0]wall=0.400s N=15 | FL:wwwwwwwwwwSSSS FR:SSSSSSSSSSwwww BL:SSSSSSSSSSwwww BR:wwwwwwwwwwSSSS
[mpc t=22.78 OK   iters=11 status=0]wall=0.259s N=15 | FL:wwwwwwwwwwSSSS FR:SSSSSSSSSSwwww BL:SSSSSSSSSSwwww BR:wwwwwwwwwwSSSS
[mpc t=22.80 OK   iters=19 status=0]wall=0.467s N=15 | FL:wwwwwwwwwSSSSS FR:SSSSSSSSSwwwww BL:SSSSSSSSSwwwww BR:wwwwwwwwwSSSSS
[mpc t=22.82 OK   iters=9 status=0]wall=0.288s N=15 | FL:wwwwwwwwwSSSSS FR:SSSSSSSSSwwwww BL:SSSSSSSSSwwwww BR:wwwwwwwwwSSSSS
[mpc t=22.84 OK   iters=13 status=0]wall=0.327s N=15 | FL:wwwwwwwwSSSSSS FR:SSSSSSSSwwwwww BL:SSSSSSSSwwwwww BR:wwwwwwwwSSSSSS
[mpc t=22.86 OK   iters=9 status=0]wall=0.221s N=15 | FL:wwwwwwwwSSSSSS FR:SSSSSSSSwwwwww BL:SSSSSSSSwwwwww BR:wwwwwwwwSSSSSS
[mpc t=22.88 OK   iters=12 status=0]wall=0.298s N=15 | FL:wwwwwwwSSSSSSS FR:SSSSSSSwwwwwww BL:SSSSSSSwwwwwww BR:wwwwwwwSSSSSSS
[mpc t=22.90 OK   iters=11 status=0]wall=0.283s N=15 | FL:wwwwwwwSSSSSSS FR:SSSSSSSwwwwwww BL:SSSSSSSwwwwwww BR:wwwwwwwSSSSSSS
[mpc t=22.92 OK   iters=10 status=0]wall=0.243s N=15 | FL:wwwwwwSSSSSSSS FR:SSSSSSwwwwwwww BL:SSSSSSwwwwwwww BR:wwwwwwSSSSSSSS
[mpc t=22.94 OK   iters=9 status=0]wall=0.226s N=15 | FL:wwwwwwSSSSSSSS FR:SSSSSSwwwwwwww BL:SSSSSSwwwwwwww BR:wwwwwwSSSSSSSS
[mpc t=22.96 OK   iters=11 status=0]wall=0.279s N=15 | FL:wwwwwSSSSSSSSS FR:SSSSSwwwwwwwww BL:SSSSSwwwwwwwww BR:wwwwwSSSSSSSSS
[mpc t=22.98 OK   iters=8 status=0]wall=0.216s N=15 | FL:wwwwwSSSSSSSSS FR:SSSSSwwwwwwwww BL:SSSSSwwwwwwwww BR:wwwwwSSSSSSSSS
[mpc t=23.00 OK   iters=14 status=0]wall=0.334s N=15 | FL:wwwwSSSSSSSSSS FR:SSSSwwwwwwwwww BL:SSSSwwwwwwwwww BR:wwwwSSSSSSSSSS

=== MPC/FOSMC DEBUG ===
MPC solves so far: 1150 | time since last solve: 0.00s | last exception: None
GaitLogic state: WALK | walking=True turning=False jump_state=''
cmd['q_des'] (raw gait target, NOT what the MPC tracks anymore): [ 0.     0.69  -1.481 -0.     0.594 -1.012 -0.     0.566 -0.963 -0.
  0.671 -1.446]
cmd['is_stance']              : [False, True, True, False]
q_act        : [ 2.900e-02  5.120e-01 -1.442e+00  3.200e-02  6.580e-01 -9.670e-01
  1.000e-03  6.370e-01 -9.070e-01 -1.100e-02  5.500e-01 -1.602e+00]
q_des (mpc)  : [ 2.900e-02  5.120e-01 -1.442e+00  3.200e-02  6.580e-01 -9.670e-01
  1.000e-03  6.370e-01 -9.070e-01 -1.100e-02  5.500e-01 -1.602e+00]   <- converges to NOMINAL_STANCE [ 0.   0.6 -1.1  0.   0.6 -1.1  0.   0.6 -1.1  0.   0.6 -1.1], not cmd['q_des']
q plan end   : [ 0.011  0.797 -1.111 -0.     0.407 -1.324  0.025  0.501 -1.325 -0.002
  0.656 -1.277]   <- where the MPC sends the joints by node n
base v_y actual: -1.1775   base v_y commanded: -1.0000
tau0 (mpc ff): [  7.78  99.91  30.53  69.4  -40.26  15.46 -61.03 -76.68   1.19 -16.25
  -1.68  24.67]
pd (fosmc fb): [ 0.24 -0.23  2.22  0.1  -0.29  0.45  0.04 -0.31  0.39  0.15  0.92  2.19]
applied ctrl : [  7.78  99.91  30.53  69.4  -40.26  15.46 -61.03 -76.68   1.19 -16.25
  -1.68  24.67]
base pos     : [  0.1443 -24.5035   2.5403]  base quat: [1.     0.0085 0.0045 0.0024]
pitch (deg, + = nose down): 0.97 | foot y rel hip (+ = behind) FL FR BL BR: [-0.58  0.33  0.37 -0.64]
swing-phase floor contact (2 ms steps since last print) FL FR BL BR: [0 0 0 8]
=======================

[mpc t=23.02 OK   iters=16 status=0]wall=0.399s N=15 | FL:wwwwSSSSSSSSSS FR:SSSSwwwwwwwwww BL:SSSSwwwwwwwwww BR:wwwwSSSSSSSSSS
[mpc t=23.04 OK   iters=10 status=0]wall=0.262s N=15 | FL:wwwSSSSSSSSSSS FR:SSSwwwwwwwwwww BL:SSSwwwwwwwwwww BR:wwwSSSSSSSSSSS
[mpc t=23.06 OK   iters=8 status=0]wall=0.207s N=15 | FL:wwwSSSSSSSSSSS FR:SSSwwwwwwwwwww BL:SSSwwwwwwwwwww BR:wwwSSSSSSSSSSS
[mpc t=23.08 OK   iters=9 status=0]wall=0.229s N=15 | FL:wwSSSSSSSSSSSS FR:SSwwwwwwwwwwww BL:SSwwwwwwwwwwww BR:wwSSSSSSSSSSSS
[mpc t=23.10 OK   iters=8 status=0]wall=0.206s N=15 | FL:wwSSSSSSSSSSSS FR:SSwwwwwwwwwwww BL:SSwwwwwwwwwwww BR:wwSSSSSSSSSSSS
[mpc t=23.12 OK   iters=9 status=0]wall=0.228s N=15 | FL:wSSSSSSSSSSSSS FR:Swwwwwwwwwwwww BL:Swwwwwwwwwwwww BR:wSSSSSSSSSSSSS
[mpc t=23.14 OK   iters=9 status=0]wall=0.241s N=15 | FL:wSSSSSSSSSSSSw FR:SwwwwwwwwwwwwS BL:SwwwwwwwwwwwwS BR:wSSSSSSSSSSSSw
[mpc t=23.16 OK   iters=9 status=0]wall=0.229s N=15 | FL:SSSSSSSSSSSSSw FR:wwwwwwwwwwwwwS BL:wwwwwwwwwwwwwS BR:SSSSSSSSSSSSSw
[mpc t=23.18 OK   iters=10 status=0]wall=0.261s N=15 | FL:SSSSSSSSSSSSww FR:wwwwwwwwwwwwSS BL:wwwwwwwwwwwwSS BR:SSSSSSSSSSSSww
[mpc t=23.20 OK   iters=15 status=0]wall=0.393s N=15 | FL:SSSSSSSSSSSSww FR:wwwwwwwwwwwwSS BL:wwwwwwwwwwwwSS BR:SSSSSSSSSSSSww
[mpc t=23.22 OK   iters=11 status=0]wall=0.279s N=15 | FL:SSSSSSSSSSSwww FR:wwwwwwwwwwwSSS BL:wwwwwwwwwwwSSS BR:SSSSSSSSSSSwww
[mpc t=23.24 OK   iters=12 status=0]wall=0.311s N=15 | FL:SSSSSSSSSSSwww FR:wwwwwwwwwwwSSS BL:wwwwwwwwwwwSSS BR:SSSSSSSSSSSwww
[mpc t=23.26 OK   iters=36 status=0]wall=0.939s N=15 | FL:SSSSSSSSSSwwww FR:wwwwwwwwwwSSSS BL:wwwwwwwwwwSSSS BR:SSSSSSSSSSwwww
[mpc t=23.28 OK   iters=10 status=0]wall=0.252s N=15 | FL:SSSSSSSSSSwwww FR:wwwwwwwwwwSSSS BL:wwwwwwwwwwSSSS BR:SSSSSSSSSSwwww
[mpc t=23.30 OK   iters=10 status=0]wall=0.245s N=15 | FL:SSSSSSSSSwwwww FR:wwwwwwwwwSSSSS BL:wwwwwwwwwSSSSS BR:SSSSSSSSSwwwww
[mpc t=23.32 OK   iters=10 status=0]wall=0.265s N=15 | FL:SSSSSSSSSwwwww FR:wwwwwwwwwSSSSS BL:wwwwwwwwwSSSSS BR:SSSSSSSSSwwwww
[mpc t=23.34 OK   iters=12 status=0]wall=0.303s N=15 | FL:SSSSSSSSwwwwww FR:wwwwwwwwSSSSSS BL:wwwwwwwwSSSSSS BR:SSSSSSSSwwwwww
[mpc t=23.36 OK   iters=10 status=0]wall=0.283s N=15 | FL:SSSSSSSSwwwwww FR:wwwwwwwwSSSSSS BL:wwwwwwwwSSSSSS BR:SSSSSSSSwwwwww
[mpc t=23.38 OK   iters=13 status=0]wall=0.318s N=15 | FL:SSSSSSSwwwwwww FR:wwwwwwwSSSSSSS BL:wwwwwwwSSSSSSS BR:SSSSSSSwwwwwww
[mpc t=23.40 OK   iters=14 status=0]wall=0.350s N=15 | FL:SSSSSSSwwwwwww FR:wwwwwwwSSSSSSS BL:wwwwwwwSSSSSSS BR:SSSSSSSwwwwwww
[mpc t=23.42 OK   iters=12 status=0]wall=0.289s N=15 | FL:SSSSSSwwwwwwww FR:wwwwwwSSSSSSSS BL:wwwwwwSSSSSSSS BR:SSSSSSwwwwwwww
[mpc t=23.44 OK   iters=9 status=0]wall=0.225s N=15 | FL:SSSSSSwwwwwwww FR:wwwwwwSSSSSSSS BL:wwwwwwSSSSSSSS BR:SSSSSSwwwwwwww
[mpc t=23.46 OK   iters=13 status=0]wall=0.317s N=15 | FL:SSSSSwwwwwwwww FR:wwwwwSSSSSSSSS BL:wwwwwSSSSSSSSS BR:SSSSSwwwwwwwww
[mpc t=23.48 OK   iters=14 status=0]wall=0.345s N=15 | FL:SSSSSwwwwwwwww FR:wwwwwSSSSSSSSS BL:wwwwwSSSSSSSSS BR:SSSSSwwwwwwwww
[mpc t=23.50 OK   iters=9 status=0]wall=0.229s N=15 | FL:SSSSwwwwwwwwww FR:wwwwSSSSSSSSSS BL:wwwwSSSSSSSSSS BR:SSSSwwwwwwwwww

=== MPC/FOSMC DEBUG ===
MPC solves so far: 1175 | time since last solve: 0.00s | last exception: None
GaitLogic state: WALK | walking=True turning=False jump_state=''
cmd['q_des'] (raw gait target, NOT what the MPC tracks anymore): [ 0.     0.594 -1.012 -0.     0.69  -1.481  0.     0.671 -1.446  0.
  0.566 -0.963]
cmd['is_stance']              : [True, False, False, True]
q_act        : [-0.014  0.714 -0.869 -0.018  0.526 -1.497  0.01   0.533 -1.598 -0.005
  0.515 -0.972]
q_des (mpc)  : [-0.014  0.714 -0.869 -0.018  0.526 -1.497  0.01   0.533 -1.598 -0.005
  0.515 -0.972]   <- converges to NOMINAL_STANCE [ 0.   0.6 -1.1  0.   0.6 -1.1  0.   0.6 -1.1  0.   0.6 -1.1], not cmd['q_des']
q plan end   : [-0.002  0.378 -1.341 -0.011  0.774 -1.17   0.003  0.662 -1.282 -0.027
  0.532 -1.298]   <- where the MPC sends the joints by node n
base v_y actual: -1.1169   base v_y commanded: -1.0000
tau0 (mpc ff): [-54.41 -38.02  13.15 -11.41  24.84  23.79  12.68   2.17  24.9   50.11
  -2.98  40.95]
pd (fosmc fb): [-0.05 -0.01  0.39 -0.68 -2.19  2.31 -0.4   2.06  2.18 -0.05 -0.17  0.4 ]
applied ctrl : [-54.41 -38.02  13.15 -11.41  24.84  23.79  12.68   2.17  24.9   50.11
  -2.98  40.95]
base pos     : [  0.1668 -25.0795   2.5326]  base quat: [ 1.      0.0062 -0.0045  0.0033]
pitch (deg, + = nose down): 0.71 | foot y rel hip (+ = behind) FL FR BL BR: [ 0.61 -0.6  -0.67 -0.03]
swing-phase floor contact (2 ms steps since last print) FL FR BL BR: [0 5 7 0]
=======================

[mpc t=23.52 OK   iters=8 status=0]wall=0.215s N=15 | FL:SSSSwwwwwwwwww FR:wwwwSSSSSSSSSS BL:wwwwSSSSSSSSSS BR:SSSSwwwwwwwwww
[mpc t=23.54 OK   iters=9 status=0]wall=0.221s N=15 | FL:SSSwwwwwwwwwww FR:wwwSSSSSSSSSSS BL:wwwSSSSSSSSSSS BR:SSSwwwwwwwwwww
[mpc t=23.56 OK   iters=8 status=0]wall=0.205s N=15 | FL:SSSwwwwwwwwwww FR:wwwSSSSSSSSSSS BL:wwwSSSSSSSSSSS BR:SSSwwwwwwwwwww
[mpc t=23.58 OK   iters=9 status=0]wall=0.230s N=15 | FL:SSwwwwwwwwwwww FR:wwSSSSSSSSSSSS BL:wwSSSSSSSSSSSS BR:SSwwwwwwwwwwww
[mpc t=23.60 OK   iters=8 status=0]wall=0.281s N=15 | FL:SSwwwwwwwwwwww FR:wwSSSSSSSSSSSS BL:wwSSSSSSSSSSSS BR:SSwwwwwwwwwwww
[mpc t=23.62 OK   iters=9 status=0]wall=0.244s N=15 | FL:Swwwwwwwwwwwww FR:wSSSSSSSSSSSSS BL:wSSSSSSSSSSSSS BR:Swwwwwwwwwwwww
[mpc t=23.64 OK   iters=9 status=0]wall=0.234s N=15 | FL:SwwwwwwwwwwwwS FR:wSSSSSSSSSSSSw BL:wSSSSSSSSSSSSw BR:SwwwwwwwwwwwwS
[mpc t=23.66 OK   iters=20 status=0]wall=0.509s N=15 | FL:wwwwwwwwwwwwwS FR:SSSSSSSSSSSSSw BL:SSSSSSSSSSSSSw BR:wwwwwwwwwwwwwS
[mpc t=23.68 OK   iters=12 status=0]wall=0.318s N=15 | FL:wwwwwwwwwwwwSS FR:SSSSSSSSSSSSww BL:SSSSSSSSSSSSww BR:wwwwwwwwwwwwSS
[mpc t=23.70 OK   iters=10 status=0]wall=0.256s N=15 | FL:wwwwwwwwwwwwSS FR:SSSSSSSSSSSSww BL:SSSSSSSSSSSSww BR:wwwwwwwwwwwwSS
[mpc t=23.72 OK   iters=11 status=0]wall=0.350s N=15 | FL:wwwwwwwwwwwSSS FR:SSSSSSSSSSSwww BL:SSSSSSSSSSSwww BR:wwwwwwwwwwwSSS
[mpc t=23.74 OK   iters=9 status=0]wall=0.196s N=15 | FL:wwwwwwwwwwwSSS FR:SSSSSSSSSSSwww BL:SSSSSSSSSSSwww BR:wwwwwwwwwwwSSS
[mpc t=23.76 OK   iters=11 status=0]wall=0.202s N=15 | FL:wwwwwwwwwwSSSS FR:SSSSSSSSSSwwww BL:SSSSSSSSSSwwww BR:wwwwwwwwwwSSSS
[mpc t=23.78 OK   iters=10 status=0]wall=0.183s N=15 | FL:wwwwwwwwwwSSSS FR:SSSSSSSSSSwwww BL:SSSSSSSSSSwwww BR:wwwwwwwwwwSSSS
[mpc t=23.80 OK   iters=10 status=0]wall=0.178s N=15 | FL:wwwwwwwwwSSSSS FR:SSSSSSSSSwwwww BL:SSSSSSSSSwwwww BR:wwwwwwwwwSSSSS
[mpc t=23.82 OK   iters=10 status=0]wall=0.179s N=15 | FL:wwwwwwwwwSSSSS FR:SSSSSSSSSwwwww BL:SSSSSSSSSwwwww BR:wwwwwwwwwSSSSS
[mpc t=23.84 OK   iters=10 status=0]wall=0.183s N=15 | FL:wwwwwwwwSSSSSS FR:SSSSSSSSwwwwww BL:SSSSSSSSwwwwww BR:wwwwwwwwSSSSSS
[mpc t=23.86 OK   iters=10 status=0]wall=0.180s N=15 | FL:wwwwwwwwSSSSSS FR:SSSSSSSSwwwwww BL:SSSSSSSSwwwwww BR:wwwwwwwwSSSSSS
[mpc t=23.88 OK   iters=10 status=0]wall=0.182s N=15 | FL:wwwwwwwSSSSSSS FR:SSSSSSSwwwwwww BL:SSSSSSSwwwwwww BR:wwwwwwwSSSSSSS
[mpc t=23.90 OK   iters=10 status=0]wall=0.174s N=15 | FL:wwwwwwwSSSSSSS FR:SSSSSSSwwwwwww BL:SSSSSSSwwwwwww BR:wwwwwwwSSSSSSS
[mpc t=23.92 OK   iters=10 status=0]wall=0.181s N=15 | FL:wwwwwwSSSSSSSS FR:SSSSSSwwwwwwww BL:SSSSSSwwwwwwww BR:wwwwwwSSSSSSSS
[mpc t=23.94 OK   iters=9 status=0]wall=0.167s N=15 | FL:wwwwwwSSSSSSSS FR:SSSSSSwwwwwwww BL:SSSSSSwwwwwwww BR:wwwwwwSSSSSSSS
[mpc t=23.96 OK   iters=10 status=0]wall=0.181s N=15 | FL:wwwwwSSSSSSSSS FR:SSSSSwwwwwwwww BL:SSSSSwwwwwwwww BR:wwwwwSSSSSSSSS
[mpc t=23.98 OK   iters=8 status=0]wall=0.148s N=15 | FL:wwwwwSSSSSSSSS FR:SSSSSwwwwwwwww BL:SSSSSwwwwwwwww BR:wwwwwSSSSSSSSS
[mpc t=24.00 OK   iters=9 status=0]wall=0.167s N=15 | FL:wwwwSSSSSSSSSS FR:SSSSwwwwwwwwww BL:SSSSwwwwwwwwww BR:wwwwSSSSSSSSSS

=== MPC/FOSMC DEBUG ===
MPC solves so far: 1200 | time since last solve: 0.00s | last exception: None
GaitLogic state: WALK | walking=True turning=False jump_state=''
cmd['q_des'] (raw gait target, NOT what the MPC tracks anymore): [ 0.     0.69  -1.481 -0.     0.594 -1.012 -0.     0.566 -0.963 -0.
  0.671 -1.446]
cmd['is_stance']              : [False, True, True, False]
q_act        : [ 0.014  0.612 -1.674 -0.009  0.627 -0.947 -0.014  0.546 -1.027 -0.003
  0.457 -1.408]
q_des (mpc)  : [ 0.014  0.612 -1.674 -0.009  0.627 -0.947 -0.014  0.546 -1.027 -0.003
  0.457 -1.408]   <- converges to NOMINAL_STANCE [ 0.   0.6 -1.1  0.   0.6 -1.1  0.   0.6 -1.1  0.   0.6 -1.1], not cmd['q_des']
q plan end   : [ 1.000e-03  6.710e-01 -1.376e+00  3.000e-03  4.170e-01 -1.309e+00
  2.700e-02  5.250e-01 -1.304e+00 -9.000e-03  7.430e-01 -1.031e+00]   <- where the MPC sends the joints by node n
base v_y actual: -0.9488   base v_y commanded: -1.0000
tau0 (mpc ff): [ 12.91   0.25  26.24  47.99 -13.34  29.04 -53.14  -0.14  40.67 -11.13
  15.61  18.87]
pd (fosmc fb): [-0.03  2.06  2.2   0.04 -0.14  0.28 -0.02 -0.08  0.1  -0.11  0.49  2.2 ]
applied ctrl : [ 12.91   0.25  26.24  47.99 -13.34  29.04 -53.14  -0.14  40.67 -11.13
  15.61  18.87]
base pos     : [  0.1083 -25.5853   2.526 ]  base quat: [ 1.0e+00  9.0e-04 -4.5e-03  2.6e-03]
pitch (deg, + = nose down): 0.10 | foot y rel hip (+ = behind) FL FR BL BR: [-0.58  0.28 -0.03 -0.67]
swing-phase floor contact (2 ms steps since last print) FL FR BL BR: [7 0 0 0]
=======================

[mpc t=24.02 OK   iters=8 status=0]wall=0.147s N=15 | FL:wwwwSSSSSSSSSS FR:SSSSwwwwwwwwww BL:SSSSwwwwwwwwww BR:wwwwSSSSSSSSSS
[mpc t=24.04 OK   iters=9 status=0]wall=0.164s N=15 | FL:wwwSSSSSSSSSSS FR:SSSwwwwwwwwwww BL:SSSwwwwwwwwwww BR:wwwSSSSSSSSSSS
[mpc t=24.06 OK   iters=8 status=0]wall=0.148s N=15 | FL:wwwSSSSSSSSSSS FR:SSSwwwwwwwwwww BL:SSSwwwwwwwwwww BR:wwwSSSSSSSSSSS
[mpc t=24.08 OK   iters=9 status=0]wall=0.165s N=15 | FL:wwSSSSSSSSSSSS FR:SSwwwwwwwwwwww BL:SSwwwwwwwwwwww BR:wwSSSSSSSSSSSS
[mpc t=24.10 OK   iters=8 status=0]wall=0.150s N=15 | FL:wwSSSSSSSSSSSS FR:SSwwwwwwwwwwww BL:SSwwwwwwwwwwww BR:wwSSSSSSSSSSSS
[mpc t=24.12 OK   iters=10 status=0]wall=0.187s N=15 | FL:wSSSSSSSSSSSSS FR:Swwwwwwwwwwwww BL:Swwwwwwwwwwwww BR:wSSSSSSSSSSSSS
[mpc t=24.14 OK   iters=9 status=0]wall=0.167s N=15 | FL:wSSSSSSSSSSSSw FR:SwwwwwwwwwwwwS BL:SwwwwwwwwwwwwS BR:wSSSSSSSSSSSSw
[mpc t=24.16 OK   iters=9 status=0]wall=0.163s N=15 | FL:SSSSSSSSSSSSSw FR:wwwwwwwwwwwwwS BL:wwwwwwwwwwwwwS BR:SSSSSSSSSSSSSw
[mpc t=24.18 OK   iters=11 status=0]wall=0.201s N=15 | FL:SSSSSSSSSSSSww FR:wwwwwwwwwwwwSS BL:wwwwwwwwwwwwSS BR:SSSSSSSSSSSSww
[mpc t=24.20 OK   iters=19 status=0]wall=0.360s N=15 | FL:SSSSSSSSSSSSww FR:wwwwwwwwwwwwSS BL:wwwwwwwwwwwwSS BR:SSSSSSSSSSSSww
[mpc t=24.22 OK   iters=10 status=0]wall=0.178s N=15 | FL:SSSSSSSSSSSwww FR:wwwwwwwwwwwSSS BL:wwwwwwwwwwwSSS BR:SSSSSSSSSSSwww
[mpc t=24.24 OK   iters=13 status=0]wall=0.287s N=15 | FL:SSSSSSSSSSSwww FR:wwwwwwwwwwwSSS BL:wwwwwwwwwwwSSS BR:SSSSSSSSSSSwww
[mpc t=24.26 OK   iters=12 status=0]wall=0.225s N=15 | FL:SSSSSSSSSSwwww FR:wwwwwwwwwwSSSS BL:wwwwwwwwwwSSSS BR:SSSSSSSSSSwwww
[mpc t=24.28 OK   iters=12 status=0]wall=0.221s N=15 | FL:SSSSSSSSSSwwww FR:wwwwwwwwwwSSSS BL:wwwwwwwwwwSSSS BR:SSSSSSSSSSwwww
[mpc t=24.30 OK   iters=14 status=0]wall=0.297s N=15 | FL:SSSSSSSSSwwwww FR:wwwwwwwwwSSSSS BL:wwwwwwwwwSSSSS BR:SSSSSSSSSwwwww
[mpc t=24.32 OK   iters=17 status=0]wall=0.346s N=15 | FL:SSSSSSSSSwwwww FR:wwwwwwwwwSSSSS BL:wwwwwwwwwSSSSS BR:SSSSSSSSSwwwww
[mpc t=24.34 OK   iters=12 status=0]wall=0.228s N=15 | FL:SSSSSSSSwwwwww FR:wwwwwwwwSSSSSS BL:wwwwwwwwSSSSSS BR:SSSSSSSSwwwwww
[mpc t=24.36 OK   iters=10 status=0]wall=0.202s N=15 | FL:SSSSSSSSwwwwww FR:wwwwwwwwSSSSSS BL:wwwwwwwwSSSSSS BR:SSSSSSSSwwwwww
[mpc t=24.38 OK   iters=18 status=0]wall=0.363s N=15 | FL:SSSSSSSwwwwwww FR:wwwwwwwSSSSSSS BL:wwwwwwwSSSSSSS BR:SSSSSSSwwwwwww
[mpc t=24.40 OK   iters=12 status=0]wall=0.242s N=15 | FL:SSSSSSSwwwwwww FR:wwwwwwwSSSSSSS BL:wwwwwwwSSSSSSS BR:SSSSSSSwwwwwww
[mpc t=24.42 OK   iters=13 status=0]wall=0.256s N=15 | FL:SSSSSSwwwwwwww FR:wwwwwwSSSSSSSS BL:wwwwwwSSSSSSSS BR:SSSSSSwwwwwwww
[mpc t=24.44 OK   iters=10 status=0]wall=0.206s N=15 | FL:SSSSSSwwwwwwww FR:wwwwwwSSSSSSSS BL:wwwwwwSSSSSSSS BR:SSSSSSwwwwwwww
[mpc t=24.46 OK   iters=16 status=0]wall=0.332s N=15 | FL:SSSSSwwwwwwwww FR:wwwwwSSSSSSSSS BL:wwwwwSSSSSSSSS BR:SSSSSwwwwwwwww
[mpc t=24.48 OK   iters=11 status=0]wall=0.209s N=15 | FL:SSSSSwwwwwwwww FR:wwwwwSSSSSSSSS BL:wwwwwSSSSSSSSS BR:SSSSSwwwwwwwww
[mpc t=24.50 OK   iters=11 status=0]wall=0.210s N=15 | FL:SSSSwwwwwwwwww FR:wwwwSSSSSSSSSS BL:wwwwSSSSSSSSSS BR:SSSSwwwwwwwwww

=== MPC/FOSMC DEBUG ===
MPC solves so far: 1225 | time since last solve: 0.00s | last exception: None
GaitLogic state: WALK | walking=True turning=False jump_state=''
cmd['q_des'] (raw gait target, NOT what the MPC tracks anymore): [ 0.     0.594 -1.012 -0.     0.69  -1.481  0.     0.671 -1.446  0.
  0.566 -0.963]
cmd['is_stance']              : [True, False, False, True]
q_act        : [-0.018  0.585 -1.012 -0.022  0.492 -1.466  0.007  0.508 -1.456  0.022
  0.719 -0.831]
q_des (mpc)  : [-0.018  0.585 -1.012 -0.022  0.492 -1.466  0.007  0.508 -1.456  0.022
  0.719 -0.831]   <- converges to NOMINAL_STANCE [ 0.   0.6 -1.1  0.   0.6 -1.1  0.   0.6 -1.1  0.   0.6 -1.1], not cmd['q_des']
q plan end   : [-0.004  0.426 -1.307 -0.009  0.772 -1.124 -0.     0.689 -1.093 -0.03
  0.98  -1.045]   <- where the MPC sends the joints by node n
base v_y actual: -1.1633   base v_y commanded: -1.0000
tau0 (mpc ff): [-57.41  -5.94  33.48 -12.06  59.04  27.31  12.32   3.02  21.75  55.22
 -73.08   1.05]
pd (fosmc fb): [-0.01 -0.13  0.31  0.01 -0.38  2.22 -0.27 -0.38  2.21  0.02 -0.36  0.59]
applied ctrl : [-57.41  -5.94  33.48 -12.06  59.04  27.31  12.32   3.02  21.75  55.22
 -73.08   1.05]
base pos     : [  0.0667 -26.0972   2.5323]  base quat: [ 1.0e+00  7.8e-03 -3.7e-03 -2.0e-04]
pitch (deg, + = nose down): 0.90 | foot y rel hip (+ = behind) FL FR BL BR: [ 0.09 -0.64 -0.61  0.68]
swing-phase floor contact (2 ms steps since last print) FL FR BL BR: [0 3 0 0]
=======================

[mpc t=24.52 OK   iters=9 status=0]wall=0.170s N=15 | FL:SSSSwwwwwwwwww FR:wwwwSSSSSSSSSS BL:wwwwSSSSSSSSSS BR:SSSSwwwwwwwwww
[mpc t=24.54 OK   iters=10 status=0]wall=0.181s N=15 | FL:SSSwwwwwwwwwww FR:wwwSSSSSSSSSSS BL:wwwSSSSSSSSSSS BR:SSSwwwwwwwwwww
[mpc t=24.56 OK   iters=8 status=0]wall=0.149s N=15 | FL:SSSwwwwwwwwwww FR:wwwSSSSSSSSSSS BL:wwwSSSSSSSSSSS BR:SSSwwwwwwwwwww
[mpc t=24.58 OK   iters=10 status=0]wall=0.179s N=15 | FL:SSwwwwwwwwwwww FR:wwSSSSSSSSSSSS BL:wwSSSSSSSSSSSS BR:SSwwwwwwwwwwww
[mpc t=24.60 OK   iters=8 status=0]wall=0.161s N=15 | FL:SSwwwwwwwwwwww FR:wwSSSSSSSSSSSS BL:wwSSSSSSSSSSSS BR:SSwwwwwwwwwwww
[mpc t=24.62 OK   iters=10 status=0]wall=0.181s N=15 | FL:Swwwwwwwwwwwww FR:wSSSSSSSSSSSSS BL:wSSSSSSSSSSSSS BR:Swwwwwwwwwwwww
[mpc t=24.64 OK   iters=9 status=0]wall=0.172s N=15 | FL:SwwwwwwwwwwwwS FR:wSSSSSSSSSSSSw BL:wSSSSSSSSSSSSw BR:SwwwwwwwwwwwwS
[mpc t=24.66 OK   iters=9 status=0]wall=0.184s N=15 | FL:wwwwwwwwwwwwwS FR:SSSSSSSSSSSSSw BL:SSSSSSSSSSSSSw BR:wwwwwwwwwwwwwS
[mpc t=24.68 OK   iters=17 status=0]wall=0.319s N=15 | FL:wwwwwwwwwwwwSS FR:SSSSSSSSSSSSww BL:SSSSSSSSSSSSww BR:wwwwwwwwwwwwSS
[mpc t=24.70 OK   iters=12 status=0]wall=0.240s N=15 | FL:wwwwwwwwwwwwSS FR:SSSSSSSSSSSSww BL:SSSSSSSSSSSSww BR:wwwwwwwwwwwwSS
[mpc t=24.72 OK   iters=10 status=0]wall=0.247s N=15 | FL:wwwwwwwwwwwSSS FR:SSSSSSSSSSSwww BL:SSSSSSSSSSSwww BR:wwwwwwwwwwwSSS
[mpc t=24.74 OK   iters=10 status=0]wall=0.244s N=15 | FL:wwwwwwwwwwwSSS FR:SSSSSSSSSSSwww BL:SSSSSSSSSSSwww BR:wwwwwwwwwwwSSS
[mpc t=24.76 OK   iters=12 status=0]wall=0.227s N=15 | FL:wwwwwwwwwwSSSS FR:SSSSSSSSSSwwww BL:SSSSSSSSSSwwww BR:wwwwwwwwwwSSSS
[mpc t=24.78 OK   iters=9 status=0]wall=0.167s N=15 | FL:wwwwwwwwwwSSSS FR:SSSSSSSSSSwwww BL:SSSSSSSSSSwwww BR:wwwwwwwwwwSSSS
[mpc t=24.80 OK   iters=18 status=0]wall=0.383s N=15 | FL:wwwwwwwwwSSSSS FR:SSSSSSSSSwwwww BL:SSSSSSSSSwwwww BR:wwwwwwwwwSSSSS
[mpc t=24.82 OK   iters=10 status=0]wall=0.181s N=15 | FL:wwwwwwwwwSSSSS FR:SSSSSSSSSwwwww BL:SSSSSSSSSwwwww BR:wwwwwwwwwSSSSS
[mpc t=24.84 OK   iters=12 status=0]wall=0.219s N=15 | FL:wwwwwwwwSSSSSS FR:SSSSSSSSwwwwww BL:SSSSSSSSwwwwww BR:wwwwwwwwSSSSSS
[mpc t=24.86 OK   iters=9 status=0]wall=0.175s N=15 | FL:wwwwwwwwSSSSSS FR:SSSSSSSSwwwwww BL:SSSSSSSSwwwwww BR:wwwwwwwwSSSSSS
[mpc t=24.88 OK   iters=16 status=0]wall=0.282s N=15 | FL:wwwwwwwSSSSSSS FR:SSSSSSSwwwwwww BL:SSSSSSSwwwwwww BR:wwwwwwwSSSSSSS
[mpc t=24.90 OK   iters=9 status=0]wall=0.178s N=15 | FL:wwwwwwwSSSSSSS FR:SSSSSSSwwwwwww BL:SSSSSSSwwwwwww BR:wwwwwwwSSSSSSS
[mpc t=24.92 OK   iters=11 status=0]wall=0.252s N=15 | FL:wwwwwwSSSSSSSS FR:SSSSSSwwwwwwww BL:SSSSSSwwwwwwww BR:wwwwwwSSSSSSSS
[mpc t=24.94 OK   iters=9 status=0]wall=0.199s N=15 | FL:wwwwwwSSSSSSSS FR:SSSSSSwwwwwwww BL:SSSSSSwwwwwwww BR:wwwwwwSSSSSSSS
[mpc t=24.96 OK   iters=14 status=0]wall=0.311s N=15 | FL:wwwwwSSSSSSSSS FR:SSSSSwwwwwwwww BL:SSSSSwwwwwwwww BR:wwwwwSSSSSSSSS
[mpc t=24.98 OK   iters=9 status=0]wall=0.204s N=15 | FL:wwwwwSSSSSSSSS FR:SSSSSwwwwwwwww BL:SSSSSwwwwwwwww BR:wwwwwSSSSSSSSS
[mpc t=25.00 OK   iters=16 status=0]wall=0.352s N=15 | FL:wwwwSSSSSSSSSS FR:SSSSwwwwwwwwww BL:SSSSwwwwwwwwww BR:wwwwSSSSSSSSSS

=== MPC/FOSMC DEBUG ===
MPC solves so far: 1250 | time since last solve: 0.00s | last exception: None
GaitLogic state: WALK | walking=True turning=False jump_state=''
cmd['q_des'] (raw gait target, NOT what the MPC tracks anymore): [ 0.     0.69  -1.481 -0.     0.594 -1.012 -0.     0.566 -0.963 -0.
  0.671 -1.446]
cmd['is_stance']              : [False, True, True, False]
q_act        : [ 0.037  0.522 -1.399  0.031  0.678 -0.949  0.005  0.625 -0.936 -0.007
  1.128 -0.963]
q_des (mpc)  : [ 0.037  0.522 -1.399  0.031  0.678 -0.949  0.005  0.625 -0.936 -0.007
  1.128 -0.963]   <- converges to NOMINAL_STANCE [ 0.   0.6 -1.1  0.   0.6 -1.1  0.   0.6 -1.1  0.   0.6 -1.1], not cmd['q_des']
q plan end   : [ 0.01   0.754 -1.068 -0.011  0.423 -1.347  0.015  0.471 -1.32   0.003
  0.739 -1.099]   <- where the MPC sends the joints by node n
base v_y actual: -1.1621   base v_y commanded: -1.0000
tau0 (mpc ff): [ -0.96  99.99  31.63  74.05 -25.54  21.64 -63.32 -62.05   7.25 -13.06
 -49.87  -9.33]
pd (fosmc fb): [ 0.12 -2.07  2.25  0.02 -0.34  0.45 -0.01 -0.18  0.14 -0.02 -2.17 -0.57]
applied ctrl : [ -0.96  99.99  31.63  74.05 -25.54  21.64 -63.32 -62.05   7.25 -13.06
 -49.87  -9.33]
base pos     : [  0.0706 -26.6885   2.5316]  base quat: [9.999e-01 1.130e-02 6.600e-03 1.000e-04]
pitch (deg, + = nose down): 1.29 | foot y rel hip (+ = behind) FL FR BL BR: [-0.52  0.4   0.29  1.43]
swing-phase floor contact (2 ms steps since last print) FL FR BL BR: [0 0 0 7]
=======================

[mpc t=25.02 OK   iters=10 status=0]wall=0.230s N=15 | FL:wwwwSSSSSSSSSS FR:SSSSwwwwwwwwww BL:SSSSwwwwwwwwww BR:wwwwSSSSSSSSSS
[mpc t=25.04 OK   iters=12 status=0]wall=0.275s N=15 | FL:wwwSSSSSSSSSSS FR:SSSwwwwwwwwwww BL:SSSwwwwwwwwwww BR:wwwSSSSSSSSSSS
[mpc t=25.06 OK   iters=9 status=0]wall=0.220s N=15 | FL:wwwSSSSSSSSSSS FR:SSSwwwwwwwwwww BL:SSSwwwwwwwwwww BR:wwwSSSSSSSSSSS
[mpc t=25.08 OK   iters=12 status=0]wall=0.296s N=15 | FL:wwSSSSSSSSSSSS FR:SSwwwwwwwwwwww BL:SSwwwwwwwwwwww BR:wwSSSSSSSSSSSS
[mpc t=25.10 OK   iters=9 status=0]wall=0.279s N=15 | FL:wwSSSSSSSSSSSS FR:SSwwwwwwwwwwww BL:SSwwwwwwwwwwww BR:wwSSSSSSSSSSSS
[mpc t=25.12 OK   iters=12 status=0]wall=0.235s N=15 | FL:wSSSSSSSSSSSSS FR:Swwwwwwwwwwwww BL:Swwwwwwwwwwwww BR:wSSSSSSSSSSSSS
[mpc t=25.14 OK   iters=9 status=0]wall=0.203s N=15 | FL:wSSSSSSSSSSSSw FR:SwwwwwwwwwwwwS BL:SwwwwwwwwwwwwS BR:wSSSSSSSSSSSSw
[mpc t=25.16 OK   iters=11 status=0]wall=0.259s N=15 | FL:SSSSSSSSSSSSSw FR:wwwwwwwwwwwwwS BL:wwwwwwwwwwwwwS BR:SSSSSSSSSSSSSw
[mpc t=25.18 OK   iters=11 status=0]wall=0.272s N=15 | FL:SSSSSSSSSSSSww FR:wwwwwwwwwwwwSS BL:wwwwwwwwwwwwSS BR:SSSSSSSSSSSSww
[mpc t=25.20 OK   iters=9 status=0]wall=0.191s N=15 | FL:SSSSSSSSSSSSww FR:wwwwwwwwwwwwSS BL:wwwwwwwwwwwwSS BR:SSSSSSSSSSSSww
[mpc t=25.22 OK   iters=9 status=0]wall=0.199s N=15 | FL:SSSSSSSSSSSwww FR:wwwwwwwwwwwSSS BL:wwwwwwwwwwwSSS BR:SSSSSSSSSSSwww
[mpc t=25.24 OK   iters=8 status=0]wall=0.168s N=15 | FL:SSSSSSSSSSSwww FR:wwwwwwwwwwwSSS BL:wwwwwwwwwwwSSS BR:SSSSSSSSSSSwww
[mpc t=25.26 OK   iters=9 status=0]wall=0.184s N=15 | FL:SSSSSSSSSSwwww FR:wwwwwwwwwwSSSS BL:wwwwwwwwwwSSSS BR:SSSSSSSSSSwwww
[mpc t=25.28 OK   iters=10 status=0]wall=0.231s N=15 | FL:SSSSSSSSSSwwww FR:wwwwwwwwwwSSSS BL:wwwwwwwwwwSSSS BR:SSSSSSSSSSwwww
[mpc t=25.30 OK   iters=11 status=0]wall=0.231s N=15 | FL:SSSSSSSSSwwwww FR:wwwwwwwwwSSSSS BL:wwwwwwwwwSSSSS BR:SSSSSSSSSwwwww
[mpc t=25.32 OK   iters=11 status=0]wall=0.238s N=15 | FL:SSSSSSSSSwwwww FR:wwwwwwwwwSSSSS BL:wwwwwwwwwSSSSS BR:SSSSSSSSSwwwww
[mpc t=25.34 OK   iters=10 status=0]wall=0.197s N=15 | FL:SSSSSSSSwwwwww FR:wwwwwwwwSSSSSS BL:wwwwwwwwSSSSSS BR:SSSSSSSSwwwwww
[mpc t=25.36 OK   iters=15 status=0]wall=0.300s N=15 | FL:SSSSSSSSwwwwww FR:wwwwwwwwSSSSSS BL:wwwwwwwwSSSSSS BR:SSSSSSSSwwwwww
[mpc t=25.38 OK   iters=11 status=0]wall=0.211s N=15 | FL:SSSSSSSwwwwwww FR:wwwwwwwSSSSSSS BL:wwwwwwwSSSSSSS BR:SSSSSSSwwwwwww
[mpc t=25.40 OK   iters=12 status=0]wall=0.228s N=15 | FL:SSSSSSSwwwwwww FR:wwwwwwwSSSSSSS BL:wwwwwwwSSSSSSS BR:SSSSSSSwwwwwww
[mpc t=25.42 OK   iters=10 status=0]wall=0.177s N=15 | FL:SSSSSSwwwwwwww FR:wwwwwwSSSSSSSS BL:wwwwwwSSSSSSSS BR:SSSSSSwwwwwwww
[mpc t=25.44 OK   iters=9 status=0]wall=0.166s N=15 | FL:SSSSSSwwwwwwww FR:wwwwwwSSSSSSSS BL:wwwwwwSSSSSSSS BR:SSSSSSwwwwwwww
[mpc t=25.46 OK   iters=9 status=0]wall=0.205s N=15 | FL:SSSSSwwwwwwwww FR:wwwwwSSSSSSSSS BL:wwwwwSSSSSSSSS BR:SSSSSwwwwwwwww
[mpc t=25.48 OK   iters=8 status=0]wall=0.151s N=15 | FL:SSSSSwwwwwwwww FR:wwwwwSSSSSSSSS BL:wwwwwSSSSSSSSS BR:SSSSSwwwwwwwww
[mpc t=25.50 OK   iters=9 status=0]wall=0.168s N=15 | FL:SSSSwwwwwwwwww FR:wwwwSSSSSSSSSS BL:wwwwSSSSSSSSSS BR:SSSSwwwwwwwwww

=== MPC/FOSMC DEBUG ===
MPC solves so far: 1275 | time since last solve: 0.00s | last exception: None
GaitLogic state: WALK | walking=True turning=False jump_state=''
cmd['q_des'] (raw gait target, NOT what the MPC tracks anymore): [ 0.     0.594 -1.012 -0.     0.69  -1.481  0.     0.671 -1.446  0.
  0.566 -0.963]
cmd['is_stance']              : [True, False, False, True]
q_act        : [-0.033  0.62  -1.012 -0.009  0.526 -1.55   0.011  0.51  -1.557  0.004
  0.685 -0.917]
q_des (mpc)  : [-0.033  0.62  -1.012 -0.009  0.526 -1.55   0.011  0.51  -1.557  0.004
  0.685 -0.917]   <- converges to NOMINAL_STANCE [ 0.   0.6 -1.1  0.   0.6 -1.1  0.   0.6 -1.1  0.   0.6 -1.1], not cmd['q_des']
q plan end   : [-0.003  0.414 -1.308 -0.009  0.766 -1.238  0.006  0.692 -1.237 -0.027
  0.495 -1.335]   <- where the MPC sends the joints by node n
base v_y actual: -1.0823   base v_y commanded: -1.0000
tau0 (mpc ff): [-46.38  -3.58  32.05 -11.66  12.67  23.15   9.39   6.25  23.08  46.08
 -32.79  25.96]
pd (fosmc fb): [-0.1  -0.28  0.42  0.01  0.77  2.2  -0.1   0.74  2.19 -0.01 -0.24  0.21]
applied ctrl : [-46.38  -3.58  32.05 -11.66  12.67  23.15   9.39   6.25  23.08  46.08
 -32.79  25.96]
base pos     : [  0.1267 -27.2411   2.5289]  base quat: [ 1.0e+00  6.8e-03  1.0e-04 -2.3e-03]
pitch (deg, + = nose down): 0.77 | foot y rel hip (+ = behind) FL FR BL BR: [ 0.17 -0.65 -0.68  0.47]
swing-phase floor contact (2 ms steps since last print) FL FR BL BR: [0 6 7 0]
=======================

[mpc t=25.52 OK   iters=8 status=0]wall=0.147s N=15 | FL:SSSSwwwwwwwwww FR:wwwwSSSSSSSSSS BL:wwwwSSSSSSSSSS BR:SSSSwwwwwwwwww
[mpc t=25.54 OK   iters=9 status=0]wall=0.173s N=15 | FL:SSSwwwwwwwwwww FR:wwwSSSSSSSSSSS BL:wwwSSSSSSSSSSS BR:SSSwwwwwwwwwww
[mpc t=25.56 OK   iters=8 status=0]wall=0.148s N=15 | FL:SSSwwwwwwwwwww FR:wwwSSSSSSSSSSS BL:wwwSSSSSSSSSSS BR:SSSwwwwwwwwwww
[mpc t=25.58 OK   iters=10 status=0]wall=0.184s N=15 | FL:SSwwwwwwwwwwww FR:wwSSSSSSSSSSSS BL:wwSSSSSSSSSSSS BR:SSwwwwwwwwwwww
[mpc t=25.60 OK   iters=8 status=0]wall=0.148s N=15 | FL:SSwwwwwwwwwwww FR:wwSSSSSSSSSSSS BL:wwSSSSSSSSSSSS BR:SSwwwwwwwwwwww
[mpc t=25.62 OK   iters=9 status=0]wall=0.181s N=15 | FL:Swwwwwwwwwwwww FR:wSSSSSSSSSSSSS BL:wSSSSSSSSSSSSS BR:Swwwwwwwwwwwww
[mpc t=25.64 OK   iters=9 status=0]wall=0.160s N=15 | FL:SwwwwwwwwwwwwS FR:wSSSSSSSSSSSSw BL:wSSSSSSSSSSSSw BR:SwwwwwwwwwwwwS
[mpc t=25.66 OK   iters=9 status=0]wall=0.168s N=15 | FL:wwwwwwwwwwwwwS FR:SSSSSSSSSSSSSw BL:SSSSSSSSSSSSSw BR:wwwwwwwwwwwwwS
[mpc t=25.68 OK   iters=11 status=0]wall=0.198s N=15 | FL:wwwwwwwwwwwwSS FR:SSSSSSSSSSSSww BL:SSSSSSSSSSSSww BR:wwwwwwwwwwwwSS
[mpc t=25.70 OK   iters=16 status=0]wall=0.296s N=15 | FL:wwwwwwwwwwwwSS FR:SSSSSSSSSSSSww BL:SSSSSSSSSSSSww BR:wwwwwwwwwwwwSS
[mpc t=25.72 OK   iters=20 status=0]wall=0.366s N=15 | FL:wwwwwwwwwwwSSS FR:SSSSSSSSSSSwww BL:SSSSSSSSSSSwww BR:wwwwwwwwwwwSSS
[mpc t=25.74 OK   iters=11 status=0]wall=0.201s N=15 | FL:wwwwwwwwwwwSSS FR:SSSSSSSSSSSwww BL:SSSSSSSSSSSwww BR:wwwwwwwwwwwSSS
[mpc t=25.76 OK   iters=10 status=0]wall=0.191s N=15 | FL:wwwwwwwwwwSSSS FR:SSSSSSSSSSwwww BL:SSSSSSSSSSwwww BR:wwwwwwwwwwSSSS
[mpc t=25.78 OK   iters=10 status=0]wall=0.184s N=15 | FL:wwwwwwwwwwSSSS FR:SSSSSSSSSSwwww BL:SSSSSSSSSSwwww BR:wwwwwwwwwwSSSS
[mpc t=25.80 OK   iters=10 status=0]wall=0.179s N=15 | FL:wwwwwwwwwSSSSS FR:SSSSSSSSSwwwww BL:SSSSSSSSSwwwww BR:wwwwwwwwwSSSSS
[mpc t=25.82 OK   iters=17 status=0]wall=0.331s N=15 | FL:wwwwwwwwwSSSSS FR:SSSSSSSSSwwwww BL:SSSSSSSSSwwwww BR:wwwwwwwwwSSSSS
[mpc t=25.84 OK   iters=12 status=0]wall=0.208s N=15 | FL:wwwwwwwwSSSSSS FR:SSSSSSSSwwwwww BL:SSSSSSSSwwwwww BR:wwwwwwwwSSSSSS
[mpc t=25.86 OK   iters=9 status=0]wall=0.167s N=15 | FL:wwwwwwwwSSSSSS FR:SSSSSSSSwwwwww BL:SSSSSSSSwwwwww BR:wwwwwwwwSSSSSS
[mpc t=25.88 OK   iters=15 status=0]wall=0.263s N=15 | FL:wwwwwwwSSSSSSS FR:SSSSSSSwwwwwww BL:SSSSSSSwwwwwww BR:wwwwwwwSSSSSSS
[mpc t=25.90 OK   iters=9 status=0]wall=0.165s N=15 | FL:wwwwwwwSSSSSSS FR:SSSSSSSwwwwwww BL:SSSSSSSwwwwwww BR:wwwwwwwSSSSSSS
[mpc t=25.92 OK   iters=11 status=0]wall=0.198s N=15 | FL:wwwwwwSSSSSSSS FR:SSSSSSwwwwwwww BL:SSSSSSwwwwwwww BR:wwwwwwSSSSSSSS
[mpc t=25.94 OK   iters=9 status=0]wall=0.163s N=15 | FL:wwwwwwSSSSSSSS FR:SSSSSSwwwwwwww BL:SSSSSSwwwwwwww BR:wwwwwwSSSSSSSS
[mpc t=25.96 OK   iters=13 status=0]wall=0.225s N=15 | FL:wwwwwSSSSSSSSS FR:SSSSSwwwwwwwww BL:SSSSSwwwwwwwww BR:wwwwwSSSSSSSSS
[mpc t=25.98 OK   iters=9 status=0]wall=0.167s N=15 | FL:wwwwwSSSSSSSSS FR:SSSSSwwwwwwwww BL:SSSSSwwwwwwwww BR:wwwwwSSSSSSSSS
[mpc t=26.00 OK   iters=15 status=0]wall=0.270s N=15 | FL:wwwwSSSSSSSSSS FR:SSSSwwwwwwwwww BL:SSSSwwwwwwwwww BR:wwwwSSSSSSSSSS

=== MPC/FOSMC DEBUG ===
MPC solves so far: 1300 | time since last solve: 0.00s | last exception: None
GaitLogic state: WALK | walking=True turning=False jump_state=''
cmd['q_des'] (raw gait target, NOT what the MPC tracks anymore): [ 0.     0.69  -1.481 -0.     0.594 -1.012 -0.     0.566 -0.963 -0.
  0.671 -1.446]
cmd['is_stance']              : [False, True, True, False]
q_act        : [ 0.039  0.542 -1.418  0.02   0.683 -0.902  0.009  0.569 -0.923 -0.012
  0.592 -1.632]
q_des (mpc)  : [ 0.039  0.542 -1.418  0.02   0.683 -0.902  0.009  0.569 -0.923 -0.012
  0.592 -1.632]   <- converges to NOMINAL_STANCE [ 0.   0.6 -1.1  0.   0.6 -1.1  0.   0.6 -1.1  0.   0.6 -1.1], not cmd['q_des']
q plan end   : [ 1.200e-02  7.920e-01 -1.075e+00 -1.000e-03  3.920e-01 -1.338e+00
  2.500e-02  5.160e-01 -1.308e+00  1.000e-03  6.440e-01 -1.289e+00]   <- where the MPC sends the joints by node n
base v_y actual: -1.1993   base v_y commanded: -1.0000
tau0 (mpc ff): [ -1.24 100.    31.87  74.65 -50.64   7.7  -57.66 -58.68  10.06 -15.43
  -5.22  26.57]
pd (fosmc fb): [ 0.42 -0.71  2.23  0.03 -0.28  0.45  0.   -0.32  0.46 -0.01  1.    2.2 ]
applied ctrl : [ -1.24 100.    31.87  74.65 -50.64   7.7  -57.66 -58.68  10.06 -15.43
  -5.22  26.57]
base pos     : [  0.1407 -27.8138   2.5439]  base quat: [ 9.999e-01  9.500e-03  7.600e-03 -7.000e-04]
pitch (deg, + = nose down): 1.08 | foot y rel hip (+ = behind) FL FR BL BR: [-0.5   0.49  0.17 -0.58]
swing-phase floor contact (2 ms steps since last print) FL FR BL BR: [0 0 0 7]
=======================

[mpc t=26.02 OK   iters=9 status=0]wall=0.163s N=15 | FL:wwwwSSSSSSSSSS FR:SSSSwwwwwwwwww BL:SSSSwwwwwwwwww BR:wwwwSSSSSSSSSS
[mpc t=26.04 OK   iters=12 status=0]wall=0.211s N=15 | FL:wwwSSSSSSSSSSS FR:SSSwwwwwwwwwww BL:SSSwwwwwwwwwww BR:wwwSSSSSSSSSSS
[mpc t=26.06 OK   iters=9 status=0]wall=0.163s N=15 | FL:wwwSSSSSSSSSSS FR:SSSwwwwwwwwwww BL:SSSwwwwwwwwwww BR:wwwSSSSSSSSSSS
[mpc t=26.08 OK   iters=10 status=0]wall=0.180s N=15 | FL:wwSSSSSSSSSSSS FR:SSwwwwwwwwwwww BL:SSwwwwwwwwwwww BR:wwSSSSSSSSSSSS
[mpc t=26.10 OK   iters=9 status=0]wall=0.165s N=15 | FL:wwSSSSSSSSSSSS FR:SSwwwwwwwwwwww BL:SSwwwwwwwwwwww BR:wwSSSSSSSSSSSS
[mpc t=26.12 OK   iters=9 status=0]wall=0.172s N=15 | FL:wSSSSSSSSSSSSS FR:Swwwwwwwwwwwww BL:Swwwwwwwwwwwww BR:wSSSSSSSSSSSSS
[mpc t=26.14 OK   iters=9 status=0]wall=0.174s N=15 | FL:wSSSSSSSSSSSSw FR:SwwwwwwwwwwwwS BL:SwwwwwwwwwwwwS BR:wSSSSSSSSSSSSw
[mpc t=26.16 OK   iters=10 status=0]wall=0.193s N=15 | FL:SSSSSSSSSSSSSw FR:wwwwwwwwwwwwwS BL:wwwwwwwwwwwwwS BR:SSSSSSSSSSSSSw
[mpc t=26.18 OK   iters=11 status=0]wall=0.195s N=15 | FL:SSSSSSSSSSSSww FR:wwwwwwwwwwwwSS BL:wwwwwwwwwwwwSS BR:SSSSSSSSSSSSww
[mpc t=26.20 OK   iters=9 status=0]wall=0.165s N=15 | FL:SSSSSSSSSSSSww FR:wwwwwwwwwwwwSS BL:wwwwwwwwwwwwSS BR:SSSSSSSSSSSSww
[mpc t=26.22 OK   iters=11 status=0]wall=0.193s N=15 | FL:SSSSSSSSSSSwww FR:wwwwwwwwwwwSSS BL:wwwwwwwwwwwSSS BR:SSSSSSSSSSSwww
[mpc t=26.24 OK   iters=9 status=0]wall=0.164s N=15 | FL:SSSSSSSSSSSwww FR:wwwwwwwwwwwSSS BL:wwwwwwwwwwwSSS BR:SSSSSSSSSSSwww
[mpc t=26.26 OK   iters=9 status=0]wall=0.163s N=15 | FL:SSSSSSSSSSwwww FR:wwwwwwwwwwSSSS BL:wwwwwwwwwwSSSS BR:SSSSSSSSSSwwww
[mpc t=26.28 OK   iters=8 status=0]wall=0.157s N=15 | FL:SSSSSSSSSSwwww FR:wwwwwwwwwwSSSS BL:wwwwwwwwwwSSSS BR:SSSSSSSSSSwwww
[mpc t=26.30 OK   iters=10 status=0]wall=0.190s N=15 | FL:SSSSSSSSSwwwww FR:wwwwwwwwwSSSSS BL:wwwwwwwwwSSSSS BR:SSSSSSSSSwwwww
[mpc t=26.32 OK   iters=9 status=0]wall=0.181s N=15 | FL:SSSSSSSSSwwwww FR:wwwwwwwwwSSSSS BL:wwwwwwwwwSSSSS BR:SSSSSSSSSwwwww
[mpc t=26.34 OK   iters=10 status=0]wall=0.197s N=15 | FL:SSSSSSSSwwwwww FR:wwwwwwwwSSSSSS BL:wwwwwwwwSSSSSS BR:SSSSSSSSwwwwww
[mpc t=26.36 OK   iters=8 status=0]wall=0.159s N=15 | FL:SSSSSSSSwwwwww FR:wwwwwwwwSSSSSS BL:wwwwwwwwSSSSSS BR:SSSSSSSSwwwwww
[mpc t=26.38 OK   iters=9 status=0]wall=0.189s N=15 | FL:SSSSSSSwwwwwww FR:wwwwwwwSSSSSSS BL:wwwwwwwSSSSSSS BR:SSSSSSSwwwwwww
[mpc t=26.40 OK   iters=8 status=0]wall=0.176s N=15 | FL:SSSSSSSwwwwwww FR:wwwwwwwSSSSSSS BL:wwwwwwwSSSSSSS BR:SSSSSSSwwwwwww
[mpc t=26.42 OK   iters=8 status=0]wall=0.169s N=15 | FL:SSSSSSwwwwwwww FR:wwwwwwSSSSSSSS BL:wwwwwwSSSSSSSS BR:SSSSSSwwwwwwww
[mpc t=26.44 OK   iters=8 status=0]wall=0.159s N=15 | FL:SSSSSSwwwwwwww FR:wwwwwwSSSSSSSS BL:wwwwwwSSSSSSSS BR:SSSSSSwwwwwwww
[mpc t=26.46 OK   iters=9 status=0]wall=0.179s N=15 | FL:SSSSSwwwwwwwww FR:wwwwwSSSSSSSSS BL:wwwwwSSSSSSSSS BR:SSSSSwwwwwwwww
[mpc t=26.48 OK   iters=8 status=0]wall=0.148s N=15 | FL:SSSSSwwwwwwwww FR:wwwwwSSSSSSSSS BL:wwwwwSSSSSSSSS BR:SSSSSwwwwwwwww
[mpc t=26.50 OK   iters=9 status=0]wall=0.176s N=15 | FL:SSSSwwwwwwwwww FR:wwwwSSSSSSSSSS BL:wwwwSSSSSSSSSS BR:SSSSwwwwwwwwww

=== MPC/FOSMC DEBUG ===
MPC solves so far: 1325 | time since last solve: 0.00s | last exception: None
GaitLogic state: WALK | walking=True turning=False jump_state=''
cmd['q_des'] (raw gait target, NOT what the MPC tracks anymore): [ 0.     0.594 -1.012 -0.     0.69  -1.481  0.     0.671 -1.446  0.
  0.566 -0.963]
cmd['is_stance']              : [True, False, False, True]
q_act        : [-0.     0.673 -0.9   -0.013  0.557 -1.608  0.006  0.463 -1.499  0.005
  0.516 -1.018]
q_des (mpc)  : [-0.     0.673 -0.9   -0.013  0.557 -1.608  0.006  0.463 -1.499  0.005
  0.516 -1.018]   <- converges to NOMINAL_STANCE [ 0.   0.6 -1.1  0.   0.6 -1.1  0.   0.6 -1.1  0.   0.6 -1.1], not cmd['q_des']
q plan end   : [-0.005  0.396 -1.318 -0.005  0.714 -1.318  0.009  0.722 -1.182 -0.028
  0.536 -1.298]   <- where the MPC sends the joints by node n
base v_y actual: -1.0153   base v_y commanded: -1.0000
tau0 (mpc ff): [-50.2  -30.3   18.2  -12.93   8.72  24.59  12.14  15.77  21.75  51.28
   0.97  43.06]
pd (fosmc fb): [-0.02 -0.24  0.38  0.09  2.07  2.18  0.01  0.94  2.18 -0.   -0.24  0.37]
applied ctrl : [-50.2  -30.3   18.2  -12.93   8.72  24.59  12.14  15.77  21.75  51.28
   0.97  43.06]
base pos     : [  0.2011 -28.3657   2.5271]  base quat: [ 1.0e+00  3.6e-03  2.2e-03 -3.0e-04]
pitch (deg, + = nose down): 0.41 | foot y rel hip (+ = behind) FL FR BL BR: [ 0.46 -0.63 -0.73 -0.09]
swing-phase floor contact (2 ms steps since last print) FL FR BL BR: [0 7 4 0]
=======================

[mpc t=26.52 OK   iters=8 status=0]wall=0.155s N=15 | FL:SSSSwwwwwwwwww FR:wwwwSSSSSSSSSS BL:wwwwSSSSSSSSSS BR:SSSSwwwwwwwwww
[mpc t=26.54 OK   iters=9 status=0]wall=0.204s N=15 | FL:SSSwwwwwwwwwww FR:wwwSSSSSSSSSSS BL:wwwSSSSSSSSSSS BR:SSSwwwwwwwwwww
[mpc t=26.56 OK   iters=8 status=0]wall=0.172s N=15 | FL:SSSwwwwwwwwwww FR:wwwSSSSSSSSSSS BL:wwwSSSSSSSSSSS BR:SSSwwwwwwwwwww
[mpc t=26.58 OK   iters=9 status=0]wall=0.170s N=15 | FL:SSwwwwwwwwwwww FR:wwSSSSSSSSSSSS BL:wwSSSSSSSSSSSS BR:SSwwwwwwwwwwww
[mpc t=26.60 OK   iters=8 status=0]wall=0.167s N=15 | FL:SSwwwwwwwwwwww FR:wwSSSSSSSSSSSS BL:wwSSSSSSSSSSSS BR:SSwwwwwwwwwwww
[mpc t=26.62 OK   iters=9 status=0]wall=0.194s N=15 | FL:Swwwwwwwwwwwww FR:wSSSSSSSSSSSSS BL:wSSSSSSSSSSSSS BR:Swwwwwwwwwwwww
[mpc t=26.64 OK   iters=8 status=0]wall=0.165s N=15 | FL:SwwwwwwwwwwwwS FR:wSSSSSSSSSSSSw BL:wSSSSSSSSSSSSw BR:SwwwwwwwwwwwwS
[mpc t=26.66 OK   iters=12 status=0]wall=0.228s N=15 | FL:wwwwwwwwwwwwwS FR:SSSSSSSSSSSSSw BL:SSSSSSSSSSSSSw BR:wwwwwwwwwwwwwS
[mpc t=26.68 OK   iters=10 status=0]wall=0.200s N=15 | FL:wwwwwwwwwwwwSS FR:SSSSSSSSSSSSww BL:SSSSSSSSSSSSww BR:wwwwwwwwwwwwSS
[mpc t=26.70 OK   iters=9 status=0]wall=0.191s N=15 | FL:wwwwwwwwwwwwSS FR:SSSSSSSSSSSSww BL:SSSSSSSSSSSSww BR:wwwwwwwwwwwwSS
[mpc t=26.72 OK   iters=9 status=0]wall=0.184s N=15 | FL:wwwwwwwwwwwSSS FR:SSSSSSSSSSSwww BL:SSSSSSSSSSSwww BR:wwwwwwwwwwwSSS
[mpc t=26.74 OK   iters=10 status=0]wall=0.205s N=15 | FL:wwwwwwwwwwwSSS FR:SSSSSSSSSSSwww BL:SSSSSSSSSSSwww BR:wwwwwwwwwwwSSS
[mpc t=26.76 OK   iters=9 status=0]wall=0.189s N=15 | FL:wwwwwwwwwwSSSS FR:SSSSSSSSSSwwww BL:SSSSSSSSSSwwww BR:wwwwwwwwwwSSSS
[mpc t=26.78 OK   iters=9 status=0]wall=0.190s N=15 | FL:wwwwwwwwwwSSSS FR:SSSSSSSSSSwwww BL:SSSSSSSSSSwwww BR:wwwwwwwwwwSSSS
[mpc t=26.80 OK   iters=10 status=0]wall=0.184s N=15 | FL:wwwwwwwwwSSSSS FR:SSSSSSSSSwwwww BL:SSSSSSSSSwwwww BR:wwwwwwwwwSSSSS
[mpc t=26.82 OK   iters=10 status=0]wall=0.196s N=15 | FL:wwwwwwwwwSSSSS FR:SSSSSSSSSwwwww BL:SSSSSSSSSwwwww BR:wwwwwwwwwSSSSS
[mpc t=26.84 OK   iters=12 status=0]wall=0.221s N=15 | FL:wwwwwwwwSSSSSS FR:SSSSSSSSwwwwww BL:SSSSSSSSwwwwww BR:wwwwwwwwSSSSSS
[mpc t=26.86 OK   iters=8 status=0]wall=0.152s N=15 | FL:wwwwwwwwSSSSSS FR:SSSSSSSSwwwwww BL:SSSSSSSSwwwwww BR:wwwwwwwwSSSSSS
[mpc t=26.88 OK   iters=12 status=0]wall=0.212s N=15 | FL:wwwwwwwSSSSSSS FR:SSSSSSSwwwwwww BL:SSSSSSSwwwwwww BR:wwwwwwwSSSSSSS
[mpc t=26.90 OK   iters=10 status=0]wall=0.195s N=15 | FL:wwwwwwwSSSSSSS FR:SSSSSSSwwwwwww BL:SSSSSSSwwwwwww BR:wwwwwwwSSSSSSS
[mpc t=26.92 OK   iters=10 status=0]wall=0.205s N=15 | FL:wwwwwwSSSSSSSS FR:SSSSSSwwwwwwww BL:SSSSSSwwwwwwww BR:wwwwwwSSSSSSSS
[mpc t=26.94 OK   iters=8 status=0]wall=0.170s N=15 | FL:wwwwwwSSSSSSSS FR:SSSSSSwwwwwwww BL:SSSSSSwwwwwwww BR:wwwwwwSSSSSSSS
[mpc t=26.96 OK   iters=9 status=0]wall=0.184s N=15 | FL:wwwwwSSSSSSSSS FR:SSSSSwwwwwwwww BL:SSSSSwwwwwwwww BR:wwwwwSSSSSSSSS
[mpc t=26.98 OK   iters=8 status=0]wall=0.171s N=15 | FL:wwwwwSSSSSSSSS FR:SSSSSwwwwwwwww BL:SSSSSwwwwwwwww BR:wwwwwSSSSSSSSS
[mpc t=27.00 OK   iters=9 status=0]wall=0.178s N=15 | FL:wwwwSSSSSSSSSS FR:SSSSwwwwwwwwww BL:SSSSwwwwwwwwww BR:wwwwSSSSSSSSSS

=== MPC/FOSMC DEBUG ===
MPC solves so far: 1350 | time since last solve: 0.00s | last exception: None
GaitLogic state: WALK | walking=True turning=False jump_state=''
cmd['q_des'] (raw gait target, NOT what the MPC tracks anymore): [ 0.     0.69  -1.481 -0.     0.594 -1.012 -0.     0.566 -0.963 -0.
  0.671 -1.446]
cmd['is_stance']              : [False, True, True, False]
q_act        : [ 0.012  0.535 -1.562  0.01   0.613 -0.992 -0.019  0.646 -0.952 -0.007
  0.495 -1.424]
q_des (mpc)  : [ 0.012  0.535 -1.562  0.01   0.613 -0.992 -0.019  0.646 -0.952 -0.007
  0.495 -1.424]   <- converges to NOMINAL_STANCE [ 0.   0.6 -1.1  0.   0.6 -1.1  0.   0.6 -1.1  0.   0.6 -1.1], not cmd['q_des']
q plan end   : [ 0.007  0.729 -1.264 -0.002  0.43  -1.315  0.023  0.498 -1.32  -0.002
  0.708 -1.04 ]   <- where the MPC sends the joints by node n
base v_y actual: -1.0651   base v_y commanded: -1.0000
tau0 (mpc ff): [ 11.53   8.32  23.09  46.75   1.24  34.54 -50.2  -20.63  29.3   -6.33
   6.78  20.43]
pd (fosmc fb): [ 0.02  2.06  2.18  0.01 -0.07  0.24 -0.05 -0.27  0.43  0.26  0.02  2.21]
applied ctrl : [ 11.53   8.32  23.09  46.75   1.24  34.54 -50.2  -20.63  29.3   -6.33
   6.78  20.43]
base pos     : [  0.2019 -28.8798   2.5366]  base quat: [1.     0.0039 0.0014 0.0045]
pitch (deg, + = nose down): 0.44 | foot y rel hip (+ = behind) FL FR BL BR: [-0.64  0.18  0.32 -0.61]
swing-phase floor contact (2 ms steps since last print) FL FR BL BR: [7 0 0 0]
=======================

[mpc t=27.02 OK   iters=8 status=0]wall=0.157s N=15 | FL:wwwwSSSSSSSSSS FR:SSSSwwwwwwwwww BL:SSSSwwwwwwwwww BR:wwwwSSSSSSSSSS
[mpc t=27.04 OK   iters=9 status=0]wall=0.177s N=15 | FL:wwwSSSSSSSSSSS FR:SSSwwwwwwwwwww BL:SSSwwwwwwwwwww BR:wwwSSSSSSSSSSS
[mpc t=27.06 OK   iters=8 status=0]wall=0.156s N=15 | FL:wwwSSSSSSSSSSS FR:SSSwwwwwwwwwww BL:SSSwwwwwwwwwww BR:wwwSSSSSSSSSSS
[mpc t=27.08 OK   iters=9 status=0]wall=0.172s N=15 | FL:wwSSSSSSSSSSSS FR:SSwwwwwwwwwwww BL:SSwwwwwwwwwwww BR:wwSSSSSSSSSSSS
[mpc t=27.10 OK   iters=8 status=0]wall=0.162s N=15 | FL:wwSSSSSSSSSSSS FR:SSwwwwwwwwwwww BL:SSwwwwwwwwwwww BR:wwSSSSSSSSSSSS
[mpc t=27.12 OK   iters=9 status=0]wall=0.172s N=15 | FL:wSSSSSSSSSSSSS FR:Swwwwwwwwwwwww BL:Swwwwwwwwwwwww BR:wSSSSSSSSSSSSS
[mpc t=27.14 OK   iters=9 status=0]wall=0.171s N=15 | FL:wSSSSSSSSSSSSw FR:SwwwwwwwwwwwwS BL:SwwwwwwwwwwwwS BR:wSSSSSSSSSSSSw
[mpc t=27.16 OK   iters=9 status=0]wall=0.169s N=15 | FL:SSSSSSSSSSSSSw FR:wwwwwwwwwwwwwS BL:wwwwwwwwwwwwwS BR:SSSSSSSSSSSSSw
[mpc t=27.18 OK   iters=14 status=0]wall=0.249s N=15 | FL:SSSSSSSSSSSSww FR:wwwwwwwwwwwwSS BL:wwwwwwwwwwwwSS BR:SSSSSSSSSSSSww
[mpc t=27.20 OK   iters=10 status=0]wall=0.177s N=15 | FL:SSSSSSSSSSSSww FR:wwwwwwwwwwwwSS BL:wwwwwwwwwwwwSS BR:SSSSSSSSSSSSww
[mpc t=27.22 OK   iters=10 status=0]wall=0.189s N=15 | FL:SSSSSSSSSSSwww FR:wwwwwwwwwwwSSS BL:wwwwwwwwwwwSSS BR:SSSSSSSSSSSwww
[mpc t=27.24 OK   iters=22 status=0]wall=0.433s N=15 | FL:SSSSSSSSSSSwww FR:wwwwwwwwwwwSSS BL:wwwwwwwwwwwSSS BR:SSSSSSSSSSSwww
[mpc t=27.26 OK   iters=11 status=0]wall=0.194s N=15 | FL:SSSSSSSSSSwwww FR:wwwwwwwwwwSSSS BL:wwwwwwwwwwSSSS BR:SSSSSSSSSSwwww
[mpc t=27.28 OK   iters=10 status=0]wall=0.183s N=15 | FL:SSSSSSSSSSwwww FR:wwwwwwwwwwSSSS BL:wwwwwwwwwwSSSS BR:SSSSSSSSSSwwww
[mpc t=27.30 OK   iters=13 status=0]wall=0.225s N=15 | FL:SSSSSSSSSwwwww FR:wwwwwwwwwSSSSS BL:wwwwwwwwwSSSSS BR:SSSSSSSSSwwwww
[mpc t=27.32 OK   iters=9 status=0]wall=0.165s N=15 | FL:SSSSSSSSSwwwww FR:wwwwwwwwwSSSSS BL:wwwwwwwwwSSSSS BR:SSSSSSSSSwwwww
[mpc t=27.34 OK   iters=13 status=0]wall=0.228s N=15 | FL:SSSSSSSSwwwwww FR:wwwwwwwwSSSSSS BL:wwwwwwwwSSSSSS BR:SSSSSSSSwwwwww
[mpc t=27.36 OK   iters=10 status=0]wall=0.182s N=15 | FL:SSSSSSSSwwwwww FR:wwwwwwwwSSSSSS BL:wwwwwwwwSSSSSS BR:SSSSSSSSwwwwww
[mpc t=27.38 OK   iters=11 status=0]wall=0.197s N=15 | FL:SSSSSSSwwwwwww FR:wwwwwwwSSSSSSS BL:wwwwwwwSSSSSSS BR:SSSSSSSwwwwwww
[mpc t=27.40 OK   iters=11 status=0]wall=0.194s N=15 | FL:SSSSSSSwwwwwww FR:wwwwwwwSSSSSSS BL:wwwwwwwSSSSSSS BR:SSSSSSSwwwwwww
[mpc t=27.42 OK   iters=10 status=0]wall=0.205s N=15 | FL:SSSSSSwwwwwwww FR:wwwwwwSSSSSSSS BL:wwwwwwSSSSSSSS BR:SSSSSSwwwwwwww
[mpc t=27.44 OK   iters=8 status=0]wall=0.163s N=15 | FL:SSSSSSwwwwwwww FR:wwwwwwSSSSSSSS BL:wwwwwwSSSSSSSS BR:SSSSSSwwwwwwww
[mpc t=27.46 OK   iters=11 status=0]wall=0.195s N=15 | FL:SSSSSwwwwwwwww FR:wwwwwSSSSSSSSS BL:wwwwwSSSSSSSSS BR:SSSSSwwwwwwwww
[mpc t=27.48 OK   iters=8 status=0]wall=0.160s N=15 | FL:SSSSSwwwwwwwww FR:wwwwwSSSSSSSSS BL:wwwwwSSSSSSSSS BR:SSSSSwwwwwwwww
[mpc t=27.50 OK   iters=15 status=0]wall=0.272s N=15 | FL:SSSSwwwwwwwwww FR:wwwwSSSSSSSSSS BL:wwwwSSSSSSSSSS BR:SSSSwwwwwwwwww

=== MPC/FOSMC DEBUG ===
MPC solves so far: 1375 | time since last solve: 0.00s | last exception: None
GaitLogic state: WALK | walking=True turning=False jump_state=''
cmd['q_des'] (raw gait target, NOT what the MPC tracks anymore): [ 0.     0.594 -1.012 -0.     0.69  -1.481  0.     0.671 -1.446  0.
  0.566 -0.963]
cmd['is_stance']              : [True, False, False, True]
q_act        : [-0.027  0.632 -0.977 -0.027  0.493 -1.431  0.01   0.518 -1.546  0.002
  0.658 -0.89 ]
q_des (mpc)  : [-0.027  0.632 -0.977 -0.027  0.493 -1.431  0.01   0.518 -1.546  0.002
  0.658 -0.89 ]   <- converges to NOMINAL_STANCE [ 0.   0.6 -1.1  0.   0.6 -1.1  0.   0.6 -1.1  0.   0.6 -1.1], not cmd['q_des']
q plan end   : [ 3.000e-03  4.180e-01 -1.323e+00 -1.100e-02  7.880e-01 -1.107e+00
 -1.000e-03  6.700e-01 -1.216e+00 -2.300e-02  4.860e-01 -1.332e+00]   <- where the MPC sends the joints by node n
base v_y actual: -1.1718   base v_y commanded: -1.0000
tau0 (mpc ff): [-67.78 -32.61  19.1   -8.19  99.89  30.06  15.74   1.26  23.26  60.03
 -79.63  -1.19]
pd (fosmc fb): [-0.09 -0.23  0.39 -0.23 -0.63  2.23 -0.2   0.73  2.19 -0.02 -0.27  0.35]
applied ctrl : [-67.78 -32.61  19.1   -8.19  99.89  30.06  15.74   1.26  23.26  60.03
 -79.63  -1.19]
base pos     : [  0.1979 -29.4342   2.5405]  base quat: [ 1.      0.0087 -0.004   0.0026]
pitch (deg, + = nose down): 1.00 | foot y rel hip (+ = behind) FL FR BL BR: [ 0.25 -0.61 -0.66  0.44]
swing-phase floor contact (2 ms steps since last print) FL FR BL BR: [0 0 6 0]
=======================

[mpc t=27.52 OK   iters=16 status=0]wall=0.319s N=15 | FL:SSSSwwwwwwwwww FR:wwwwSSSSSSSSSS BL:wwwwSSSSSSSSSS BR:SSSSwwwwwwwwww
[mpc t=27.54 OK   iters=10 status=0]wall=0.190s N=15 | FL:SSSwwwwwwwwwww FR:wwwSSSSSSSSSSS BL:wwwSSSSSSSSSSS BR:SSSwwwwwwwwwww
[mpc t=27.56 OK   iters=8 status=0]wall=0.150s N=15 | FL:SSSwwwwwwwwwww FR:wwwSSSSSSSSSSS BL:wwwSSSSSSSSSSS BR:SSSwwwwwwwwwww
[mpc t=27.58 OK   iters=9 status=0]wall=0.175s N=15 | FL:SSwwwwwwwwwwww FR:wwSSSSSSSSSSSS BL:wwSSSSSSSSSSSS BR:SSwwwwwwwwwwww
[mpc t=27.60 OK   iters=8 status=0]wall=0.161s N=15 | FL:SSwwwwwwwwwwww FR:wwSSSSSSSSSSSS BL:wwSSSSSSSSSSSS BR:SSwwwwwwwwwwww
[mpc t=27.62 OK   iters=9 status=0]wall=0.170s N=15 | FL:Swwwwwwwwwwwww FR:wSSSSSSSSSSSSS BL:wSSSSSSSSSSSSS BR:Swwwwwwwwwwwww
[mpc t=27.64 OK   iters=9 status=0]wall=0.169s N=15 | FL:SwwwwwwwwwwwwS FR:wSSSSSSSSSSSSw BL:wSSSSSSSSSSSSw BR:SwwwwwwwwwwwwS
[mpc t=27.66 OK   iters=9 status=0]wall=0.170s N=15 | FL:wwwwwwwwwwwwwS FR:SSSSSSSSSSSSSw BL:SSSSSSSSSSSSSw BR:wwwwwwwwwwwwwS
[mpc t=27.68 OK   iters=12 status=0]wall=0.215s N=15 | FL:wwwwwwwwwwwwSS FR:SSSSSSSSSSSSww BL:SSSSSSSSSSSSww BR:wwwwwwwwwwwwSS
[mpc t=27.70 OK   iters=11 status=0]wall=0.211s N=15 | FL:wwwwwwwwwwwwSS FR:SSSSSSSSSSSSww BL:SSSSSSSSSSSSww BR:wwwwwwwwwwwwSS
[mpc t=27.72 OK   iters=11 status=0]wall=0.200s N=15 | FL:wwwwwwwwwwwSSS FR:SSSSSSSSSSSwww BL:SSSSSSSSSSSwww BR:wwwwwwwwwwwSSS
[mpc t=27.74 OK   iters=10 status=0]wall=0.208s N=15 | FL:wwwwwwwwwwwSSS FR:SSSSSSSSSSSwww BL:SSSSSSSSSSSwww BR:wwwwwwwwwwwSSS
[mpc t=27.76 OK   iters=16 status=0]wall=0.332s N=15 | FL:wwwwwwwwwwSSSS FR:SSSSSSSSSSwwww BL:SSSSSSSSSSwwww BR:wwwwwwwwwwSSSS
[mpc t=27.78 OK   iters=10 status=0]wall=0.207s N=15 | FL:wwwwwwwwwwSSSS FR:SSSSSSSSSSwwww BL:SSSSSSSSSSwwww BR:wwwwwwwwwwSSSS
[mpc t=27.80 OK   iters=13 status=0]wall=0.233s N=15 | FL:wwwwwwwwwSSSSS FR:SSSSSSSSSwwwww BL:SSSSSSSSSwwwww BR:wwwwwwwwwSSSSS
[mpc t=27.82 OK   iters=10 status=0]wall=0.184s N=15 | FL:wwwwwwwwwSSSSS FR:SSSSSSSSSwwwww BL:SSSSSSSSSwwwww BR:wwwwwwwwwSSSSS
[mpc t=27.84 OK   iters=14 status=0]wall=0.257s N=15 | FL:wwwwwwwwSSSSSS FR:SSSSSSSSwwwwww BL:SSSSSSSSwwwwww BR:wwwwwwwwSSSSSS
[mpc t=27.86 OK   iters=9 status=0]wall=0.192s N=15 | FL:wwwwwwwwSSSSSS FR:SSSSSSSSwwwwww BL:SSSSSSSSwwwwww BR:wwwwwwwwSSSSSS
[mpc t=27.88 OK   iters=12 status=0]wall=0.226s N=15 | FL:wwwwwwwSSSSSSS FR:SSSSSSSwwwwwww BL:SSSSSSSwwwwwww BR:wwwwwwwSSSSSSS
[mpc t=27.90 OK   iters=11 status=0]wall=0.216s N=15 | FL:wwwwwwwSSSSSSS FR:SSSSSSSwwwwwww BL:SSSSSSSwwwwwww BR:wwwwwwwSSSSSSS
[mpc t=27.92 OK   iters=11 status=0]wall=0.222s N=15 | FL:wwwwwwSSSSSSSS FR:SSSSSSwwwwwwww BL:SSSSSSwwwwwwww BR:wwwwwwSSSSSSSS
[mpc t=27.94 OK   iters=9 status=0]wall=0.188s N=15 | FL:wwwwwwSSSSSSSS FR:SSSSSSwwwwwwww BL:SSSSSSwwwwwwww BR:wwwwwwSSSSSSSS
[mpc t=27.96 OK   iters=11 status=0]wall=0.232s N=15 | FL:wwwwwSSSSSSSSS FR:SSSSSwwwwwwwww BL:SSSSSwwwwwwwww BR:wwwwwSSSSSSSSS
[mpc t=27.98 OK   iters=9 status=0]wall=0.171s N=15 | FL:wwwwwSSSSSSSSS FR:SSSSSwwwwwwwww BL:SSSSSwwwwwwwww BR:wwwwwSSSSSSSSS
[mpc t=28.00 OK   iters=11 status=0]wall=0.209s N=15 | FL:wwwwSSSSSSSSSS FR:SSSSwwwwwwwwww BL:SSSSwwwwwwwwww BR:wwwwSSSSSSSSSS

=== MPC/FOSMC DEBUG ===
MPC solves so far: 1400 | time since last solve: 0.00s | last exception: None
GaitLogic state: WALK | walking=True turning=False jump_state=''
cmd['q_des'] (raw gait target, NOT what the MPC tracks anymore): [ 0.     0.69  -1.481 -0.     0.594 -1.012 -0.     0.566 -0.963 -0.
  0.671 -1.446]
cmd['is_stance']              : [False, True, True, False]
q_act        : [ 0.024  0.498 -1.459  0.026  0.704 -0.909  0.006  0.55  -0.962 -0.01
  0.556 -1.628]
q_des (mpc)  : [ 0.024  0.498 -1.459  0.026  0.704 -0.909  0.006  0.55  -0.962 -0.01
  0.556 -1.628]   <- converges to NOMINAL_STANCE [ 0.   0.6 -1.1  0.   0.6 -1.1  0.   0.6 -1.1  0.   0.6 -1.1], not cmd['q_des']
q plan end   : [ 0.011  0.787 -1.144  0.002  0.385 -1.334  0.027  0.528 -1.303 -0.003
  0.65  -1.303]   <- where the MPC sends the joints by node n
base v_y actual: -1.1488   base v_y commanded: -1.0000
tau0 (mpc ff): [ 12.39  67.44  28.32  64.92 -48.85  10.03 -60.51 -38.52  23.32 -16.69
  -0.7   25.6 ]
pd (fosmc fb): [ 0.16 -0.48  2.22  0.07 -0.33  0.46  0.04 -0.3   0.39  0.15  1.04  2.19]
applied ctrl : [ 12.39  67.44  28.32  64.92 -48.85  10.03 -60.51 -38.52  23.32 -16.69
  -0.7   25.6 ]
base pos     : [  0.1842 -30.0168   2.5357]  base quat: [0.9999 0.0078 0.0052 0.0039]
pitch (deg, + = nose down): 0.90 | foot y rel hip (+ = behind) FL FR BL BR: [-0.62  0.53  0.07 -0.65]
swing-phase floor contact (2 ms steps since last print) FL FR BL BR: [3 0 0 7]
=======================

[mpc t=28.02 OK   iters=9 status=0]wall=0.169s N=15 | FL:wwwwSSSSSSSSSS FR:SSSSwwwwwwwwww BL:SSSSwwwwwwwwww BR:wwwwSSSSSSSSSS
[mpc t=28.04 OK   iters=9 status=0]wall=0.169s N=15 | FL:wwwSSSSSSSSSSS FR:SSSwwwwwwwwwww BL:SSSwwwwwwwwwww BR:wwwSSSSSSSSSSS
[mpc t=28.06 OK   iters=8 status=0]wall=0.174s N=15 | FL:wwwSSSSSSSSSSS FR:SSSwwwwwwwwwww BL:SSSwwwwwwwwwww BR:wwwSSSSSSSSSSS
[mpc t=28.08 OK   iters=9 status=0]wall=0.187s N=15 | FL:wwSSSSSSSSSSSS FR:SSwwwwwwwwwwww BL:SSwwwwwwwwwwww BR:wwSSSSSSSSSSSS
[mpc t=28.10 OK   iters=8 status=0]wall=0.157s N=15 | FL:wwSSSSSSSSSSSS FR:SSwwwwwwwwwwww BL:SSwwwwwwwwwwww BR:wwSSSSSSSSSSSS
[mpc t=28.12 OK   iters=10 status=0]wall=0.184s N=15 | FL:wSSSSSSSSSSSSS FR:Swwwwwwwwwwwww BL:Swwwwwwwwwwwww BR:wSSSSSSSSSSSSS
[mpc t=28.14 OK   iters=9 status=0]wall=0.170s N=15 | FL:wSSSSSSSSSSSSw FR:SwwwwwwwwwwwwS BL:SwwwwwwwwwwwwS BR:wSSSSSSSSSSSSw
[mpc t=28.16 OK   iters=15 status=0]wall=0.285s N=15 | FL:SSSSSSSSSSSSSw FR:wwwwwwwwwwwwwS BL:wwwwwwwwwwwwwS BR:SSSSSSSSSSSSSw
[mpc t=28.18 OK   iters=10 status=0]wall=0.179s N=15 | FL:SSSSSSSSSSSSww FR:wwwwwwwwwwwwSS BL:wwwwwwwwwwwwSS BR:SSSSSSSSSSSSww
[mpc t=28.20 OK   iters=11 status=0]wall=0.207s N=15 | FL:SSSSSSSSSSSSww FR:wwwwwwwwwwwwSS BL:wwwwwwwwwwwwSS BR:SSSSSSSSSSSSww
[mpc t=28.22 OK   iters=11 status=0]wall=0.206s N=15 | FL:SSSSSSSSSSSwww FR:wwwwwwwwwwwSSS BL:wwwwwwwwwwwSSS BR:SSSSSSSSSSSwww
[mpc t=28.24 OK   iters=9 status=0]wall=0.172s N=15 | FL:SSSSSSSSSSSwww FR:wwwwwwwwwwwSSS BL:wwwwwwwwwwwSSS BR:SSSSSSSSSSSwww
[mpc t=28.26 OK   iters=9 status=0]wall=0.191s N=15 | FL:SSSSSSSSSSwwww FR:wwwwwwwwwwSSSS BL:wwwwwwwwwwSSSS BR:SSSSSSSSSSwwww
[mpc t=28.28 OK   iters=9 status=0]wall=0.188s N=15 | FL:SSSSSSSSSSwwww FR:wwwwwwwwwwSSSS BL:wwwwwwwwwwSSSS BR:SSSSSSSSSSwwww
[mpc t=28.30 OK   iters=12 status=0]wall=0.240s N=15 | FL:SSSSSSSSSwwwww FR:wwwwwwwwwSSSSS BL:wwwwwwwwwSSSSS BR:SSSSSSSSSwwwww
[mpc t=28.32 OK   iters=10 status=0]wall=0.201s N=15 | FL:SSSSSSSSSwwwww FR:wwwwwwwwwSSSSS BL:wwwwwwwwwSSSSS BR:SSSSSSSSSwwwww
[mpc t=28.34 OK   iters=10 status=0]wall=0.188s N=15 | FL:SSSSSSSSwwwwww FR:wwwwwwwwSSSSSS BL:wwwwwwwwSSSSSS BR:SSSSSSSSwwwwww
[mpc t=28.36 OK   iters=10 status=0]wall=0.189s N=15 | FL:SSSSSSSSwwwwww FR:wwwwwwwwSSSSSS BL:wwwwwwwwSSSSSS BR:SSSSSSSSwwwwww
[mpc t=28.38 OK   iters=11 status=0]wall=0.205s N=15 | FL:SSSSSSSwwwwwww FR:wwwwwwwSSSSSSS BL:wwwwwwwSSSSSSS BR:SSSSSSSwwwwwww
[mpc t=28.40 OK   iters=9 status=0]wall=0.167s N=15 | FL:SSSSSSSwwwwwww FR:wwwwwwwSSSSSSS BL:wwwwwwwSSSSSSS BR:SSSSSSSwwwwwww
[mpc t=28.42 OK   iters=9 status=0]wall=0.168s N=15 | FL:SSSSSSwwwwwwww FR:wwwwwwSSSSSSSS BL:wwwwwwSSSSSSSS BR:SSSSSSwwwwwwww
[mpc t=28.44 OK   iters=8 status=0]wall=0.148s N=15 | FL:SSSSSSwwwwwwww FR:wwwwwwSSSSSSSS BL:wwwwwwSSSSSSSS BR:SSSSSSwwwwwwww
[mpc t=28.46 OK   iters=9 status=0]wall=0.208s N=15 | FL:SSSSSwwwwwwwww FR:wwwwwSSSSSSSSS BL:wwwwwSSSSSSSSS BR:SSSSSwwwwwwwww
[mpc t=28.48 OK   iters=8 status=0]wall=0.165s N=15 | FL:SSSSSwwwwwwwww FR:wwwwwSSSSSSSSS BL:wwwwwSSSSSSSSS BR:SSSSSwwwwwwwww
[mpc t=28.50 OK   iters=9 status=0]wall=0.177s N=15 | FL:SSSSwwwwwwwwww FR:wwwwSSSSSSSSSS BL:wwwwSSSSSSSSSS BR:SSSSwwwwwwwwww

=== MPC/FOSMC DEBUG ===
MPC solves so far: 1425 | time since last solve: 0.00s | last exception: None
GaitLogic state: WALK | walking=True turning=False jump_state=''
cmd['q_des'] (raw gait target, NOT what the MPC tracks anymore): [ 0.     0.594 -1.012 -0.     0.69  -1.481  0.     0.671 -1.446  0.
  0.566 -0.963]
cmd['is_stance']              : [True, False, False, True]
q_act        : [ 0.006  0.659 -0.905 -0.013  0.569 -1.621  0.005  0.464 -1.459  0.004
  0.517 -1.014]
q_des (mpc)  : [ 0.006  0.659 -0.905 -0.013  0.569 -1.621  0.005  0.464 -1.459  0.004
  0.517 -1.014]   <- converges to NOMINAL_STANCE [ 0.   0.6 -1.1  0.   0.6 -1.1  0.   0.6 -1.1  0.   0.6 -1.1], not cmd['q_des']
q plan end   : [-0.003  0.404 -1.319 -0.005  0.702 -1.327  0.007  0.731 -1.116 -0.027
  0.53  -1.299]   <- where the MPC sends the joints by node n
base v_y actual: -1.0047   base v_y commanded: -1.0000
tau0 (mpc ff): [-50.75 -25.73  20.74 -12.71   6.37  24.98  12.    16.23  21.04  52.12
   1.71  42.74]
pd (fosmc fb): [-0.01 -0.23  0.38  0.11  2.06  2.19  0.03  0.79  2.19  0.   -0.24  0.39]
applied ctrl : [-50.75 -25.73  20.74 -12.71   6.37  24.98  12.    16.23  21.04  52.12
   1.71  42.74]
base pos     : [  0.2358 -30.552    2.5277]  base quat: [1.     0.0033 0.0024 0.0056]
pitch (deg, + = nose down): 0.38 | foot y rel hip (+ = behind) FL FR BL BR: [ 0.42 -0.62 -0.7  -0.08]
swing-phase floor contact (2 ms steps since last print) FL FR BL BR: [0 7 0 0]
=======================

[mpc t=28.52 OK   iters=8 status=0]wall=0.154s N=15 | FL:SSSSwwwwwwwwww FR:wwwwSSSSSSSSSS BL:wwwwSSSSSSSSSS BR:SSSSwwwwwwwwww
[mpc t=28.54 OK   iters=9 status=0]wall=0.196s N=15 | FL:SSSwwwwwwwwwww FR:wwwSSSSSSSSSSS BL:wwwSSSSSSSSSSS BR:SSSwwwwwwwwwww
[mpc t=28.56 OK   iters=8 status=0]wall=0.173s N=15 | FL:SSSwwwwwwwwwww FR:wwwSSSSSSSSSSS BL:wwwSSSSSSSSSSS BR:SSSwwwwwwwwwww
[mpc t=28.58 OK   iters=9 status=0]wall=0.181s N=15 | FL:SSwwwwwwwwwwww FR:wwSSSSSSSSSSSS BL:wwSSSSSSSSSSSS BR:SSwwwwwwwwwwww
[mpc t=28.60 OK   iters=8 status=0]wall=0.171s N=15 | FL:SSwwwwwwwwwwww FR:wwSSSSSSSSSSSS BL:wwSSSSSSSSSSSS BR:SSwwwwwwwwwwww
[mpc t=28.62 OK   iters=9 status=0]wall=0.194s N=15 | FL:Swwwwwwwwwwwww FR:wSSSSSSSSSSSSS BL:wSSSSSSSSSSSSS BR:Swwwwwwwwwwwww
[mpc t=28.64 OK   iters=8 status=0]wall=0.168s N=15 | FL:SwwwwwwwwwwwwS FR:wSSSSSSSSSSSSw BL:wSSSSSSSSSSSSw BR:SwwwwwwwwwwwwS
[mpc t=28.66 OK   iters=9 status=0]wall=0.177s N=15 | FL:wwwwwwwwwwwwwS FR:SSSSSSSSSSSSSw BL:SSSSSSSSSSSSSw BR:wwwwwwwwwwwwwS
[mpc t=28.68 OK   iters=10 status=0]wall=0.196s N=15 | FL:wwwwwwwwwwwwSS FR:SSSSSSSSSSSSww BL:SSSSSSSSSSSSww BR:wwwwwwwwwwwwSS
[mpc t=28.70 OK   iters=9 status=0]wall=0.171s N=15 | FL:wwwwwwwwwwwwSS FR:SSSSSSSSSSSSww BL:SSSSSSSSSSSSww BR:wwwwwwwwwwwwSS
[mpc t=28.72 OK   iters=9 status=0]wall=0.193s N=15 | FL:wwwwwwwwwwwSSS FR:SSSSSSSSSSSwww BL:SSSSSSSSSSSwww BR:wwwwwwwwwwwSSS
[mpc t=28.74 OK   iters=9 status=0]wall=0.192s N=15 | FL:wwwwwwwwwwwSSS FR:SSSSSSSSSSSwww BL:SSSSSSSSSSSwww BR:wwwwwwwwwwwSSS
[mpc t=28.76 OK   iters=9 status=0]wall=0.187s N=15 | FL:wwwwwwwwwwSSSS FR:SSSSSSSSSSwwww BL:SSSSSSSSSSwwww BR:wwwwwwwwwwSSSS
[mpc t=28.78 OK   iters=10 status=0]wall=0.230s N=15 | FL:wwwwwwwwwwSSSS FR:SSSSSSSSSSwwww BL:SSSSSSSSSSwwww BR:wwwwwwwwwwSSSS
[mpc t=28.80 OK   iters=10 status=0]wall=0.237s N=15 | FL:wwwwwwwwwSSSSS FR:SSSSSSSSSwwwww BL:SSSSSSSSSwwwww BR:wwwwwwwwwSSSSS
[mpc t=28.82 OK   iters=10 status=0]wall=0.205s N=15 | FL:wwwwwwwwwSSSSS FR:SSSSSSSSSwwwww BL:SSSSSSSSSwwwww BR:wwwwwwwwwSSSSS
[mpc t=28.84 OK   iters=13 status=0]wall=0.262s N=15 | FL:wwwwwwwwSSSSSS FR:SSSSSSSSwwwwww BL:SSSSSSSSwwwwww BR:wwwwwwwwSSSSSS
[mpc t=28.86 OK   iters=9 status=0]wall=0.190s N=15 | FL:wwwwwwwwSSSSSS FR:SSSSSSSSwwwwww BL:SSSSSSSSwwwwww BR:wwwwwwwwSSSSSS
[mpc t=28.88 OK   iters=11 status=0]wall=0.225s N=15 | FL:wwwwwwwSSSSSSS FR:SSSSSSSwwwwwww BL:SSSSSSSwwwwwww BR:wwwwwwwSSSSSSS
[mpc t=28.90 OK   iters=9 status=0]wall=0.206s N=15 | FL:wwwwwwwSSSSSSS FR:SSSSSSSwwwwwww BL:SSSSSSSwwwwwww BR:wwwwwwwSSSSSSS
[mpc t=28.92 OK   iters=10 status=0]wall=0.200s N=15 | FL:wwwwwwSSSSSSSS FR:SSSSSSwwwwwwww BL:SSSSSSwwwwwwww BR:wwwwwwSSSSSSSS
[mpc t=28.94 OK   iters=9 status=0]wall=0.188s N=15 | FL:wwwwwwSSSSSSSS FR:SSSSSSwwwwwwww BL:SSSSSSwwwwwwww BR:wwwwwwSSSSSSSS
[mpc t=28.96 OK   iters=9 status=0]wall=0.198s N=15 | FL:wwwwwSSSSSSSSS FR:SSSSSwwwwwwwww BL:SSSSSwwwwwwwww BR:wwwwwSSSSSSSSS
[mpc t=28.98 OK   iters=8 status=0]wall=0.192s N=15 | FL:wwwwwSSSSSSSSS FR:SSSSSwwwwwwwww BL:SSSSSwwwwwwwww BR:wwwwwSSSSSSSSS
[mpc t=29.00 OK   iters=9 status=0]wall=0.194s N=15 | FL:wwwwSSSSSSSSSS FR:SSSSwwwwwwwwww BL:SSSSwwwwwwwwww BR:wwwwSSSSSSSSSS

=== MPC/FOSMC DEBUG ===
MPC solves so far: 1450 | time since last solve: 0.00s | last exception: None
GaitLogic state: WALK | walking=True turning=False jump_state=''
cmd['q_des'] (raw gait target, NOT what the MPC tracks anymore): [ 0.     0.69  -1.481 -0.     0.594 -1.012 -0.     0.566 -0.963 -0.
  0.671 -1.446]
cmd['is_stance']              : [False, True, True, False]
q_act        : [ 0.011  0.523 -1.543  0.011  0.612 -0.994 -0.02   0.669 -0.929 -0.007
  0.501 -1.431]
q_des (mpc)  : [ 0.011  0.523 -1.543  0.011  0.612 -0.994 -0.02   0.669 -0.929 -0.007
  0.501 -1.431]   <- converges to NOMINAL_STANCE [ 0.   0.6 -1.1  0.   0.6 -1.1  0.   0.6 -1.1  0.   0.6 -1.1], not cmd['q_des']
q plan end   : [ 0.006  0.741 -1.238 -0.003  0.431 -1.317  0.022  0.487 -1.329 -0.002
  0.702 -1.046]   <- where the MPC sends the joints by node n
base v_y actual: -1.0790   base v_y commanded: -1.0000
tau0 (mpc ff): [ 11.23   9.71  22.58  45.66   3.77  35.5  -48.92 -23.81  27.64  -5.42
   5.07  20.7 ]
pd (fosmc fb): [ 0.06  0.86  2.19  0.04 -0.12  0.28 -0.04 -0.27  0.38  0.29 -0.24  2.21]
applied ctrl : [ 11.23   9.71  22.58  45.66   3.77  35.5  -48.92 -23.81  27.64  -5.42
   5.07  20.7 ]
base pos     : [  0.2449 -31.0669   2.5355]  base quat: [0.9999 0.0043 0.0018 0.0103]
pitch (deg, + = nose down): 0.50 | foot y rel hip (+ = behind) FL FR BL BR: [-0.65  0.18  0.41 -0.6 ]
swing-phase floor contact (2 ms steps since last print) FL FR BL BR: [7 0 0 0]
=======================

[mpc t=29.02 OK   iters=8 status=0]wall=0.175s N=15 | FL:wwwwSSSSSSSSSS FR:SSSSwwwwwwwwww BL:SSSSwwwwwwwwww BR:wwwwSSSSSSSSSS
[mpc t=29.04 OK   iters=9 status=0]wall=0.194s N=15 | FL:wwwSSSSSSSSSSS FR:SSSwwwwwwwwwww BL:SSSwwwwwwwwwww BR:wwwSSSSSSSSSSS
[mpc t=29.06 OK   iters=8 status=0]wall=0.158s N=15 | FL:wwwSSSSSSSSSSS FR:SSSwwwwwwwwwww BL:SSSwwwwwwwwwww BR:wwwSSSSSSSSSSS
[mpc t=29.08 OK   iters=9 status=0]wall=0.200s N=15 | FL:wwSSSSSSSSSSSS FR:SSwwwwwwwwwwww BL:SSwwwwwwwwwwww BR:wwSSSSSSSSSSSS
[mpc t=29.10 OK   iters=8 status=0]wall=0.177s N=15 | FL:wwSSSSSSSSSSSS FR:SSwwwwwwwwwwww BL:SSwwwwwwwwwwww BR:wwSSSSSSSSSSSS
[mpc t=29.12 OK   iters=9 status=0]wall=0.185s N=15 | FL:wSSSSSSSSSSSSS FR:Swwwwwwwwwwwww BL:Swwwwwwwwwwwww BR:wSSSSSSSSSSSSS
[mpc t=29.14 OK   iters=9 status=0]wall=0.177s N=15 | FL:wSSSSSSSSSSSSw FR:SwwwwwwwwwwwwS BL:SwwwwwwwwwwwwS BR:wSSSSSSSSSSSSw
[mpc t=29.16 OK   iters=9 status=0]wall=0.183s N=15 | FL:SSSSSSSSSSSSSw FR:wwwwwwwwwwwwwS BL:wwwwwwwwwwwwwS BR:SSSSSSSSSSSSSw
[mpc t=29.18 OK   iters=13 status=0]wall=0.244s N=15 | FL:SSSSSSSSSSSSww FR:wwwwwwwwwwwwSS BL:wwwwwwwwwwwwSS BR:SSSSSSSSSSSSww
[mpc t=29.20 OK   iters=11 status=0]wall=0.207s N=15 | FL:SSSSSSSSSSSSww FR:wwwwwwwwwwwwSS BL:wwwwwwwwwwwwSS BR:SSSSSSSSSSSSww
[mpc t=29.22 OK   iters=10 status=0]wall=0.194s N=15 | FL:SSSSSSSSSSSwww FR:wwwwwwwwwwwSSS BL:wwwwwwwwwwwSSS BR:SSSSSSSSSSSwww
[mpc t=29.24 OK   iters=19 status=0]wall=0.375s N=15 | FL:SSSSSSSSSSSwww FR:wwwwwwwwwwwSSS BL:wwwwwwwwwwwSSS BR:SSSSSSSSSSSwww
[mpc t=29.26 OK   iters=11 status=0]wall=0.209s N=15 | FL:SSSSSSSSSSwwww FR:wwwwwwwwwwSSSS BL:wwwwwwwwwwSSSS BR:SSSSSSSSSSwwww
[mpc t=29.28 OK   iters=10 status=0]wall=0.184s N=15 | FL:SSSSSSSSSSwwww FR:wwwwwwwwwwSSSS BL:wwwwwwwwwwSSSS BR:SSSSSSSSSSwwww
[mpc t=29.30 OK   iters=15 status=0]wall=0.283s N=15 | FL:SSSSSSSSSwwwww FR:wwwwwwwwwSSSSS BL:wwwwwwwwwSSSSS BR:SSSSSSSSSwwwww
[mpc t=29.32 OK   iters=9 status=0]wall=0.202s N=15 | FL:SSSSSSSSSwwwww FR:wwwwwwwwwSSSSS BL:wwwwwwwwwSSSSS BR:SSSSSSSSSwwwww
[mpc t=29.34 OK   iters=14 status=0]wall=0.248s N=15 | FL:SSSSSSSSwwwwww FR:wwwwwwwwSSSSSS BL:wwwwwwwwSSSSSS BR:SSSSSSSSwwwwww
[mpc t=29.36 OK   iters=11 status=0]wall=0.202s N=15 | FL:SSSSSSSSwwwwww FR:wwwwwwwwSSSSSS BL:wwwwwwwwSSSSSS BR:SSSSSSSSwwwwww
[mpc t=29.38 OK   iters=11 status=0]wall=0.200s N=15 | FL:SSSSSSSwwwwwww FR:wwwwwwwSSSSSSS BL:wwwwwwwSSSSSSS BR:SSSSSSSwwwwwww
[mpc t=29.40 OK   iters=11 status=0]wall=0.205s N=15 | FL:SSSSSSSwwwwwww FR:wwwwwwwSSSSSSS BL:wwwwwwwSSSSSSS BR:SSSSSSSwwwwwww
[mpc t=29.42 OK   iters=10 status=0]wall=0.188s N=15 | FL:SSSSSSwwwwwwww FR:wwwwwwSSSSSSSS BL:wwwwwwSSSSSSSS BR:SSSSSSwwwwwwww
[mpc t=29.44 OK   iters=8 status=0]wall=0.156s N=15 | FL:SSSSSSwwwwwwww FR:wwwwwwSSSSSSSS BL:wwwwwwSSSSSSSS BR:SSSSSSwwwwwwww
[mpc t=29.46 OK   iters=12 status=0]wall=0.223s N=15 | FL:SSSSSwwwwwwwww FR:wwwwwSSSSSSSSS BL:wwwwwSSSSSSSSS BR:SSSSSwwwwwwwww
[mpc t=29.48 OK   iters=8 status=0]wall=0.148s N=15 | FL:SSSSSwwwwwwwww FR:wwwwwSSSSSSSSS BL:wwwwwSSSSSSSSS BR:SSSSSwwwwwwwww
[mpc t=29.50 OK   iters=14 status=0]wall=0.243s N=15 | FL:SSSSwwwwwwwwww FR:wwwwSSSSSSSSSS BL:wwwwSSSSSSSSSS BR:SSSSwwwwwwwwww

=== MPC/FOSMC DEBUG ===
MPC solves so far: 1475 | time since last solve: 0.00s | last exception: None
GaitLogic state: WALK | walking=True turning=False jump_state=''
cmd['q_des'] (raw gait target, NOT what the MPC tracks anymore): [ 0.     0.594 -1.012 -0.     0.69  -1.481  0.     0.671 -1.446  0.
  0.566 -0.963]
cmd['is_stance']              : [True, False, False, True]
q_act        : [-0.03   0.638 -0.975 -0.028  0.494 -1.43   0.011  0.539 -1.583 -0.
  0.65  -0.894]
q_des (mpc)  : [-0.03   0.638 -0.975 -0.028  0.494 -1.43   0.011  0.539 -1.583 -0.
  0.65  -0.894]   <- converges to NOMINAL_STANCE [ 0.   0.6 -1.1  0.   0.6 -1.1  0.   0.6 -1.1  0.   0.6 -1.1], not cmd['q_des']
q plan end   : [ 1.000e-03  4.130e-01 -1.322e+00 -1.200e-02  7.920e-01 -1.104e+00
 -0.000e+00  6.620e-01 -1.257e+00 -2.400e-02  4.930e-01 -1.329e+00]   <- where the MPC sends the joints by node n
base v_y actual: -1.1767   base v_y commanded: -1.0000
tau0 (mpc ff): [-68.29 -34.83  17.76  -7.49 100.    30.01  15.97  -0.79  24.22  59.26
 -78.33  -0.11]
pd (fosmc fb): [-0.09 -0.24  0.4  -0.25 -0.59  2.23 -0.19  0.89  2.19 -0.02 -0.26  0.34]
applied ctrl : [-68.29 -34.83  17.76  -7.49 100.    30.01  15.97  -0.79  24.22  59.26
 -78.33  -0.11]
base pos     : [  0.2467 -31.6285   2.5408]  base quat: [ 0.9999  0.009  -0.0042  0.0076]
pitch (deg, + = nose down): 1.03 | foot y rel hip (+ = behind) FL FR BL BR: [ 0.27 -0.61 -0.64  0.42]
swing-phase floor contact (2 ms steps since last print) FL FR BL BR: [0 0 7 0]
=======================

[mpc t=29.52 OK   iters=14 status=0]wall=0.253s N=15 | FL:SSSSwwwwwwwwww FR:wwwwSSSSSSSSSS BL:wwwwSSSSSSSSSS BR:SSSSwwwwwwwwww
[mpc t=29.54 OK   iters=10 status=0]wall=0.179s N=15 | FL:SSSwwwwwwwwwww FR:wwwSSSSSSSSSSS BL:wwwSSSSSSSSSSS BR:SSSwwwwwwwwwww
[mpc t=29.56 OK   iters=9 status=0]wall=0.163s N=15 | FL:SSSwwwwwwwwwww FR:wwwSSSSSSSSSSS BL:wwwSSSSSSSSSSS BR:SSSwwwwwwwwwww
[mpc t=29.58 OK   iters=9 status=0]wall=0.164s N=15 | FL:SSwwwwwwwwwwww FR:wwSSSSSSSSSSSS BL:wwSSSSSSSSSSSS BR:SSwwwwwwwwwwww
[mpc t=29.60 OK   iters=8 status=0]wall=0.150s N=15 | FL:SSwwwwwwwwwwww FR:wwSSSSSSSSSSSS BL:wwSSSSSSSSSSSS BR:SSwwwwwwwwwwww
[mpc t=29.62 OK   iters=9 status=0]wall=0.170s N=15 | FL:Swwwwwwwwwwwww FR:wSSSSSSSSSSSSS BL:wSSSSSSSSSSSSS BR:Swwwwwwwwwwwww
[mpc t=29.64 OK   iters=9 status=0]wall=0.171s N=15 | FL:SwwwwwwwwwwwwS FR:wSSSSSSSSSSSSw BL:wSSSSSSSSSSSSw BR:SwwwwwwwwwwwwS
[mpc t=29.66 OK   iters=9 status=0]wall=0.169s N=15 | FL:wwwwwwwwwwwwwS FR:SSSSSSSSSSSSSw BL:SSSSSSSSSSSSSw BR:wwwwwwwwwwwwwS
[mpc t=29.68 OK   iters=13 status=0]wall=0.246s N=15 | FL:wwwwwwwwwwwwSS FR:SSSSSSSSSSSSww BL:SSSSSSSSSSSSww BR:wwwwwwwwwwwwSS
[mpc t=29.70 OK   iters=13 status=0]wall=0.256s N=15 | FL:wwwwwwwwwwwwSS FR:SSSSSSSSSSSSww BL:SSSSSSSSSSSSww BR:wwwwwwwwwwwwSS
[mpc t=29.72 OK   iters=12 status=0]wall=0.214s N=15 | FL:wwwwwwwwwwwSSS FR:SSSSSSSSSSSwww BL:SSSSSSSSSSSwww BR:wwwwwwwwwwwSSS
[mpc t=29.74 OK   iters=13 status=0]wall=0.267s N=15 | FL:wwwwwwwwwwwSSS FR:SSSSSSSSSSSwww BL:SSSSSSSSSSSwww BR:wwwwwwwwwwwSSS
[mpc t=29.76 OK   iters=18 status=0]wall=0.338s N=15 | FL:wwwwwwwwwwSSSS FR:SSSSSSSSSSwwww BL:SSSSSSSSSSwwww BR:wwwwwwwwwwSSSS
[mpc t=29.78 OK   iters=15 status=0]wall=0.268s N=15 | FL:wwwwwwwwwwSSSS FR:SSSSSSSSSSwwww BL:SSSSSSSSSSwwww BR:wwwwwwwwwwSSSS
[mpc t=29.80 OK   iters=12 status=0]wall=0.232s N=15 | FL:wwwwwwwwwSSSSS FR:SSSSSSSSSwwwww BL:SSSSSSSSSwwwww BR:wwwwwwwwwSSSSS
[mpc t=29.82 OK   iters=12 status=0]wall=0.212s N=15 | FL:wwwwwwwwwSSSSS FR:SSSSSSSSSwwwww BL:SSSSSSSSSwwwww BR:wwwwwwwwwSSSSS
[mpc t=29.84 OK   iters=20 status=0]wall=0.381s N=15 | FL:wwwwwwwwSSSSSS FR:SSSSSSSSwwwwww BL:SSSSSSSSwwwwww BR:wwwwwwwwSSSSSS
[mpc t=29.86 OK   iters=9 status=0]wall=0.175s N=15 | FL:wwwwwwwwSSSSSS FR:SSSSSSSSwwwwww BL:SSSSSSSSwwwwww BR:wwwwwwwwSSSSSS
[mpc t=29.88 OK   iters=13 status=0]wall=0.238s N=15 | FL:wwwwwwwSSSSSSS FR:SSSSSSSwwwwwww BL:SSSSSSSwwwwwww BR:wwwwwwwSSSSSSS
[mpc t=29.90 OK   iters=12 status=0]wall=0.224s N=15 | FL:wwwwwwwSSSSSSS FR:SSSSSSSwwwwwww BL:SSSSSSSwwwwwww BR:wwwwwwwSSSSSSS
[mpc t=29.92 OK   iters=13 status=0]wall=0.244s N=15 | FL:wwwwwwSSSSSSSS FR:SSSSSSwwwwwwww BL:SSSSSSwwwwwwww BR:wwwwwwSSSSSSSS
[mpc t=29.94 OK   iters=9 status=0]wall=0.207s N=15 | FL:wwwwwwSSSSSSSS FR:SSSSSSwwwwwwww BL:SSSSSSwwwwwwww BR:wwwwwwSSSSSSSS
[mpc t=29.96 OK   iters=14 status=0]wall=0.280s N=15 | FL:wwwwwSSSSSSSSS FR:SSSSSwwwwwwwww BL:SSSSSwwwwwwwww BR:wwwwwSSSSSSSSS
[mpc t=29.98 OK   iters=11 status=0]wall=0.212s N=15 | FL:wwwwwSSSSSSSSS FR:SSSSSwwwwwwwww BL:SSSSSwwwwwwwww BR:wwwwwSSSSSSSSS
[mpc t=30.00 OK   iters=12 status=0]wall=0.237s N=15 | FL:wwwwSSSSSSSSSS FR:SSSSwwwwwwwwww BL:SSSSwwwwwwwwww BR:wwwwSSSSSSSSSS

=== MPC/FOSMC DEBUG ===
MPC solves so far: 1500 | time since last solve: 0.00s | last exception: None
GaitLogic state: WALK | walking=True turning=False jump_state=''
cmd['q_des'] (raw gait target, NOT what the MPC tracks anymore): [ 0.     0.69  -1.481 -0.     0.594 -1.012 -0.     0.566 -0.963 -0.
  0.671 -1.446]
cmd['is_stance']              : [False, True, True, False]
q_act        : [ 0.023  0.499 -1.467  0.018  0.72  -0.861  0.006  0.526 -0.968 -0.01
  0.559 -1.624]
q_des (mpc)  : [ 0.023  0.499 -1.467  0.018  0.72  -0.861  0.006  0.526 -0.968 -0.01
  0.559 -1.624]   <- converges to NOMINAL_STANCE [ 0.   0.6 -1.1  0.   0.6 -1.1  0.   0.6 -1.1  0.   0.6 -1.1], not cmd['q_des']
q plan end   : [ 0.012  0.738 -1.144 -0.022  1.006 -1.019  0.005  0.468 -1.296  0.
  0.633 -1.319]   <- where the MPC sends the joints by node n
base v_y actual: -1.1447   base v_y commanded: -1.0000
tau0 (mpc ff): [ 12.38  63.05  28.12  64.66 -53.11   6.19 -60.67 -28.76  27.64 -16.1
  -4.03  25.51]
pd (fosmc fb): [ 0.17 -0.63  2.22  0.09 -0.33  0.47  0.04 -0.26  0.33  0.16  0.94  2.19]
applied ctrl : [ 12.38  63.05  28.12  64.66 -53.11   6.19 -60.67 -28.76  27.64 -16.1
  -4.03  25.51]
base pos     : [  0.2356 -32.2097   2.5329]  base quat: [0.9999 0.0069 0.0054 0.0066]
pitch (deg, + = nose down): 0.79 | foot y rel hip (+ = behind) FL FR BL BR: [-0.63  0.64  0.   -0.64]
swing-phase floor contact (2 ms steps since last print) FL FR BL BR: [4 0 0 7]
=======================

[mpc t=30.02 OK   iters=9 status=0]wall=0.186s N=15 | FL:wwwwSSSSSSSSSS FR:SSSSwwwwwwwwww BL:SSSSwwwwwwwwww BR:wwwwSSSSSSSSSS
[mpc t=30.04 OK   iters=11 status=0]wall=0.201s N=15 | FL:wwwSSSSSSSSSSS FR:SSSwwwwwwwwwww BL:SSSwwwwwwwwwww BR:wwwSSSSSSSSSSS
[mpc t=30.06 OK   iters=9 status=0]wall=0.173s N=15 | FL:wwwSSSSSSSSSSS FR:SSSwwwwwwwwwww BL:SSSwwwwwwwwwww BR:wwwSSSSSSSSSSS
[mpc t=30.08 OK   iters=12 status=0]wall=0.219s N=15 | FL:wwSSSSSSSSSSSS FR:SSwwwwwwwwwwww BL:SSwwwwwwwwwwww BR:wwSSSSSSSSSSSS
[mpc t=30.10 OK   iters=8 status=0]wall=0.159s N=15 | FL:wwSSSSSSSSSSSS FR:SSwwwwwwwwwwww BL:SSwwwwwwwwwwww BR:wwSSSSSSSSSSSS
[mpc t=30.12 OK   iters=13 status=0]wall=0.239s N=15 | FL:wSSSSSSSSSSSSS FR:Swwwwwwwwwwwww BL:Swwwwwwwwwwwww BR:wSSSSSSSSSSSSS
[mpc t=30.14 OK   iters=9 status=0]wall=0.174s N=15 | FL:wSSSSSSSSSSSSw FR:SwwwwwwwwwwwwS BL:SwwwwwwwwwwwwS BR:wSSSSSSSSSSSSw
[mpc t=30.16 OK   iters=16 status=0]wall=0.372s N=15 | FL:SSSSSSSSSSSSSw FR:wwwwwwwwwwwwwS BL:wwwwwwwwwwwwwS BR:SSSSSSSSSSSSSw
[mpc t=30.18 OK   iters=14 status=0]wall=0.245s N=15 | FL:SSSSSSSSSSSSww FR:wwwwwwwwwwwwSS BL:wwwwwwwwwwwwSS BR:SSSSSSSSSSSSww
[mpc t=30.20 OK   iters=10 status=0]wall=0.196s N=15 | FL:SSSSSSSSSSSSww FR:wwwwwwwwwwwwSS BL:wwwwwwwwwwwwSS BR:SSSSSSSSSSSSww
[mpc t=30.22 OK   iters=14 status=0]wall=0.241s N=15 | FL:SSSSSSSSSSSwww FR:wwwwwwwwwwwSSS BL:wwwwwwwwwwwSSS BR:SSSSSSSSSSSwww
[mpc t=30.24 OK   iters=11 status=0]wall=0.217s N=15 | FL:SSSSSSSSSSSwww FR:wwwwwwwwwwwSSS BL:wwwwwwwwwwwSSS BR:SSSSSSSSSSSwww
[mpc t=30.26 OK   iters=18 status=0]wall=0.343s N=15 | FL:SSSSSSSSSSwwww FR:wwwwwwwwwwSSSS BL:wwwwwwwwwwSSSS BR:SSSSSSSSSSwwww
[mpc t=30.28 OK   iters=18 status=0]wall=0.375s N=15 | FL:SSSSSSSSSSwwww FR:wwwwwwwwwwSSSS BL:wwwwwwwwwwSSSS BR:SSSSSSSSSSwwww
[mpc t=30.30 OK   iters=12 status=0]wall=0.228s N=15 | FL:SSSSSSSSSwwwww FR:wwwwwwwwwSSSSS BL:wwwwwwwwwSSSSS BR:SSSSSSSSSwwwww
[mpc t=30.32 OK   iters=10 status=0]wall=0.180s N=15 | FL:SSSSSSSSSwwwww FR:wwwwwwwwwSSSSS BL:wwwwwwwwwSSSSS BR:SSSSSSSSSwwwww
[mpc t=30.34 OK   iters=12 status=0]wall=0.214s N=15 | FL:SSSSSSSSwwwwww FR:wwwwwwwwSSSSSS BL:wwwwwwwwSSSSSS BR:SSSSSSSSwwwwww
[mpc t=30.36 OK   iters=10 status=0]wall=0.190s N=15 | FL:SSSSSSSSwwwwww FR:wwwwwwwwSSSSSS BL:wwwwwwwwSSSSSS BR:SSSSSSSSwwwwww
[mpc t=30.38 OK   iters=12 status=0]wall=0.226s N=15 | FL:SSSSSSSwwwwwww FR:wwwwwwwSSSSSSS BL:wwwwwwwSSSSSSS BR:SSSSSSSwwwwwww
[mpc t=30.40 OK   iters=10 status=0]wall=0.214s N=15 | FL:SSSSSSSwwwwwww FR:wwwwwwwSSSSSSS BL:wwwwwwwSSSSSSS BR:SSSSSSSwwwwwww
[mpc t=30.42 OK   iters=11 status=0]wall=0.220s N=15 | FL:SSSSSSwwwwwwww FR:wwwwwwSSSSSSSS BL:wwwwwwSSSSSSSS BR:SSSSSSwwwwwwww
[mpc t=30.44 OK   iters=9 status=0]wall=0.166s N=15 | FL:SSSSSSwwwwwwww FR:wwwwwwSSSSSSSS BL:wwwwwwSSSSSSSS BR:SSSSSSwwwwwwww
[mpc t=30.46 OK   iters=11 status=0]wall=0.199s N=15 | FL:SSSSSwwwwwwwww FR:wwwwwSSSSSSSSS BL:wwwwwSSSSSSSSS BR:SSSSSwwwwwwwww
[mpc t=30.48 OK   iters=8 status=0]wall=0.169s N=15 | FL:SSSSSwwwwwwwww FR:wwwwwSSSSSSSSS BL:wwwwwSSSSSSSSS BR:SSSSSwwwwwwwww
[mpc t=30.50 OK   iters=10 status=0]wall=0.195s N=15 | FL:SSSSwwwwwwwwww FR:wwwwSSSSSSSSSS BL:wwwwSSSSSSSSSS BR:SSSSwwwwwwwwww

=== MPC/FOSMC DEBUG ===
MPC solves so far: 1525 | time since last solve: 0.00s | last exception: None
GaitLogic state: WALK | walking=True turning=False jump_state=''
cmd['q_des'] (raw gait target, NOT what the MPC tracks anymore): [ 0.     0.594 -1.012 -0.     0.69  -1.481  0.     0.671 -1.446  0.
  0.566 -0.963]
cmd['is_stance']              : [True, False, False, True]
q_act        : [ 0.002  0.583 -0.979 -0.004  1.138 -0.924  0.012  0.485 -1.436  0.018
  0.495 -1.047]
q_des (mpc)  : [ 0.002  0.583 -0.979 -0.004  1.138 -0.924  0.012  0.485 -1.436  0.018
  0.495 -1.047]   <- converges to NOMINAL_STANCE [ 0.   0.6 -1.1  0.   0.6 -1.1  0.   0.6 -1.1  0.   0.6 -1.1], not cmd['q_des']
q plan end   : [ 0.011  0.454 -1.317 -0.003  0.785 -1.101  0.005  0.706 -1.08  -0.014
  0.494 -1.295]   <- where the MPC sends the joints by node n
base v_y actual: -0.9618   base v_y commanded: -1.0000
tau0 (mpc ff): [-40.69   7.94  40.14  -9.47 -45.94 -10.08   9.7    6.43  19.44  38.71
  29.72  51.6 ]
pd (fosmc fb): [-0.09 -0.17  0.3   0.   -2.16 -0.8  -0.24 -0.5   2.21 -0.06 -0.12  0.18]
applied ctrl : [-40.69   7.94  40.14  -9.47 -45.94 -10.08   9.7    6.43  19.44  38.71
  29.72  51.6 ]
base pos     : [  0.3147 -32.7199   2.5236]  base quat: [1.     0.0026 0.0047 0.0031]
pitch (deg, + = nose down): 0.30 | foot y rel hip (+ = behind) FL FR BL BR: [ 0.13  1.51 -0.64 -0.18]
swing-phase floor contact (2 ms steps since last print) FL FR BL BR: [0 7 0 0]
=======================

[mpc t=30.52 OK   iters=8 status=0]wall=0.149s N=15 | FL:SSSSwwwwwwwwww FR:wwwwSSSSSSSSSS BL:wwwwSSSSSSSSSS BR:SSSSwwwwwwwwww
[mpc t=30.54 OK   iters=10 status=0]wall=0.189s N=15 | FL:SSSwwwwwwwwwww FR:wwwSSSSSSSSSSS BL:wwwSSSSSSSSSSS BR:SSSwwwwwwwwwww
[mpc t=30.56 OK   iters=8 status=0]wall=0.149s N=15 | FL:SSSwwwwwwwwwww FR:wwwSSSSSSSSSSS BL:wwwSSSSSSSSSSS BR:SSSwwwwwwwwwww
[mpc t=30.58 OK   iters=10 status=0]wall=0.183s N=15 | FL:SSwwwwwwwwwwww FR:wwSSSSSSSSSSSS BL:wwSSSSSSSSSSSS BR:SSwwwwwwwwwwww
[mpc t=30.60 OK   iters=8 status=0]wall=0.155s N=15 | FL:SSwwwwwwwwwwww FR:wwSSSSSSSSSSSS BL:wwSSSSSSSSSSSS BR:SSwwwwwwwwwwww
[mpc t=30.62 OK   iters=10 status=0]wall=0.185s N=15 | FL:Swwwwwwwwwwwww FR:wSSSSSSSSSSSSS BL:wSSSSSSSSSSSSS BR:Swwwwwwwwwwwww
[mpc t=30.64 OK   iters=9 status=0]wall=0.169s N=15 | FL:SwwwwwwwwwwwwS FR:wSSSSSSSSSSSSw BL:wSSSSSSSSSSSSw BR:SwwwwwwwwwwwwS
[mpc t=30.66 OK   iters=9 status=0]wall=0.187s N=15 | FL:wwwwwwwwwwwwwS FR:SSSSSSSSSSSSSw BL:SSSSSSSSSSSSSw BR:wwwwwwwwwwwwwS
[mpc t=30.68 OK   iters=18 status=0]wall=0.367s N=15 | FL:wwwwwwwwwwwwSS FR:SSSSSSSSSSSSww BL:SSSSSSSSSSSSww BR:wwwwwwwwwwwwSS
[mpc t=30.70 OK   iters=13 status=0]wall=0.264s N=15 | FL:wwwwwwwwwwwwSS FR:SSSSSSSSSSSSww BL:SSSSSSSSSSSSww BR:wwwwwwwwwwwwSS
[mpc t=30.72 OK   iters=13 status=0]wall=0.251s N=15 | FL:wwwwwwwwwwwSSS FR:SSSSSSSSSSSwww BL:SSSSSSSSSSSwww BR:wwwwwwwwwwwSSS
[mpc t=30.74 OK   iters=17 status=0]wall=0.312s N=15 | FL:wwwwwwwwwwwSSS FR:SSSSSSSSSSSwww BL:SSSSSSSSSSSwww BR:wwwwwwwwwwwSSS
[mpc t=30.76 OK   iters=13 status=0]wall=0.262s N=15 | FL:wwwwwwwwwwSSSS FR:SSSSSSSSSSwwww BL:SSSSSSSSSSwwww BR:wwwwwwwwwwSSSS
[mpc t=30.78 OK   iters=12 status=0]wall=0.222s N=15 | FL:wwwwwwwwwwSSSS FR:SSSSSSSSSSwwww BL:SSSSSSSSSSwwww BR:wwwwwwwwwwSSSS
[mpc t=30.80 OK   iters=18 status=0]wall=0.319s N=15 | FL:wwwwwwwwwSSSSS FR:SSSSSSSSSwwwww BL:SSSSSSSSSwwwww BR:wwwwwwwwwSSSSS
[mpc t=30.82 OK   iters=12 status=0]wall=0.211s N=15 | FL:wwwwwwwwwSSSSS FR:SSSSSSSSSwwwww BL:SSSSSSSSSwwwww BR:wwwwwwwwwSSSSS
[mpc t=30.84 OK   iters=23 status=0]wall=0.425s N=15 | FL:wwwwwwwwSSSSSS FR:SSSSSSSSwwwwww BL:SSSSSSSSwwwwww BR:wwwwwwwwSSSSSS
[mpc t=30.86 OK   iters=10 status=0]wall=0.185s N=15 | FL:wwwwwwwwSSSSSS FR:SSSSSSSSwwwwww BL:SSSSSSSSwwwwww BR:wwwwwwwwSSSSSS
[mpc t=30.88 OK   iters=26 status=0]wall=0.548s N=15 | FL:wwwwwwwSSSSSSS FR:SSSSSSSwwwwwww BL:SSSSSSSwwwwwww BR:wwwwwwwSSSSSSS
[mpc t=30.90 OK   iters=11 status=0]wall=0.233s N=15 | FL:wwwwwwwSSSSSSS FR:SSSSSSSwwwwwww BL:SSSSSSSwwwwwww BR:wwwwwwwSSSSSSS
[mpc t=30.92 OK   iters=20 status=0]wall=0.424s N=15 | FL:wwwwwwSSSSSSSS FR:SSSSSSwwwwwwww BL:SSSSSSwwwwwwww BR:wwwwwwSSSSSSSS
[mpc t=30.94 OK   iters=9 status=0]wall=0.164s N=15 | FL:wwwwwwSSSSSSSS FR:SSSSSSwwwwwwww BL:SSSSSSwwwwwwww BR:wwwwwwSSSSSSSS
[mpc t=30.96 OK   iters=19 status=0]wall=0.342s N=15 | FL:wwwwwSSSSSSSSS FR:SSSSSwwwwwwwww BL:SSSSSwwwwwwwww BR:wwwwwSSSSSSSSS
[mpc t=30.98 OK   iters=9 status=0]wall=0.176s N=15 | FL:wwwwwSSSSSSSSS FR:SSSSSwwwwwwwww BL:SSSSSwwwwwwwww BR:wwwwwSSSSSSSSS
[mpc t=31.00 OK   iters=19 status=0]wall=0.359s N=15 | FL:wwwwSSSSSSSSSS FR:SSSSwwwwwwwwww BL:SSSSwwwwwwwwww BR:wwwwSSSSSSSSSS

=== MPC/FOSMC DEBUG ===
MPC solves so far: 1550 | time since last solve: 0.00s | last exception: None
GaitLogic state: WALK | walking=True turning=False jump_state=''
cmd['q_des'] (raw gait target, NOT what the MPC tracks anymore): [ 0.     0.69  -1.481 -0.     0.594 -1.012 -0.     0.566 -0.963 -0.
  0.671 -1.446]
cmd['is_stance']              : [False, True, True, False]
q_act        : [ 0.026  0.492 -1.433  0.013  0.755 -0.864 -0.009  0.675 -0.898 -0.009
  0.51  -1.43 ]
q_des (mpc)  : [ 0.026  0.492 -1.433  0.013  0.755 -0.864 -0.009  0.675 -0.898 -0.009
  0.51  -1.43 ]   <- converges to NOMINAL_STANCE [ 0.   0.6 -1.1  0.   0.6 -1.1  0.   0.6 -1.1  0.   0.6 -1.1], not cmd['q_des']
q plan end   : [ 0.009  0.725 -1.057 -0.02   0.995 -1.02   0.011  1.003 -1.007  0.006
  0.66  -1.106]   <- where the MPC sends the joints by node n
base v_y actual: -1.1650   base v_y commanded: -1.0000
tau0 (mpc ff): [  4.25 100.    30.18  71.17 -45.16  11.56 -63.54 -67.27   4.59 -10.6
  -6.52  20.47]
pd (fosmc fb): [ 0.11 -2.08  2.25 -0.12 -0.17  0.43 -0.06 -0.32  0.54  0.22 -0.98  2.22]
applied ctrl : [  4.25 100.    30.18  71.17 -45.16  11.56 -63.54 -67.27   4.59 -10.6
  -6.52  20.47]
base pos     : [  0.3612 -33.2174   2.5189]  base quat: [1.     0.0037 0.0052 0.0021]
pitch (deg, + = nose down): 0.43 | foot y rel hip (+ = behind) FL FR BL BR: [-0.62  0.72  0.47 -0.58]
swing-phase floor contact (2 ms steps since last print) FL FR BL BR: [0 0 0 0]
=======================

[mpc t=31.02 OK   iters=9 status=0]wall=0.173s N=15 | FL:wwwwSSSSSSSSSS FR:SSSSwwwwwwwwww BL:SSSSwwwwwwwwww BR:wwwwSSSSSSSSSS
[mpc t=31.04 OK   iters=14 status=0]wall=0.277s N=15 | FL:wwwSSSSSSSSSSS FR:SSSwwwwwwwwwww BL:SSSwwwwwwwwwww BR:wwwSSSSSSSSSSS
[mpc t=31.06 OK   iters=10 status=0]wall=0.218s N=15 | FL:wwwSSSSSSSSSSS FR:SSSwwwwwwwwwww BL:SSSwwwwwwwwwww BR:wwwSSSSSSSSSSS
[mpc t=31.08 OK   iters=11 status=0]wall=0.206s N=15 | FL:wwSSSSSSSSSSSS FR:SSwwwwwwwwwwww BL:SSwwwwwwwwwwww BR:wwSSSSSSSSSSSS
[mpc t=31.10 OK   iters=9 status=0]wall=0.166s N=15 | FL:wwSSSSSSSSSSSS FR:SSwwwwwwwwwwww BL:SSwwwwwwwwwwww BR:wwSSSSSSSSSSSS
[mpc t=31.12 OK   iters=14 status=0]wall=0.266s N=15 | FL:wSSSSSSSSSSSSS FR:Swwwwwwwwwwwww BL:Swwwwwwwwwwwww BR:wSSSSSSSSSSSSS
[mpc t=31.14 OK   iters=9 status=0]wall=0.168s N=15 | FL:wSSSSSSSSSSSSw FR:SwwwwwwwwwwwwS BL:SwwwwwwwwwwwwS BR:wSSSSSSSSSSSSw
[mpc t=31.16 OK   iters=11 status=0]wall=0.203s N=15 | FL:SSSSSSSSSSSSSw FR:wwwwwwwwwwwwwS BL:wwwwwwwwwwwwwS BR:SSSSSSSSSSSSSw
[mpc t=31.18 OK   iters=11 status=0]wall=0.230s N=15 | FL:SSSSSSSSSSSSww FR:wwwwwwwwwwwwSS BL:wwwwwwwwwwwwSS BR:SSSSSSSSSSSSww
[mpc t=31.20 OK   iters=10 status=0]wall=0.216s N=15 | FL:SSSSSSSSSSSSww FR:wwwwwwwwwwwwSS BL:wwwwwwwwwwwwSS BR:SSSSSSSSSSSSww
[mpc t=31.22 OK   iters=11 status=0]wall=0.285s N=15 | FL:SSSSSSSSSSSwww FR:wwwwwwwwwwwSSS BL:wwwwwwwwwwwSSS BR:SSSSSSSSSSSwww
[mpc t=31.24 OK   iters=9 status=0]wall=0.250s N=15 | FL:SSSSSSSSSSSwww FR:wwwwwwwwwwwSSS BL:wwwwwwwwwwwSSS BR:SSSSSSSSSSSwww
[mpc t=31.26 OK   iters=9 status=0]wall=0.250s N=15 | FL:SSSSSSSSSSwwww FR:wwwwwwwwwwSSSS BL:wwwwwwwwwwSSSS BR:SSSSSSSSSSwwww
[mpc t=31.28 OK   iters=8 status=0]wall=0.215s N=15 | FL:SSSSSSSSSSwwww FR:wwwwwwwwwwSSSS BL:wwwwwwwwwwSSSS BR:SSSSSSSSSSwwww
[mpc t=31.30 OK   iters=9 status=0]wall=0.244s N=15 | FL:SSSSSSSSSwwwww FR:wwwwwwwwwSSSSS BL:wwwwwwwwwSSSSS BR:SSSSSSSSSwwwww
[mpc t=31.32 OK   iters=8 status=0]wall=0.222s N=15 | FL:SSSSSSSSSwwwww FR:wwwwwwwwwSSSSS BL:wwwwwwwwwSSSSS BR:SSSSSSSSSwwwww
[mpc t=31.34 OK   iters=10 status=0]wall=0.311s N=15 | FL:SSSSSSSSwwwwww FR:wwwwwwwwSSSSSS BL:wwwwwwwwSSSSSS BR:SSSSSSSSwwwwww
[mpc t=31.36 OK   iters=8 status=0]wall=0.217s N=15 | FL:SSSSSSSSwwwwww FR:wwwwwwwwSSSSSS BL:wwwwwwwwSSSSSS BR:SSSSSSSSwwwwww
[mpc t=31.38 OK   iters=9 status=0]wall=0.250s N=15 | FL:SSSSSSSwwwwwww FR:wwwwwwwSSSSSSS BL:wwwwwwwSSSSSSS BR:SSSSSSSwwwwwww
[mpc t=31.40 OK   iters=8 status=0]wall=0.214s N=15 | FL:SSSSSSSwwwwwww FR:wwwwwwwSSSSSSS BL:wwwwwwwSSSSSSS BR:SSSSSSSwwwwwww
[mpc t=31.42 OK   iters=9 status=0]wall=0.231s N=15 | FL:SSSSSSwwwwwwww FR:wwwwwwSSSSSSSS BL:wwwwwwSSSSSSSS BR:SSSSSSwwwwwwww
[mpc t=31.44 OK   iters=8 status=0]wall=0.210s N=15 | FL:SSSSSSwwwwwwww FR:wwwwwwSSSSSSSS BL:wwwwwwSSSSSSSS BR:SSSSSSwwwwwwww
[mpc t=31.46 OK   iters=9 status=0]wall=0.237s N=15 | FL:SSSSSwwwwwwwww FR:wwwwwSSSSSSSSS BL:wwwwwSSSSSSSSS BR:SSSSSwwwwwwwww
[mpc t=31.48 OK   iters=8 status=0]wall=0.212s N=15 | FL:SSSSSwwwwwwwww FR:wwwwwSSSSSSSSS BL:wwwwwSSSSSSSSS BR:SSSSSwwwwwwwww
[mpc t=31.50 OK   iters=9 status=0]wall=0.232s N=15 | FL:SSSSwwwwwwwwww FR:wwwwSSSSSSSSSS BL:wwwwSSSSSSSSSS BR:SSSSwwwwwwwwww

=== MPC/FOSMC DEBUG ===
MPC solves so far: 1575 | time since last solve: 0.00s | last exception: None
GaitLogic state: WALK | walking=True turning=False jump_state=''
cmd['q_des'] (raw gait target, NOT what the MPC tracks anymore): [ 0.     0.594 -1.012 -0.     0.69  -1.481  0.     0.671 -1.446  0.
  0.566 -0.963]
cmd['is_stance']              : [True, False, False, True]
q_act        : [-0.018  0.591 -1.001 -0.009  1.11  -0.924  0.011  1.098 -1.014  0.009
  0.607 -1.041]
q_des (mpc)  : [-0.018  0.591 -1.001 -0.009  1.11  -0.924  0.011  1.098 -1.014  0.009
  0.607 -1.041]   <- converges to NOMINAL_STANCE [ 0.   0.6 -1.1  0.   0.6 -1.1  0.   0.6 -1.1  0.   0.6 -1.1], not cmd['q_des']
q plan end   : [ 0.011  0.447 -1.324 -0.003  0.762 -1.084  0.     0.676 -1.033 -0.015
  0.482 -1.31 ]   <- where the MPC sends the joints by node n
base v_y actual: -0.9958   base v_y commanded: -1.0000
tau0 (mpc ff): [-39.55  25.49  46.01  -7.5  -47.57  -9.68   5.13 -61.88  -6.95  43.36
  18.84  48.01]
pd (fosmc fb): [-0.07 -0.14  0.2   0.01 -2.16 -0.69  0.11 -2.2  -0.64 -0.02 -0.12  0.08]
applied ctrl : [-39.55  25.49  46.01  -7.5  -47.57  -9.68   5.13 -61.88  -6.95  43.36
  18.84  48.01]
base pos     : [  0.4282 -33.757    2.5199]  base quat: [ 1.0e+00  6.8e-03  2.7e-03 -5.0e-04]
pitch (deg, + = nose down): 0.77 | foot y rel hip (+ = behind) FL FR BL BR: [0.12 1.45 1.3  0.1 ]
swing-phase floor contact (2 ms steps since last print) FL FR BL BR: [0 6 6 0]
=======================

[mpc t=31.52 OK   iters=9 status=0]wall=0.228s N=15 | FL:SSSSwwwwwwwwww FR:wwwwSSSSSSSSSS BL:wwwwSSSSSSSSSS BR:SSSSwwwwwwwwww
[mpc t=31.54 OK   iters=9 status=0]wall=0.228s N=15 | FL:SSSwwwwwwwwwww FR:wwwSSSSSSSSSSS BL:wwwSSSSSSSSSSS BR:SSSwwwwwwwwwww
[mpc t=31.56 OK   iters=8 status=0]wall=0.216s N=15 | FL:SSSwwwwwwwwwww FR:wwwSSSSSSSSSSS BL:wwwSSSSSSSSSSS BR:SSSwwwwwwwwwww
[mpc t=31.58 OK   iters=10 status=0]wall=0.254s N=15 | FL:SSwwwwwwwwwwww FR:wwSSSSSSSSSSSS BL:wwSSSSSSSSSSSS BR:SSwwwwwwwwwwww
[mpc t=31.60 OK   iters=8 status=0]wall=0.206s N=15 | FL:SSwwwwwwwwwwww FR:wwSSSSSSSSSSSS BL:wwSSSSSSSSSSSS BR:SSwwwwwwwwwwww
[mpc t=31.62 OK   iters=10 status=0]wall=0.240s N=15 | FL:Swwwwwwwwwwwww FR:wSSSSSSSSSSSSS BL:wSSSSSSSSSSSSS BR:Swwwwwwwwwwwww
[mpc t=31.64 OK   iters=10 status=0]wall=0.242s N=15 | FL:SwwwwwwwwwwwwS FR:wSSSSSSSSSSSSw BL:wSSSSSSSSSSSSw BR:SwwwwwwwwwwwwS
[mpc t=31.66 OK   iters=9 status=0]wall=0.243s N=15 | FL:wwwwwwwwwwwwwS FR:SSSSSSSSSSSSSw BL:SSSSSSSSSSSSSw BR:wwwwwwwwwwwwwS
[mpc t=31.68 OK   iters=12 status=0]wall=0.298s N=15 | FL:wwwwwwwwwwwwSS FR:SSSSSSSSSSSSww BL:SSSSSSSSSSSSww BR:wwwwwwwwwwwwSS
[mpc t=31.70 OK   iters=13 status=0]wall=0.328s N=15 | FL:wwwwwwwwwwwwSS FR:SSSSSSSSSSSSww BL:SSSSSSSSSSSSww BR:wwwwwwwwwwwwSS
[mpc t=31.72 OK   iters=9 status=0]wall=0.243s N=15 | FL:wwwwwwwwwwwSSS FR:SSSSSSSSSSSwww BL:SSSSSSSSSSSwww BR:wwwwwwwwwwwSSS
[mpc t=31.74 OK   iters=12 status=0]wall=0.285s N=15 | FL:wwwwwwwwwwwSSS FR:SSSSSSSSSSSwww BL:SSSSSSSSSSSwww BR:wwwwwwwwwwwSSS
[mpc t=31.76 OK   iters=10 status=0]wall=0.251s N=15 | FL:wwwwwwwwwwSSSS FR:SSSSSSSSSSwwww BL:SSSSSSSSSSwwww BR:wwwwwwwwwwSSSS
[mpc t=31.78 OK   iters=11 status=0]wall=0.283s N=15 | FL:wwwwwwwwwwSSSS FR:SSSSSSSSSSwwww BL:SSSSSSSSSSwwww BR:wwwwwwwwwwSSSS
[mpc t=31.80 OK   iters=12 status=0]wall=0.291s N=15 | FL:wwwwwwwwwSSSSS FR:SSSSSSSSSwwwww BL:SSSSSSSSSwwwww BR:wwwwwwwwwSSSSS
[mpc t=31.82 OK   iters=13 status=0]wall=0.321s N=15 | FL:wwwwwwwwwSSSSS FR:SSSSSSSSSwwwww BL:SSSSSSSSSwwwww BR:wwwwwwwwwSSSSS
[mpc t=31.84 OK   iters=13 status=0]wall=0.314s N=15 | FL:wwwwwwwwSSSSSS FR:SSSSSSSSwwwwww BL:SSSSSSSSwwwwww BR:wwwwwwwwSSSSSS
[mpc t=31.86 OK   iters=10 status=0]wall=0.259s N=15 | FL:wwwwwwwwSSSSSS FR:SSSSSSSSwwwwww BL:SSSSSSSSwwwwww BR:wwwwwwwwSSSSSS
[mpc t=31.88 OK   iters=13 status=0]wall=0.325s N=15 | FL:wwwwwwwSSSSSSS FR:SSSSSSSwwwwwww BL:SSSSSSSwwwwwww BR:wwwwwwwSSSSSSS
[mpc t=31.90 OK   iters=11 status=0]wall=0.298s N=15 | FL:wwwwwwwSSSSSSS FR:SSSSSSSwwwwwww BL:SSSSSSSwwwwwww BR:wwwwwwwSSSSSSS
[mpc t=31.92 OK   iters=12 status=0]wall=0.291s N=15 | FL:wwwwwwSSSSSSSS FR:SSSSSSwwwwwwww BL:SSSSSSwwwwwwww BR:wwwwwwSSSSSSSS
[mpc t=31.94 OK   iters=9 status=0]wall=0.230s N=15 | FL:wwwwwwSSSSSSSS FR:SSSSSSwwwwwwww BL:SSSSSSwwwwwwww BR:wwwwwwSSSSSSSS
[mpc t=31.96 OK   iters=13 status=0]wall=0.317s N=15 | FL:wwwwwSSSSSSSSS FR:SSSSSwwwwwwwww BL:SSSSSwwwwwwwww BR:wwwwwSSSSSSSSS
[mpc t=31.98 OK   iters=10 status=0]wall=0.254s N=15 | FL:wwwwwSSSSSSSSS FR:SSSSSwwwwwwwww BL:SSSSSwwwwwwwww BR:wwwwwSSSSSSSSS
[mpc t=32.00 OK   iters=12 status=0]wall=0.298s N=15 | FL:wwwwSSSSSSSSSS FR:SSSSwwwwwwwwww BL:SSSSwwwwwwwwww BR:wwwwSSSSSSSSSS

=== MPC/FOSMC DEBUG ===
MPC solves so far: 1600 | time since last solve: 0.00s | last exception: None
GaitLogic state: WALK | walking=True turning=False jump_state=''
cmd['q_des'] (raw gait target, NOT what the MPC tracks anymore): [ 0.     0.69  -1.481 -0.     0.594 -1.012 -0.     0.566 -0.963 -0.
  0.671 -1.446]
cmd['is_stance']              : [False, True, True, False]
q_act        : [ 0.014  0.462 -1.43   0.013  0.719 -0.945 -0.004  0.651 -0.927 -0.01
  0.496 -1.466]
q_des (mpc)  : [ 0.014  0.462 -1.43   0.013  0.719 -0.945 -0.004  0.651 -0.927 -0.01
  0.496 -1.466]   <- converges to NOMINAL_STANCE [ 0.   0.6 -1.1  0.   0.6 -1.1  0.   0.6 -1.1  0.   0.6 -1.1], not cmd['q_des']
q plan end   : [ 0.009  0.755 -1.096 -0.006  0.399 -1.351  0.021  0.48  -1.329  0.003
  0.68  -1.12 ]   <- where the MPC sends the joints by node n
base v_y actual: -1.1064   base v_y commanded: -1.0000
tau0 (mpc ff): [  7.02  59.09  26.33  61.6  -25.63  21.9  -51.4  -39.36  20.29 -12.22
   1.77  20.96]
pd (fosmc fb): [-0.07 -1.04  2.23  0.09 -0.16  0.28  0.02 -0.27  0.37  0.27 -0.33  2.2 ]
applied ctrl : [  7.02  59.09  26.33  61.6  -25.63  21.9  -51.4  -39.36  20.29 -12.22
   1.77  20.96]
base pos     : [  0.4418 -34.2667   2.5207]  base quat: [ 1.      0.0038  0.004  -0.0018]
pitch (deg, + = nose down): 0.43 | foot y rel hip (+ = behind) FL FR BL BR: [-0.68  0.51  0.37 -0.64]
swing-phase floor contact (2 ms steps since last print) FL FR BL BR: [0 0 0 0]
=======================

[mpc t=32.02 OK   iters=9 status=0]wall=0.225s N=15 | FL:wwwwSSSSSSSSSS FR:SSSSwwwwwwwwww BL:SSSSwwwwwwwwww BR:wwwwSSSSSSSSSS
[mpc t=32.04 OK   iters=9 status=0]wall=0.224s N=15 | FL:wwwSSSSSSSSSSS FR:SSSwwwwwwwwwww BL:SSSwwwwwwwwwww BR:wwwSSSSSSSSSSS
[mpc t=32.06 OK   iters=8 status=0]wall=0.203s N=15 | FL:wwwSSSSSSSSSSS FR:SSSwwwwwwwwwww BL:SSSwwwwwwwwwww BR:wwwSSSSSSSSSSS
[mpc t=32.08 OK   iters=9 status=0]wall=0.250s N=15 | FL:wwSSSSSSSSSSSS FR:SSwwwwwwwwwwww BL:SSwwwwwwwwwwww BR:wwSSSSSSSSSSSS
[mpc t=32.10 OK   iters=8 status=0]wall=0.207s N=15 | FL:wwSSSSSSSSSSSS FR:SSwwwwwwwwwwww BL:SSwwwwwwwwwwww BR:wwSSSSSSSSSSSS
[mpc t=32.12 OK   iters=9 status=0]wall=0.223s N=15 | FL:wSSSSSSSSSSSSS FR:Swwwwwwwwwwwww BL:Swwwwwwwwwwwww BR:wSSSSSSSSSSSSS
[mpc t=32.14 OK   iters=9 status=0]wall=0.237s N=15 | FL:wSSSSSSSSSSSSw FR:SwwwwwwwwwwwwS BL:SwwwwwwwwwwwwS BR:wSSSSSSSSSSSSw
[mpc t=32.16 OK   iters=9 status=0]wall=0.242s N=15 | FL:SSSSSSSSSSSSSw FR:wwwwwwwwwwwwwS BL:wwwwwwwwwwwwwS BR:SSSSSSSSSSSSSw
[mpc t=32.18 OK   iters=10 status=0]wall=0.300s N=15 | FL:SSSSSSSSSSSSww FR:wwwwwwwwwwwwSS BL:wwwwwwwwwwwwSS BR:SSSSSSSSSSSSww
[mpc t=32.20 OK   iters=10 status=0]wall=0.259s N=15 | FL:SSSSSSSSSSSSww FR:wwwwwwwwwwwwSS BL:wwwwwwwwwwwwSS BR:SSSSSSSSSSSSww
[mpc t=32.22 OK   iters=9 status=0]wall=0.225s N=15 | FL:SSSSSSSSSSSwww FR:wwwwwwwwwwwSSS BL:wwwwwwwwwwwSSS BR:SSSSSSSSSSSwww
[mpc t=32.24 OK   iters=9 status=0]wall=0.229s N=15 | FL:SSSSSSSSSSSwww FR:wwwwwwwwwwwSSS BL:wwwwwwwwwwwSSS BR:SSSSSSSSSSSwww
[mpc t=32.26 OK   iters=9 status=0]wall=0.236s N=15 | FL:SSSSSSSSSSwwww FR:wwwwwwwwwwSSSS BL:wwwwwwwwwwSSSS BR:SSSSSSSSSSwwww
[mpc t=32.28 OK   iters=8 status=0]wall=0.207s N=15 | FL:SSSSSSSSSSwwww FR:wwwwwwwwwwSSSS BL:wwwwwwwwwwSSSS BR:SSSSSSSSSSwwww
[mpc t=32.30 OK   iters=9 status=0]wall=0.226s N=15 | FL:SSSSSSSSSwwwww FR:wwwwwwwwwSSSSS BL:wwwwwwwwwSSSSS BR:SSSSSSSSSwwwww
[mpc t=32.32 OK   iters=9 status=0]wall=0.231s N=15 | FL:SSSSSSSSSwwwww FR:wwwwwwwwwSSSSS BL:wwwwwwwwwSSSSS BR:SSSSSSSSSwwwww
[mpc t=32.34 OK   iters=10 status=0]wall=0.251s N=15 | FL:SSSSSSSSwwwwww FR:wwwwwwwwSSSSSS BL:wwwwwwwwSSSSSS BR:SSSSSSSSwwwwww
[mpc t=32.36 OK   iters=8 status=0]wall=0.201s N=15 | FL:SSSSSSSSwwwwww FR:wwwwwwwwSSSSSS BL:wwwwwwwwSSSSSS BR:SSSSSSSSwwwwww
[mpc t=32.38 OK   iters=9 status=0]wall=0.227s N=15 | FL:SSSSSSSwwwwwww FR:wwwwwwwSSSSSSS BL:wwwwwwwSSSSSSS BR:SSSSSSSwwwwwww
[mpc t=32.40 OK   iters=8 status=0]wall=0.208s N=15 | FL:SSSSSSSwwwwwww FR:wwwwwwwSSSSSSS BL:wwwwwwwSSSSSSS BR:SSSSSSSwwwwwww
[mpc t=32.42 OK   iters=9 status=0]wall=0.226s N=15 | FL:SSSSSSwwwwwwww FR:wwwwwwSSSSSSSS BL:wwwwwwSSSSSSSS BR:SSSSSSwwwwwwww
[mpc t=32.44 OK   iters=8 status=0]wall=0.206s N=15 | FL:SSSSSSwwwwwwww FR:wwwwwwSSSSSSSS BL:wwwwwwSSSSSSSS BR:SSSSSSwwwwwwww
[mpc t=32.46 OK   iters=9 status=0]wall=0.225s N=15 | FL:SSSSSwwwwwwwww FR:wwwwwSSSSSSSSS BL:wwwwwSSSSSSSSS BR:SSSSSwwwwwwwww
[mpc t=32.48 OK   iters=8 status=0]wall=0.202s N=15 | FL:SSSSSwwwwwwwww FR:wwwwwSSSSSSSSS BL:wwwwwSSSSSSSSS BR:SSSSSwwwwwwwww
[mpc t=32.50 OK   iters=9 status=0]wall=0.231s N=15 | FL:SSSSwwwwwwwwww FR:wwwwSSSSSSSSSS BL:wwwwSSSSSSSSSS BR:SSSSwwwwwwwwww

=== MPC/FOSMC DEBUG ===
MPC solves so far: 1625 | time since last solve: 0.00s | last exception: None
GaitLogic state: WALK | walking=True turning=False jump_state=''
cmd['q_des'] (raw gait target, NOT what the MPC tracks anymore): [ 0.     0.594 -1.012 -0.     0.69  -1.481  0.     0.671 -1.446  0.
  0.566 -0.963]
cmd['is_stance']              : [True, False, False, True]
q_act        : [-0.017  0.648 -0.987 -0.012  0.545 -1.587  0.008  0.495 -1.543  0.003
  0.607 -0.988]
q_des (mpc)  : [-0.017  0.648 -0.987 -0.012  0.545 -1.587  0.008  0.495 -1.543  0.003
  0.607 -0.988]   <- converges to NOMINAL_STANCE [ 0.   0.6 -1.1  0.   0.6 -1.1  0.   0.6 -1.1  0.   0.6 -1.1], not cmd['q_des']
q plan end   : [-0.005  0.406 -1.306 -0.007  0.738 -1.293  0.009  0.706 -1.228 -0.029
  0.526 -1.31 ]   <- where the MPC sends the joints by node n
base v_y actual: -1.0518   base v_y commanded: -1.0000
tau0 (mpc ff): [-47.81 -18.23  26.07 -13.25  11.69  24.16  11.69  12.08  23.15  48.56
 -17.96  34.07]
pd (fosmc fb): [-0.04 -0.21  0.36 -0.    2.07  2.18 -0.03  2.05  2.18 -0.   -0.26  0.38]
applied ctrl : [-47.81 -18.23  26.07 -13.25  11.69  24.16  11.69  12.08  23.15  48.56
 -17.96  34.07]
base pos     : [  0.4828 -34.8075   2.5266]  base quat: [ 1.0e+00  4.0e-03  7.0e-04 -4.4e-03]
pitch (deg, + = nose down): 0.46 | foot y rel hip (+ = behind) FL FR BL BR: [ 0.28 -0.64 -0.7   0.18]
swing-phase floor contact (2 ms steps since last print) FL FR BL BR: [0 7 7 0]
=======================

[mpc t=32.52 OK   iters=8 status=0]wall=0.225s N=15 | FL:SSSSwwwwwwwwww FR:wwwwSSSSSSSSSS BL:wwwwSSSSSSSSSS BR:SSSSwwwwwwwwww
[mpc t=32.54 OK   iters=9 status=0]wall=0.243s N=15 | FL:SSSwwwwwwwwwww FR:wwwSSSSSSSSSSS BL:wwwSSSSSSSSSSS BR:SSSwwwwwwwwwww
[mpc t=32.56 OK   iters=8 status=0]wall=0.216s N=15 | FL:SSSwwwwwwwwwww FR:wwwSSSSSSSSSSS BL:wwwSSSSSSSSSSS BR:SSSwwwwwwwwwww
[mpc t=32.58 OK   iters=9 status=0]wall=0.233s N=15 | FL:SSwwwwwwwwwwww FR:wwSSSSSSSSSSSS BL:wwSSSSSSSSSSSS BR:SSwwwwwwwwwwww
[mpc t=32.60 OK   iters=8 status=0]wall=0.203s N=15 | FL:SSwwwwwwwwwwww FR:wwSSSSSSSSSSSS BL:wwSSSSSSSSSSSS BR:SSwwwwwwwwwwww
[mpc t=32.62 OK   iters=9 status=0]wall=0.230s N=15 | FL:Swwwwwwwwwwwww FR:wSSSSSSSSSSSSS BL:wSSSSSSSSSSSSS BR:Swwwwwwwwwwwww
[mpc t=32.64 OK   iters=9 status=0]wall=0.225s N=15 | FL:SwwwwwwwwwwwwS FR:wSSSSSSSSSSSSw BL:wSSSSSSSSSSSSw BR:SwwwwwwwwwwwwS
[mpc t=32.66 OK   iters=9 status=0]wall=0.224s N=15 | FL:wwwwwwwwwwwwwS FR:SSSSSSSSSSSSSw BL:SSSSSSSSSSSSSw BR:wwwwwwwwwwwwwS
[mpc t=32.68 OK   iters=9 status=0]wall=0.222s N=15 | FL:wwwwwwwwwwwwSS FR:SSSSSSSSSSSSww BL:SSSSSSSSSSSSww BR:wwwwwwwwwwwwSS
[mpc t=32.70 OK   iters=13 status=0]wall=0.349s N=15 | FL:wwwwwwwwwwwwSS FR:SSSSSSSSSSSSww BL:SSSSSSSSSSSSww BR:wwwwwwwwwwwwSS
[mpc t=32.72 OK   iters=11 status=0]wall=0.263s N=15 | FL:wwwwwwwwwwwSSS FR:SSSSSSSSSSSwww BL:SSSSSSSSSSSwww BR:wwwwwwwwwwwSSS
[mpc t=32.74 OK   iters=12 status=0]wall=0.298s N=15 | FL:wwwwwwwwwwwSSS FR:SSSSSSSSSSSwww BL:SSSSSSSSSSSwww BR:wwwwwwwwwwwSSS
[mpc t=32.76 OK   iters=15 status=0]wall=0.376s N=15 | FL:wwwwwwwwwwSSSS FR:SSSSSSSSSSwwww BL:SSSSSSSSSSwwww BR:wwwwwwwwwwSSSS
[mpc t=32.78 OK   iters=25 status=0]wall=0.670s N=15 | FL:wwwwwwwwwwSSSS FR:SSSSSSSSSSwwww BL:SSSSSSSSSSwwww BR:wwwwwwwwwwSSSS
[mpc t=32.80 OK   iters=14 status=0]wall=0.324s N=15 | FL:wwwwwwwwwSSSSS FR:SSSSSSSSSwwwww BL:SSSSSSSSSwwwww BR:wwwwwwwwwSSSSS
[mpc t=32.82 OK   iters=11 status=0]wall=0.266s N=15 | FL:wwwwwwwwwSSSSS FR:SSSSSSSSSwwwww BL:SSSSSSSSSwwwww BR:wwwwwwwwwSSSSS
[mpc t=32.84 OK   iters=13 status=0]wall=0.305s N=15 | FL:wwwwwwwwSSSSSS FR:SSSSSSSSwwwwww BL:SSSSSSSSwwwwww BR:wwwwwwwwSSSSSS
[mpc t=32.86 OK   iters=11 status=0]wall=0.259s N=15 | FL:wwwwwwwwSSSSSS FR:SSSSSSSSwwwwww BL:SSSSSSSSwwwwww BR:wwwwwwwwSSSSSS
[mpc t=32.88 OK   iters=17 status=0]wall=0.399s N=15 | FL:wwwwwwwSSSSSSS FR:SSSSSSSwwwwwww BL:SSSSSSSwwwwwww BR:wwwwwwwSSSSSSS
[mpc t=32.90 OK   iters=9 status=0]wall=0.234s N=15 | FL:wwwwwwwSSSSSSS FR:SSSSSSSwwwwwww BL:SSSSSSSwwwwwww BR:wwwwwwwSSSSSSS
[mpc t=32.92 OK   iters=11 status=0]wall=0.269s N=15 | FL:wwwwwwSSSSSSSS FR:SSSSSSwwwwwwww BL:SSSSSSwwwwwwww BR:wwwwwwSSSSSSSS
[mpc t=32.94 OK   iters=13 status=0]wall=0.311s N=15 | FL:wwwwwwSSSSSSSS FR:SSSSSSwwwwwwww BL:SSSSSSwwwwwwww BR:wwwwwwSSSSSSSS
[mpc t=32.96 OK   iters=13 status=0]wall=0.326s N=15 | FL:wwwwwSSSSSSSSS FR:SSSSSwwwwwwwww BL:SSSSSwwwwwwwww BR:wwwwwSSSSSSSSS
[mpc t=32.98 OK   iters=9 status=0]wall=0.237s N=15 | FL:wwwwwSSSSSSSSS FR:SSSSSwwwwwwwww BL:SSSSSwwwwwwwww BR:wwwwwSSSSSSSSS
[mpc t=33.00 OK   iters=11 status=0]wall=0.271s N=15 | FL:wwwwSSSSSSSSSS FR:SSSSwwwwwwwwww BL:SSSSwwwwwwwwww BR:wwwwSSSSSSSSSS

=== MPC/FOSMC DEBUG ===
MPC solves so far: 1650 | time since last solve: 0.00s | last exception: None
GaitLogic state: WALK | walking=True turning=False jump_state=''
cmd['q_des'] (raw gait target, NOT what the MPC tracks anymore): [ 0.     0.69  -1.481 -0.     0.594 -1.012 -0.     0.566 -0.963 -0.
  0.671 -1.446]
cmd['is_stance']              : [False, True, True, False]
q_act        : [ 0.002  0.665 -1.54   0.014  0.647 -0.978  0.     0.613 -0.924 -0.01
  0.487 -1.484]
q_des (mpc)  : [ 0.002  0.665 -1.54   0.014  0.647 -0.978  0.     0.613 -0.924 -0.01
  0.487 -1.484]   <- converges to NOMINAL_STANCE [ 0.   0.6 -1.1  0.   0.6 -1.1  0.   0.6 -1.1  0.   0.6 -1.1], not cmd['q_des']
q plan end   : [ 1.000e-02  7.740e-01 -1.127e+00 -5.000e-03  4.220e-01 -1.326e+00
  2.100e-02  4.980e-01 -1.315e+00  1.000e-03  6.820e-01 -1.153e+00]   <- where the MPC sends the joints by node n
base v_y actual: -1.1468   base v_y commanded: -1.0000
tau0 (mpc ff): [  6.16  44.84  35.92  68.41 -21.45  25.46 -51.86 -45.32  15.84 -15.22
   5.77  21.4 ]
pd (fosmc fb): [ 0.14 -2.24  2.34  0.2  -0.37  0.46 -0.07 -0.47  0.29  0.38  0.38  2.18]
applied ctrl : [  6.16  44.84  35.92  68.41 -21.45  25.46 -51.86 -45.32  15.84 -15.22
   5.77  21.4 ]
base pos     : [  0.4897 -35.3594   2.537 ]  base quat: [ 1.      0.0053  0.004  -0.0011]
pitch (deg, + = nose down): 0.60 | foot y rel hip (+ = behind) FL FR BL BR: [-0.36  0.28  0.28 -0.67]
swing-phase floor contact (2 ms steps since last print) FL FR BL BR: [1 0 0 0]
=======================

